รหัส,ที่มา,วันที่,โครงการ,ประเภท,ห้อง,ตรม.,ชั้น,เช่า,ขาย,ทำเล,สถานี,ต้นทาง,เจ้าของ,ที่โพสต์,เพจ,หมายเหตุ
PTP8234,ชีท,25/07/2026,Niche Pride Thonglor-Phetchaburi (นิช ไพรด์ ทองหล่อ - เพชรบุรี),คอนโด,1 Bed 1 Bath,31,12A,"16,500",,"ทองหล่อ, เพชรบุรีตัดใหม่, RCA, โรงพยาบาลกรุงเทพ, มศว ประสานมิตร","MRT เพชรบุรี, BTS ทองหล่อ, ARL มักกะสัน",https://www.livinginsider.com/istockdetail/DIoooI_DbgDgeb.html,,https://www.facebook.com/share/p/1ZGKV97gDQ/?mibextid=wwXIfr,https://www.facebook.com/share/p/1BWCo9MGYB/?mibextid=wwXIfr,
PTP8217,ชีท,23/07/2026,IDEO Mobi Sukhumvit 81 (ไอดีโอ โมบิ สุขุมวิท 81),คอนโด,1 Bed 1 Bath,31,16,"17,000",,"อ่อนนุช, อุดมสุข, บางจาก","BTS อ่อนนุช, BTS บางจาก",https://www.livinginsider.com/istockdetail/DIoooI_CgfeIbo.html,,https://www.facebook.com/share/p/1YEXfLVLCv/?mibextid=wwXIfr,https://www.facebook.com/share/p/1D84fFexCC/?mibextid=wwXIfr,
PTP8216,ชีท,23/07/2026,Nusasiri Grand (ณุศาศิริ แกรนด์),คอนโด,Studio  1 Bath,39,12,"18,000",,"ทองหล่อ, อโศก, สุขุมวิท, เอกมัย, พระโขนง","BTS เอกมัย, BTS พระโขนง, BTS ทองหล่อ",https://www.livinginsider.com/istockdetail/DIoooI_CeeIjfj.html,,https://www.facebook.com/share/p/1HPXdwh5im/?mibextid=wwXIfr,https://www.facebook.com/share/p/1YiEtufreY/?mibextid=wwXIfr,
PTP8215,ชีท,23/07/2026,Supalai Park Asoke - Ratchada (ศุภาลัย ปาร์ค อโศก - รัชดา),คอนโด,Studio  1 Bath,33.87,28,"12,900",,"เพชรบุรีตัดใหม่, RCA, พระราม 9, มักกะสัน","MRT พระราม 9, ARL มักกะสัน, MRT เพชรบุรี",https://www.livinginsider.com/istockdetail/DIoooI_CIIyjbj.html,,https://www.facebook.com/share/p/19N5xPxXTU/?mibextid=wwXIfr,https://www.facebook.com/share/p/1BUYifgzvH/?mibextid=wwXIfr,
PTP8214,ชีท,23/07/2026,The Link Sukhumvit 50 (เดอะ ลิงค์ สุขุมวิท 50),คอนโด,1 Bed 1 Bath,31,1-4,"12,300",,"อ่อนนุช, อุดมสุข",BTS อ่อนนุช,https://www.livinginsider.com/istockdetail/DIoooI_Dbgoegf.html,,https://www.facebook.com/share/p/1Dh9SgBR7v/?mibextid=wwXIfr,https://www.facebook.com/share/p/1EyGKCwDzb/?mibextid=wwXIfr,
PTP8213,ชีท,23/07/2026,Maestro 39 Sukhumvit 39 (มาเอสโตร 39 สุขุมวิท 39),คอนโด,1 Bed 1 Bath,30,5,"22,000",,"ทองหล่อ, อโศก, สุขุมวิท, พร้อมพงษ์",BTS พร้อมพงษ์,https://www.livinginsider.com/istockdetail/DIoooI_byyobbI.html,,https://www.facebook.com/share/p/1DDfTW4R9g/?mibextid=wwXIfr,https://www.facebook.com/share/p/1Es4PwWUq6/?mibextid=wwXIfr,
PTP8212,ชีท,23/07/2026,อาคารพาณิชย์ อุดมสุข25,พื้นที่ให้เช่า/ขาย,2 Bed 1 Bath,120,3,"10,000",,"อ่อนนุช, อุดมสุข, เจริญนคร","BTS กรุงธนบุรี, BTS เจริญนคร, BTS สายหลัก",https://www.livinginsider.com/istockdetail/DIoooI_DbgbCgC.html,,https://www.facebook.com/share/p/1HCB1DwWmu/?mibextid=wwXIfr,https://www.facebook.com/share/p/1YNWZtTHxQ/?mibextid=wwXIfr,
PTP8211,ชีท,20/07/2026,อาคารพานิชย์ ซอยนวมินทร์ 50,พื้นที่ให้เช่า/ขาย,3 Bed 2 Bath,200,4,"15,000","3,900,000","เกษตร นวมินทร์ ลาดปลาเค้า, เจริญนคร","BTS กรุงธนบุรี, BTS เจริญนคร, BTS สายหลัก",https://www.livinginsider.com/istockdetail/DIoooI_DbbIjCj.html,,https://www.facebook.com/share/p/19SBjP3kTS/,https://www.facebook.com/share/p/1KMiWfdCLU/,
PTP8210,ชีท,20/07/2026,Life Asoke (ไลฟ์ อโศก),คอนโด,2 Bed 2 Bath,55,24,"38,000",,"อโศก, เพชรบุรีตัดใหม่, RCA, มศว ประสานมิตร, พระราม 9","MRT เพชรบุรี, ARL มักกะสัน, MRT พระราม 9",https://www.livinginsider.com/istockdetail/DIoooI_yybIyf.html,,https://www.facebook.com/share/p/1cJbWx8pc1/?mibextid=wwXIfr,https://www.facebook.com/share/p/1HG6KYwiku/?mibextid=wwXIfr,
PTP8209,ชีท,20/07/2026,Knightsbridge Collage Ramkhamhaeng (ไนท์บริดจ์ คอลลาจ รามคำแหง),คอนโด,1 Bed 1 Bath,32.3,4,"15,000",,รามคำแหง,"MRT แยกลำสาลี, MRT บางกะปิ",https://www.livinginsider.com/istockdetail/DIoooI_CyIffoo.html,,https://www.facebook.com/share/p/18QKyGjQjB/?mibextid=wwXIfr,https://www.facebook.com/share/p/19XcAsvVgM/?mibextid=wwXIfr,
PTP8208,ชีท,20/07/2026,Country Complex (คันทรี คอมเพล็กซ์),คอนโด,2 Bed 1 Bath,80,16,"17,000",,"บางนา, เจริญนคร","BTS บางนา, BTS กรุงธนบุรี, BTS เจริญนคร",https://www.livinginsider.com/istockdetail/DIoooI_CojoyoI.html,,https://www.facebook.com/share/p/18tDb1cpr4/?mibextid=wwXIfr,https://www.facebook.com/share/p/17oo9NB5Kt/?mibextid=wwXIfr,
PTP8202,ชีท,19/07/2026,IDEO Mobi Sukhumvit 81 (ไอดีโอ โมบิ สุขุมวิท 81),คอนโด,Duplex 1 Bed 1 Bath,42,24-25,"23,000",,"อ่อนนุช, อุดมสุข, บางจาก","BTS อ่อนนุช, BTS บางจาก",https://www.livinginsider.com/istockdetail/DIoooI_DofyCCy.html,,https://www.facebook.com/share/p/1BXiu3WFoE/?mibextid=wwXIfr,https://www.facebook.com/share/p/1EcY38f3RC/?mibextid=wwXIfr,
PTP8201,ชีท,19/07/2026,Thru Thonglor (ทรู ทองหล่อ),คอนโด,1 Bed 1 Bath,31,31,"15,000",,"ทองหล่อ, เพชรบุรีตัดใหม่, RCA, โรงพยาบาลกรุงเทพ, มศว ประสานมิตร","BTS ทองหล่อ, MRT เพชรบุรี, ARL มักกะสัน",,,https://www.facebook.com/share/p/196nL5LxEv/?mibextid=wwXIfr,https://www.facebook.com/share/p/1DBmA7oCqP/?mibextid=wwXIfr,
PTP8200,ชีท,19/07/2026,Thru Thonglor (ทรู ทองหล่อ),คอนโด,1 Bed 1 Bath,31,12A,"13,000","2,500,000","ทองหล่อ, เพชรบุรีตัดใหม่, RCA, โรงพยาบาลกรุงเทพ, มศว ประสานมิตร","BTS ทองหล่อ, MRT เพชรบุรี, ARL มักกะสัน",,,https://www.facebook.com/share/1GyADeLL3N/?mibextid=wwXIfr,https://www.facebook.com/share/p/1BfFVfLWpT/?mibextid=wwXIfr,
PTP8199,ชีท,19/07/2026,Raintree Villa (เรนทรี วิลล่า),คอนโด,1 Bed 1 Bath,31.43,5,,"3,790,000","ทองหล่อ, อโศก, สุขุมวิท, เพลินจิต, นานา","BTS เพลินจิต, BTS นานา, BTS ราชดำริ",https://www.livinginsider.com/istockdetail/DIoooI_Doyjgbb.html,,https://www.facebook.com/share/p/1EkFzP39bR/?mibextid=wwXIfr,https://www.facebook.com/share/p/1XgyW5Jry4/?mibextid=wwXIfr,
PTP8194,ชีท,19/07/2026,THE BASE Phetchaburi - Thonglor (เดอะ เบส เพชรบุรี - ทองหล่อ),คอนโด,1 Bed 1 Bath,35,17,"17,000",,"ทองหล่อ, เพชรบุรีตัดใหม่, RCA, โรงพยาบาลกรุงเทพ, มศว ประสานมิตร","MRT เพชรบุรี, BTS ทองหล่อ, ARL มักกะสัน",https://www.livinginsider.com/istockdetail/DIoooI_CjbCgye.html,,https://www.facebook.com/share/p/1G7tVt7zh1/?mibextid=wwXIfr,https://www.facebook.com/share/p/1LPY14h2U3/?mibextid=wwXIfr,
PTP8193,ชีท,19/07/2026,Circle Living Prototype (เซอร์เคิล ลิฟวิ่ง โปรโตไทพ์),คอนโด,1 Bed 1 Bath,58,18,"25,000",,"เพชรบุรีตัดใหม่, RCA, พระราม 9, มักกะสัน","ARL มักกะสัน, MRT เพชรบุรี",https://www.livinginsider.com/istockdetail/DIoooI_DbfbCjy.html,,https://www.facebook.com/share/p/1DyD3CYeY8/?mibextid=wwXIfr,https://www.facebook.com/share/p/1HQqGLs1iF/?mibextid=wwXIfr,
PTP8191,ชีท,18/07/2026,Rhythm Asoke (ริทึ่ม อโศก),คอนโด,Studio  1 Bath,23,14,"14,000",,"เพชรบุรีตัดใหม่, RCA, พระราม 9, มักกะสัน","MRT พระราม 9, ARL มักกะสัน, MRT เพชรบุรี",https://www.livinginsider.com/istockdetail/DIoooI_CDbDoIf.html,,https://www.facebook.com/share/p/1996ofBKQU/?mibextid=wwXIfr,https://www.facebook.com/share/p/1By3ptPMnz/?mibextid=wwXIfr,
PTP8190,ชีท,18/07/2026,THE BASE Phetchaburi - Thonglor (เดอะ เบส เพชรบุรี - ทองหล่อ),คอนโด,1 Bed 1 Bath,33,7,"19,500",,"ทองหล่อ, เพชรบุรีตัดใหม่, RCA, โรงพยาบาลกรุงเทพ, มศว ประสานมิตร","MRT เพชรบุรี, BTS ทองหล่อ, ARL มักกะสัน",https://www.livinginsider.com/istockdetail/DIoooI_bgbDCfj.html,,https://www.facebook.com/share/p/1BfhSukALg/?mibextid=wwXIfr,https://www.facebook.com/share/p/1979bE3szj/?mibextid=wwXIfr,
PTP8189,ชีท,18/07/2026,The Clover Thonglor (เดอะ โคลเวอร์ ทองหล่อ),คอนโด,2 Bed 2 Bath,70,9,"35,000",,"ทองหล่อ, อโศก, สุขุมวิท",BTS ทองหล่อ,https://www.livinginsider.com/istockdetail/DIoooI_DbCjCgI.html,,https://www.facebook.com/share/p/18yUJ2ybrN/?mibextid=wwXIfr,https://www.facebook.com/share/p/1KbG4U8Sqp/?mibextid=wwXIfr,
PTP8188,ชีท,18/07/2026,The Trendy Condominium (เดอะ เทรนดี้ คอนโดมิเนียม),คอนโด,Studio  1 Bath,36,10,"16,500",,"นานา, อโศก","BTS นานา, BTS อโศก, MRT สุขุมวิท",https://www.livinginsider.com/istockdetail/DIoooI_CyboDCC.html,,https://www.facebook.com/share/p/1F5bgsMoB6/?mibextid=wwXIfr,https://www.facebook.com/share/p/1EUf797Xon/?mibextid=wwXIfr,
PTP8187,ชีท,18/07/2026,Chewathai Ratchaprarop (ชีวาทัย ราชปรารภ),คอนโด,1 Bed 1 Bath,34.43,19,"13,500",,"ราชเทวี พญาไท, เจริญนคร","BTS อนุสาวรีย์ชัยสมรภูมิ, ARL ราชปรารภ, BTS กรุงธนบุรี",https://www.livinginsider.com/istockdetail/DIoooI_DoIbDoD.html,,https://www.facebook.com/share/p/1MkjK3nv1N/?mibextid=wwXIfr,https://www.facebook.com/share/p/1Lkz3dHvvz/?mibextid=wwXIfr,
PTP8183,ชีท,18/07/2026,Thru Thonglor (ทรู ทองหล่อ),คอนโด,1 Bed 1 Bath,33,6,"15,000",,"ทองหล่อ, เพชรบุรีตัดใหม่, RCA, โรงพยาบาลกรุงเทพ, มศว ประสานมิตร","BTS ทองหล่อ, MRT เพชรบุรี, ARL มักกะสัน",,https://www.facebook.com/pongsaporn.boonsiri.2024/,https://www.facebook.com/share/p/1GuDhiTzye/?mibextid=wwXIfr,https://www.facebook.com/share/p/1E4pfYzyW6/?mibextid=wwXIfr,
PTP8131,ชีท,12/07/2026,Noble Ora (โนเบิล โอร่า),คอนโด,2 Bed 3 Bath,108,7,"55,000",,"ทองหล่อ, อโศก, สุขุมวิท",BTS ทองหล่อ,https://www.livinginsider.com/istockdetail/DIoooI_DbeyffD.html,,https://www.facebook.com/share/p/18gzoqnv4Y/?mibextid=wwXIfr,https://www.facebook.com/share/p/1CeAc1EDyP/?mibextid=wwXIfr,
PTP8130,ชีท,12/07/2026,Life Asoke (ไลฟ์ อโศก),คอนโด,1 Bed 1 Bath,30,11+,"18,000",,"อโศก, เพชรบุรีตัดใหม่, RCA, มศว ประสานมิตร, พระราม 9","MRT เพชรบุรี, ARL มักกะสัน, MRT พระราม 9",https://www.livinginsider.com/istockdetail/DIoooI_DbeeIDo.html,,https://www.facebook.com/share/p/1LJxEmPZ6v/?mibextid=wwXIfr,https://www.facebook.com/share/p/1F5U4cvxfz/?mibextid=wwXIfr,
PTP8123,ชีท,12/07/2026,Ivy Ratchada (ไอวี่ รัชดา),คอนโด,1 Bed 1 Bath,35,2,"15,000",,"รัชดา, ห้วยขวาง","MRT สุทธิสาร, MRT รัชดาภิเษก",https://www.facebook.com/groups/condoowner/permalink/930195486090725/,https://www.facebook.com/sirada.ning/,https://www.facebook.com/share/p/1HEfFkUcQY/?mibextid=wwXIfr,https://www.facebook.com/share/p/1Q3WvDENuZ/?mibextid=wwXIfr,
PTP8121,ชีท,11/07/2026,Townhome Baan Klang Muang Ratchada-Mengjai 1 (บ้านกลางเมือง รัชดา-เหม่งจ๋าย 1),บ้าน,4 Bed 5 Bath,300,3,"36,000",,"รัชดา, ห้วยขวาง, เจริญนคร","BTS กรุงธนบุรี, BTS เจริญนคร",https://www.livinginsider.com/istockdetail/DIoooI_Dbeebey.html,,https://www.facebook.com/share/p/1C82s6SmAK/?mibextid=wwXIfr,https://www.facebook.com/share/p/1YvqVHNGfb/?mibextid=wwXIfr,
PTP8120,ชีท,11/07/2026,Life Ladprao (ไลฟ์ ลาดพร้าว),คอนโด,Studio  1 Bath,29.2,20,"17,000","3,850,000",ลาดพร้าว,"BTS ห้าแยกลาดพร้าว, MRT พหลโยธิน, BTS พหลโยธิน 24",https://www.livinginsider.com/istockdetail/DIoooI_DbeDIyg.html,,https://www.facebook.com/share/p/1UuLoHgkPX/?mibextid=wwXIfr,https://www.facebook.com/share/p/1BvsJ7uWVE/?mibextid=wwXIfr,
PTP8114,ชีท,11/07/2026,The Base Rama 9 - Ramkhamhaeng (เดอะ เบส พระราม 9 - รามคำแหง),คอนโด,Studio  1 Bath,26,24,"10,000",,"เพชรบุรีตัดใหม่, RCA, พระราม 9, รามคำแหง",ARL รามคำแหง,https://www.livinginsider.com/istockdetail/DIoooI_CfgCgoD.html,,https://www.facebook.com/share/p/1BPfACjp4Q/?mibextid=wwXIfr,https://www.facebook.com/share/p/1D81MBsRZD/?mibextid=wwXIfr,
PTP8113,ชีท,11/07/2026,The Sunstone Home ทองสถิตย์วิลล่า รามอินทรา 34,บ้าน,4 Bed 4 Bath,180,2,,"9,900,000","เลียบทางด่วนรามอินทรา, เจริญนคร","BTS กรุงธนบุรี, BTS เจริญนคร",https://www.livinginsider.com/istockdetail/DIoooI_CyjDDDe.html,,https://www.facebook.com/share/p/1D3NdhyoTX/?mibextid=wwXIfr,https://www.facebook.com/share/p/1854eLfPVY/?mibextid=wwXIfr,
PTP8111,ชีท,10/07/2026,Ratchada City 18 (รัชดา ซิตี้ 18),คอนโด,1 Bed 1 Bath,44.16,5,"16,000",,"รัชดา, ห้วยขวาง","MRT ห้วยขวาง, MRT รัชดาภิเษก, MRT สุทธิสาร",https://www.facebook.com/groups/374078016708868/permalink/2239879453462039/,https://www.facebook.com/mika.070136/,https://www.facebook.com/share/p/14mAhPm8v3R/?mibextid=wwXIfr,https://www.facebook.com/share/p/1DNRjcbqB9/?mibextid=wwXIfr,
PTP8109,ชีท,10/07/2026,UNiO Sukhumvit 72 (ยูนิโอ สุขุมวิท 72),คอนโด,1 Bed 1 Bath,28,3,"11,500",,"บางนา, แบริ่ง",BTS แบริ่ง,https://www.facebook.com/groups/2934705793512328/permalink/4393327490983477/,https://www.facebook.com/kat.rutjana/,https://www.facebook.com/share/p/18wPafXmrP/?mibextid=wwXIfr,https://www.facebook.com/share/p/19H9pHayiz/?mibextid=wwXIfr,
PTP8105,ชีท,10/07/2026,Maestro 14 Siam - Ratchathewi (มาเอสโตร 14 สยาม - ราชเทวี),คอนโด,1 Bed 1 Bath,29,2,"18,000",,ราชเทวี พญาไท,"BTS ราชเทวี, BTS พญาไท, BTS สนามกีฬาแห่งชาติ",https://www.livinginsider.com/istockdetail/DIoooI_ygjjeC.html,,https://www.facebook.com/share/p/1BndLvA9on/?mibextid=wwXIfr,https://www.facebook.com/share/p/1CgqMJuYrr/?mibextid=wwXIfr,
PTP8104,ชีท,10/07/2026,U Delight @ Huai Khwang Station (ยู ดีไลท์ @ ห้วยขวาง สเตชั่น),คอนโด,2 Bed 2 Bath,65,17,"25,000",,"รัชดา, ห้วยขวาง, เจริญนคร","BTS กรุงธนบุรี, BTS เจริญนคร, MRT ห้วยขวาง",https://www.livinginsider.com/istockdetail/DIoooI_DbeCejo.html,,https://www.facebook.com/share/p/1CmBzBbrzU/?mibextid=wwXIfr,https://www.facebook.com/share/p/1HZ67BtKCx/?mibextid=wwXIfr,
PTP8093,ชีท,09/07/2026,บ้านเดี่ยว หมู่บ้าน 2521 แยก 4 ซอยสวนผัก 44,บ้าน,2 Bed 2 Bath,55ตรว,2,,"3,890,000","ปิ่นเกล้า จรัญสนิทวงศ์, เจริญนคร","BTS กรุงธนบุรี, BTS เจริญนคร",https://www.livinginsider.com/istockdetail/DIoooI_DoyeCoI.html,,https://www.facebook.com/share/p/1RmvQPDcq2/?mibextid=wwXIfr,https://www.facebook.com/share/p/1V8S2tAVRz/?mibextid=wwXIfr,
PTP8092,ชีท,09/07/2026,KnightsBridge Space Sukhumvit-Rama4  (ไนท์บริดจ์ สเปซ สุขุมวิท - พระราม 4),คอนโด,2 Bed plus 1 Bath,35,16,"32,900",,"อ่อนนุช, อุดมสุข, พระโขนง, เอกมัย, เจริญนคร","BTS พระโขนง, BTS เอกมัย, BTS กรุงธนบุรี",https://www.livinginsider.com/istockdetail/DIoooI_CyDyDDg.html,,https://www.facebook.com/share/p/1EgCqjARQ4/?mibextid=wwXIfr,https://www.facebook.com/share/p/1HbDMrt5Xt/?mibextid=wwXIfr,
PTP8091,ชีท,09/07/2026,LLOYD Soonvijai-Thonglor (ลอยด์ ศูนย์วิจัย-ทองหล่อ),คอนโด,1 Bed 1 Bath,28,8,"15,900",,"ทองหล่อ, เพชรบุรีตัดใหม่, โรงพยาบาลกรุงเทพ, มศว ประสานมิตร, RCA","MRT เพชรบุรี, ARL มักกะสัน, BTS ทองหล่อ",https://www.livinginsider.com/istockdetail/DIoooI_Cyffooy.html,,https://www.facebook.com/share/p/1HUPzfrrV1/?mibextid=wwXIfr,https://www.facebook.com/share/p/1H6tuF3JHM/?mibextid=wwXIfr,
PTP8085,ชีท,08/07/2026,Supalai Park Asoke - Ratchada (ศุภาลัย ปาร์ค อโศก - รัชดา),คอนโด,1 Bed 1 Bath,49.5,16,"15,000",,"เพชรบุรีตัดใหม่, RCA, พระราม 9, มักกะสัน","MRT พระราม 9, ARL มักกะสัน, MRT เพชรบุรี",https://www.facebook.com/groups/owneronly/permalink/1046396694414208/,https://www.facebook.com/richard.silaraks/,https://www.facebook.com/share/p/1BJ53soo3j/?mibextid=wwXIfr,https://www.facebook.com/share/p/1CmBkY7K3m/?mibextid=wwXIfr,
PTP8084,ชีท,08/07/2026,Sun Palace Condominium (ซันพาเลซ คอนโดมิเนียม),คอนโด,3 Bed  2 Bath,170,8,"55,000",,"เพชรบุรีตัดใหม่, RCA, พระราม 9",,https://www.livinginsider.com/istockdetail/DIoooI_bIeCjeg.html,,https://www.facebook.com/share/p/18wunonF47/?mibextid=wwXIfr,https://www.facebook.com/share/p/1HygqrLm5v/?mibextid=wwXIfr,
PTP8083,ชีท,08/07/2026,ตึกติดถนนลาดพร้าว 14,พื้นที่ให้เช่า/ขาย,5 Bed 4 Bath,12ตรว,5,,"12,500,000","ลาดพร้าว, เจริญนคร","BTS กรุงธนบุรี, BTS เจริญนคร",https://www.livinginsider.com/istockdetail/DIoooI_CIIjjDI.html,,https://www.facebook.com/share/p/18xcBrMA6E/?mibextid=wwXIfr,https://www.facebook.com/share/p/1DrjQ5jyFK/?mibextid=wwXIfr,
PTP8082,ชีท,08/07/2026,The Breeze Narathiwas (เดอะ บรีส นราธิวาส),คอนโด,1 Bed +1 Bath,50,17,"25,000",,"สาทร, เจริญนคร","BTS กรุงธนบุรี, BTS เจริญนคร",https://www.livinginsider.com/istockdetail/DIoooI_CjCegII.html,,https://www.facebook.com/share/p/1EqPehWKRH/?mibextid=wwXIfr,https://www.facebook.com/share/p/1CHHYUu9Kk/?mibextid=wwXIfr,
PTP8081,ชีท,08/07/2026,Lumpini Place Srinakarin - Huamak Station (ลุมพินี เพลส ศรีนครินทร์ - หัวหมาก สเตชั่น),คอนโด,1 Bed 1 Bath,27,3,"10,000",,"พัฒนาการ ศรีนครินทร์, เจริญนคร","MRT หัวหมาก ( สีเหลือง ), ARL หัวหมาก, BTS กรุงธนบุรี",https://www.livinginsider.com/istockdetail/DIoooI_CfjyfyD.html,,https://www.facebook.com/share/p/1Gta1AbyH3/?mibextid=wwXIfr,https://www.facebook.com/share/p/1CebpZEzA3/?mibextid=wwXIfr,
PTP8080,ชีท,07/07/2026,59 Heritage (59 เฮอริเทจ),คอนโด,1 Bed 1 Bath,40,11+,"20,000",,"ทองหล่อ, อโศก, สุขุมวิท, เอกมัย","BTS ทองหล่อ, BTS เอกมัย",https://www.livinginsider.com/istockdetail/DIoooI_DoCofDj.html,,https://www.facebook.com/share/p/1GCcQV3BSK/?mibextid=wwXIfr,https://www.facebook.com/share/p/18MWedCRs4/?mibextid=wwXIfr,
PTP8079,ชีท,07/07/2026,The Capital Ekamai - Thonglor (เดอะ แคปิตอล เอกมัย - ทองหล่อ),คอนโด,2 Bed 2 Bath,54,21,,"6,500,000","เอกมัย, ทองหล่อ","BTS เอกมัย, BTS ทองหล่อ",https://www.facebook.com/groups/766632061317895/permalink/1787456129235478/,https://www.facebook.com/jeab.thida.wongtho/,https://www.facebook.com/share/p/1DCcYiLTm2/?mibextid=wwXIfr,https://www.facebook.com/share/p/191cCAbUHX/?mibextid=wwXIfr,
PTP8078,ชีท,07/07/2026,Thru Thonglor (ทรู ทองหล่อ),คอนโด,1 Bed 1 Bath,37,31,"19,000",,"ทองหล่อ, เพชรบุรีตัดใหม่, RCA, โรงพยาบาลกรุงเทพ, มศว ประสานมิตร","BTS ทองหล่อ, MRT เพชรบุรี, ARL มักกะสัน",,,https://www.facebook.com/share/p/1HPPXipjwV/?mibextid=wwXIfr,https://www.facebook.com/share/p/1ESGedret2/?mibextid=wwXIfr,
PTP8077,ชีท,07/07/2026,Condolette Ize Ratchathewi (คอนโดเลต ไอซ์ ราชเทวี),คอนโด,1 Bed 1 Bath,31,20+,"18,000",,ราชเทวี พญาไท,"BTS ราชเทวี, BTS พญาไท, BTS สนามกีฬาแห่งชาติ",https://www.facebook.com/groups/condoowner/permalink/926455989798008/,https://www.facebook.com/btatthep.apimuntagul/,https://www.facebook.com/share/p/1CuQa863Lx/?mibextid=wwXIfr,https://www.facebook.com/share/p/1cTnzh8uUs/?mibextid=wwXIfr,
PTP8065,ชีท,30/06/2026,Vtara Sukhumvit 36 (วีธารา สุขุมวิท 36),คอนโด,1 Bed 1 Bath,30,,"18,000",,"ทองหล่อ, อโศก, สุขุมวิท, พร้อมพงษ์","BTS พร้อมพงษ์, BTS ทองหล่อ",https://www.livinginsider.com/istockdetail/DIoooI_DbDoDoe.html,,https://www.facebook.com/share/p/199TNYMWW4/?mibextid=wwXIfr,https://www.facebook.com/share/p/14iYdpVC7yw/?mibextid=wwXIfr,
PTP8064,ชีท,30/06/2026,Grand Residence 12 Ari (แกรนด์ เรสซิเดนท์ อารีย์),คอนโด,1 Bed 1 Bath,60,8,"15,000",,"อารีย์, เจริญนคร","BTS กรุงธนบุรี, BTS เจริญนคร",https://www.livinginsider.com/istockdetail/DIoooI_Cbfyoob.html,,https://www.facebook.com/share/p/19JQQjbsyi/?mibextid=wwXIfr,https://www.facebook.com/share/p/1Cj8dBSAqr/?mibextid=wwXIfr,
PTP8063,ชีท,30/06/2026,Niche Mono Sukhumvit 50 (นิช โมโน สุขุมวิท 50),คอนโด,Studio  1 Bath,24,,,"2,200,000","อ่อนนุช, อุดมสุข",BTS อ่อนนุช,https://www.livinginsider.com/istockdetail/DIoooI_bIjgejo.html,,https://www.facebook.com/share/p/1D1MSDnWPc/?mibextid=wwXIfr,https://www.facebook.com/share/p/1CfUkjAoW6/?mibextid=wwXIfr,
PTP8062,ชีท,30/06/2026,The Wellington Condominium (เดอะ เวลลิงตัน คอนโด),คอนโด,2 Bed 2 Bath,76.75,7,"19,000",,"รามคำแหง, เจริญนคร","MRT ศรีกรีฑา, ARL หัวหมาก, BTS กรุงธนบุรี",https://www.livinginsider.com/istockdetail/DIoooI_DbDeogC.html,,https://www.facebook.com/share/p/1G7xWrpVAB/?mibextid=wwXIfr,https://www.facebook.com/share/p/1YLym5zRNf/?mibextid=wwXIfr,
PTP8061,ชีท,30/06/2026,Artemis Sukhumvit 77 (อาร์ทีมิส สุขุมวิท 77),คอนโด,2 Bed 2 Bath,55,10,"25,000",,"อ่อนนุช, อุดมสุข",BTS อ่อนนุช,https://www.livinginsider.com/istockdetail/DIoooI_byjCCfI.html,,https://www.facebook.com/share/p/1EckC3oYdF/?mibextid=wwXIfr,https://www.facebook.com/share/p/19CNDyChYk/?mibextid=wwXIfr,
PTP8060,ชีท,30/06/2026,Ivy Ampio (ไอวี่ แอมพิโอ),คอนโด,1 Bed 1 Bath,35,11,"20,000",,"รัชดา, ห้วยขวาง, พระราม 9","MRT ศูนย์วัฒนธรรมแห่งประเทศไทย, MRT พระราม 9",https://www.livinginsider.com/istockdetail/DIoooI_DbDbeye.html,,https://www.facebook.com/share/p/1Hh85JgEte/?mibextid=wwXIfr,https://www.facebook.com/share/p/18tg8qbkKW/?mibextid=wwXIfr,
PTP8059,ชีท,30/06/2026,Royal Castle Sukhumvit 39 (รอยัล คาสเซอร์ สุขุมวิท 39),คอนโด,3 Bed  2 Bath,139,12,"65,000",,"ทองหล่อ, อโศก, สุขุมวิท, พร้อมพงษ์","BTS พร้อมพงษ์, MRT สุขุมวิท, BTS อโศก",https://www.livinginsider.com/istockdetail/DIoooI_CybjgDC.html,,https://www.facebook.com/share/p/1EpEJo5k2s/?mibextid=wwXIfr,https://www.facebook.com/share/p/1BPvtQSmjD/?mibextid=wwXIfr,
PTP8058,ชีท,29/06/2026,THE BASE Phetchaburi - Thonglor (เดอะ เบส เพชรบุรี - ทองหล่อ),คอนโด,1 Bed 1 Bath,33,17,"15,500",,"ทองหล่อ, เพชรบุรีตัดใหม่, RCA, โรงพยาบาลกรุงเทพ, มศว ประสานมิตร","MRT เพชรบุรี, BTS ทองหล่อ, ARL มักกะสัน",https://www.livinginsider.com/istockdetail/DIoooI_CjbCgye.html,,https://www.facebook.com/share/p/1EhLvnn1Cx/?mibextid=wwXIfr,https://www.facebook.com/share/p/17zPFzHLRB/?mibextid=wwXIfr,
PTP8057,ชีท,29/06/2026,Noble Remix (โนเบิล รีมิกซ์),คอนโด,1 Bed 1 Bath,38,16,"23,000",,"ทองหล่อ, อโศก, สุขุมวิท, เอกมัย, พร้อมพงษ์","BTS ทองหล่อ, BTS เอกมัย, BTS พร้อมพงษ์",https://www.livinginsider.com/istockdetail/DIoooI_DbDeyyC.html,,https://www.facebook.com/share/p/1RPQLgG2KP/?mibextid=wwXIfr,https://www.facebook.com/share/p/1E7Bwqq9WR/?mibextid=wwXIfr,
PTP8056,ชีท,29/06/2026,Noble Remix (โนเบิล รีมิกซ์),คอนโด,1 Bed 1 Bath,43,17,"28,000",,"ทองหล่อ, อโศก, สุขุมวิท, เอกมัย, พร้อมพงษ์","BTS ทองหล่อ, BTS เอกมัย, BTS พร้อมพงษ์",https://www.livinginsider.com/istockdetail/DIoooI_DbDeyIC.html,,https://www.facebook.com/share/p/1DHBx37qyy/?mibextid=wwXIfr,https://www.facebook.com/share/p/18xAPPq8km/?mibextid=wwXIfr,
PTP8046,ชีท,28/06/2026,The Green 3 @ Sukhumvit 101 (เดอะ กรีน 3 แอท สุขุมวิท 101),คอนโด,1 Bed 1 Bath,30.69,5,"12,500",,"อ่อนนุช, อุดมสุข, ปุณณวิถี, บางจาก, เจริญนคร","BTS ปุณณวิถี, BTS บางจาก, BTS กรุงธนบุรี",https://www.livinginsider.com/istockdetail/DIoooI_DbCIbef.html,,https://www.facebook.com/share/p/1JkJMqdAhR/?mibextid=wwXIfr,https://www.facebook.com/share/p/183sWEW5cp/?mibextid=wwXIfr,
PTP8041,ชีท,28/06/2026,Rhythm Ratchada - Huai Khwang (ริทึ่ม รัชดา - ห้วยขวาง),คอนโด,1 Bed 1 Bath,45,11,"21,000",,"รัชดา, ห้วยขวาง","MRT ห้วยขวาง, MRT รัชดาภิเษก, MRT สุทธิสาร",https://www.facebook.com/groups/1286913692068792/permalink/2362392124520938/,https://www.facebook.com/kay.yana.th.lek.xa.phanth/,https://www.facebook.com/share/p/1c1HRRUBEd/?mibextid=wwXIfr,https://www.facebook.com/share/p/1D2t9dQKSe/?mibextid=wwXIfr,
PTP8034,ชีท,27/06/2026,PARK ORIGIN PHAYATHAI (พาร์ค ออริจิ้น พญาไท),คอนโด,1 Bed 1 Bath,25,,"21,000","5,790,000",ราชเทวี พญาไท,"BTS พญาไท, BTS อนุสาวรีย์ชัยสมรภูมิ, BTS ราชเทวี",https://www.livinginsider.com/istockdetail/DIoooI_DbCfIgC.html,,https://www.facebook.com/share/p/1Dsev5tpkr/?mibextid=wwXIfr,https://www.facebook.com/share/p/18qX4emGTd/?mibextid=wwXIfr,
PTP8033,ชีท,27/06/2026,FYNN Asoke (ฟินน์ อโศก),คอนโด,1 Bed 1 Bath,35,5,"30,000",,"ทองหล่อ, อโศก, สุขุมวิท, นานา","BTS อโศก, BTS นานา, MRT สุขุมวิท",https://www.livinginsider.com/istockdetail/DIoooI_DbCfjfy.html,,https://www.facebook.com/share/p/1EdRPmzL8K/?mibextid=wwXIfr,https://www.facebook.com/share/p/1BU5D9JWgK/?mibextid=wwXIfr,
PTP8031,ชีท,27/06/2026,Savvi Phahol - Ari (แซฟวี่ พหล - อารีย์),คอนโด,1 Bed 1 Bath,30,1-4,"16,000","3,900,000","ราชเทวี พญาไท, อารีย์, เจริญนคร","BTS อารีย์, BTS สนามเป้า, BTS กรุงธนบุรี",https://www.livinginsider.com/istockdetail/DIoooI_DoeeCDe.html,,https://www.facebook.com/share/p/14j3p5cJYm9/?mibextid=wwXIfr,https://www.facebook.com/share/p/18nk7JEfa9/?mibextid=wwXIfr,
PTP8030,ชีท,27/06/2026,The Tree Sukhumvit 71 - Ekamai (เดอะ ทรี สุขุมวิท 71 - เอกมัย),คอนโด,1 Bed 1 Bath,31,22,"15,000",,"เพชรบุรีตัดใหม่, RCA, พระราม 9, รามคำแหง",ARL รามคำแหง,https://www.livinginsider.com/istockdetail/DIoooI_bDfeDjD.html,,https://www.facebook.com/share/p/1EHtZUFfbV/?mibextid=wwXIfr,https://www.facebook.com/share/p/1QdyXZTSm9/?mibextid=wwXIfr,
PTP8018,ชีท,25/06/2026,XT EKKAMAI (เอ็กซ์ที เอกมัย),คอนโด,1 Bed 1 Bath,30,13,"19,000","4,700,000","ทองหล่อ, อโศก, สุขุมวิท, เอกมัย",BTS เอกมัย,https://www.livinginsider.com/istockdetail/DIoooI_DbbeCjb.html,,https://www.facebook.com/share/p/1agWBQdSSh/?mibextid=wwXIfr,https://www.facebook.com/share/p/1EV6ARv4mV/?mibextid=wwXIfr,
PTP8017,ชีท,25/06/2026,Supalai Veranda Ramkhamhaeng (ศุภาลัย เวอเรนด้า รามคำแหง ),คอนโด,1 Bed 1 Bath,30,11,"11,500",,"รามคำแหง, เจริญนคร","BTS กรุงธนบุรี, BTS เจริญนคร",https://www.livinginsider.com/istockdetail/DIoooI_beICgog.html,,https://www.facebook.com/share/p/18xvsXgzjh/?mibextid=wwXIfr,https://www.facebook.com/share/p/1G3JFJizbD/?mibextid=wwXIfr,
PTP8016,ชีท,25/06/2026,IVORY Ratchada - Ladprao (ไอเวอรี่ รัชดา - ลาดพร้าว),คอนโด,2 Bed 1 Bath,35,7,"16,000",,"รัชดา, ห้วยขวาง, ลาดพร้าว",MRT ลาดพร้าว,https://www.livinginsider.com/istockdetail/DIoooI_CefCbjC.html,,https://www.facebook.com/share/p/196o7FzKRB/?mibextid=wwXIfr,https://www.facebook.com/share/p/14h7W2UgBRP/?mibextid=wwXIfr,
PTP8015,ชีท,25/06/2026,Golden Town 2 Srinakarin - Sukhumvit (โกลเด้น ทาวน์ 2 ศรีนครินทร์ - สุขุมวิท),บ้าน,4 Bed 3 Bath,120,2,,"2,690,000","พัฒนาการ ศรีนครินทร์, เจริญนคร","BTS กรุงธนบุรี, BTS เจริญนคร",https://www.livinginsider.com/istockdetail/DIoooI_DbCeIby.html,,https://www.facebook.com/share/p/1BmAXg25Cd/?mibextid=wwXIfr,https://www.facebook.com/share/p/1BPKviWbJX/?mibextid=wwXIfr,
PTP8014,ชีท,25/06/2026,อาคารพาณิชย์ นนทบุรี,บ้าน,5 Bath+,500,4,,"22,500,000","พระราม 5 ราชพฤกษ์ บางกรวย, เจริญนคร","BTS กรุงธนบุรี, BTS เจริญนคร",https://www.livinginsider.com/istockdetail/DIoooI_DbCDejD.html,,https://www.facebook.com/share/p/1DHqDmUPhS/?mibextid=wwXIfr,https://www.facebook.com/share/p/19PpEvm8Za/?mibextid=wwXIfr,
PTP8009,ชีท,25/06/2026,Town House สุขุมวิท 101/1,บ้าน,3 Bed 3 Bath,180,2,"18,000",,"อ่อนนุช, อุดมสุข, เจริญนคร","BTS กรุงธนบุรี, BTS เจริญนคร",https://www.livinginsider.com/istockdetail/DIoooI_DbCejDo.html,,https://www.facebook.com/share/p/1BN9smCiKZ/?mibextid=wwXIfr,https://www.facebook.com/share/p/1Biz6TANLo/?mibextid=wwXIfr,
PTP7999,ชีท,24/06/2026,MARU EKKAMAI 2 (มารุ เอกมัย 2),คอนโด,1 Bed 1 Bath,30,,"26,000",,"ทองหล่อ, อโศก, สุขุมวิท, เอกมัย","BTS เอกมัย, BTS ทองหล่อ",https://www.facebook.com/groups/3367900096798184/permalink/4445423439045839/?sale_post_id=4445423439045839,https://www.facebook.com/paak.chamadol.737/,https://www.facebook.com/share/p/183zXe1j6o/?mibextid=wwXIfr,https://www.facebook.com/share/p/14gQUdUE6hF/?mibextid=wwXIfr,
PTP7997,ชีท,23/06/2026,The Tree Pattanakarn - Ekkamai (เดอะ ทรี พัฒนาการ - เอกมัย),คอนโด,Studio  1 Bath,27,20,"13,000",,"เพชรบุรีตัดใหม่, RCA, พระราม 9, รามคำแหง",ARL รามคำแหง,https://www.livinginsider.com/istockdetail/DIoooI_DbCegCf.html,,https://www.facebook.com/share/p/1DQo3VaxrN/?mibextid=wwXIfr,https://www.facebook.com/share/p/1HWiQ5HdWd/?mibextid=wwXIfr,
PTP7996,ชีท,23/06/2026,Origin Play Sri Udom Station (ออริจิ้น เพลย์ ศรีอุดม สเตชั่น),คอนโด,1 Bed 1 Bath,25,1-4,"18,000","2,590,000","อ่อนนุช, อุดมสุข, เจริญนคร","BTS กรุงธนบุรี, BTS เจริญนคร",https://www.livinginsider.com/istockdetail/DIoooI_DbCCgby.html,,https://www.facebook.com/share/p/14eT5k9Vmxr/?mibextid=wwXIfr,https://www.facebook.com/share/p/1Bh6c9R64y/?mibextid=wwXIfr,
PTP7989,ชีท,23/06/2026,The Base Sukhumvit 50 (เดอะ เบส สุขุมวิท 50),คอนโด,Studio  1 Bath,26,7,"13,000",,"อ่อนนุช, อุดมสุข",BTS อ่อนนุช,https://www.livinginsider.com/istockdetail/DIoooI_bybgbee.html,,https://www.facebook.com/share/p/18sF5ZoLdB/?mibextid=wwXIfr,https://www.facebook.com/share/p/1N35Li2yyL/?mibextid=wwXIfr,
PTP7980,ชีท,22/06/2026,ทาวเฮ้าส์ พิบูลย์ ลาดพร้าว 101,บ้าน,3 Bed 2 Bath,19ตรว,2,"11,000",,"ลาดพร้าว, เจริญนคร","BTS กรุงธนบุรี, BTS เจริญนคร",https://www.livinginsider.com/istockdetail/DIoooI_DbbygyC.html,,https://www.facebook.com/share/p/1HH8SxWmet/?mibextid=wwXIfr,https://www.facebook.com/share/p/19UGMj8Vcx/?mibextid=wwXIfr,
PTP7979,ชีท,22/06/2026,U Delight @ Huamak Station (ยู ดีไลท์ แอท หัวหมาก สเตชั่น),คอนโด,1 Bed 1 Bath,31,20,"10,500",,รามคำแหง,"MRT ศรีกรีฑา, ARL หัวหมาก",https://www.livinginsider.com/istockdetail/DIoooI_DbbIobj.html,,https://www.facebook.com/share/p/1Gas6Qi4xn/?mibextid=wwXIfr,https://www.facebook.com/share/p/16bCtTwUVw/?mibextid=wwXIfr,
PTP7978,ชีท,22/06/2026,Noble Revolve Ratchada (โนเบิล รีวอลฟ์ รัชดา),คอนโด,1 Bed 1 Bath,24,28,"15,500",,"รัชดา, ห้วยขวาง, พระราม 9","MRT ศูนย์วัฒนธรรมแห่งประเทศไทย, MRT พระราม 9",https://www.livinginsider.com/istockdetail/DIoooI_DbbIfog.html,,https://www.facebook.com/share/p/1D7n7QhkQG/?mibextid=wwXIfr,https://www.facebook.com/share/p/1JaiRXdFkb/?mibextid=wwXIfr,
PTP7965,ชีท,20/06/2026,Thru Thonglor (ทรู ทองหล่อ),คอนโด,1 Bed 1 Bath,37,12A,"15,000",,"ทองหล่อ, เพชรบุรีตัดใหม่, RCA, โรงพยาบาลกรุงเทพ, มศว ประสานมิตร","BTS ทองหล่อ, MRT เพชรบุรี, ARL มักกะสัน",,,https://www.facebook.com/share/p/1BTxxjFiA9/,https://www.facebook.com/share/p/1DMExrnVvC/?mibextid=wwXIfr,
PTP7959,ชีท,20/06/2026,Le Rich Ratchada - Sutthisarn (เลอริช รัชดา - สุทธิสาร),คอนโด,2 Bed 1 Bath,46,5,"14,000",,"รัชดา, ห้วยขวาง",MRT สุทธิสาร,https://www.livinginsider.com/istockdetail/DIoooI_Cefffoe.html,https://www.facebook.com/bean.tanapat/,https://www.facebook.com/share/p/1BHtsmxSUq/?mibextid=wwXIfr,https://www.facebook.com/share/p/195Z6oS2Nf/?mibextid=wwXIfr,
PTP7958,ชีท,20/06/2026,Baan Pathumwan (บ้านปทุมวัน),คอนโด,1 Bed 1 Bath,45.96,12,"19,000",,ราชเทวี พญาไท,"BTS พญาไท, BTS ราชเทวี, BTS สนามกีฬาแห่งชาติ",https://www.facebook.com/groups/456957028207473/permalink/2206500706586421,https://www.facebook.com/mayu.saionji/,https://www.facebook.com/share/p/18oWFhkyv9/?mibextid=wwXIfr,https://www.facebook.com/share/p/18KRymGv39/?mibextid=wwXIfr,
PTP7955,ชีท,19/06/2026,Morning Side Heights Ratchada 30 (มอร์นิ่งไซด์ ไฮท์ รัชดา 30),คอนโด,1 Bed 1 Bath,49,7,"17,000",,"รัชดา, ห้วยขวาง, ลาดพร้าว",MRT ลาดพร้าว,https://www.livinginsider.com/istockdetail/DIoooI_DbbfjgC.html,,https://www.facebook.com/share/p/1E7MgmqUfd/?mibextid=wwXIfr,https://www.facebook.com/share/p/1HEKDpJT4m/?mibextid=wwXIfr,
PTP7953,ชีท,19/06/2026,Sammakorn Ramkamhang 112 (สัมมากร รามคำแหง 112),บ้าน,3 Bed 3 Bath,150,3,,"3,290,000","เสรีไทย-นิด้า, เจริญนคร","BTS กรุงธนบุรี, BTS เจริญนคร",https://www.livinginsider.com/istockdetail/DIoooI_DbbggDD.html,,https://www.facebook.com/share/p/192U6xFpqq/?mibextid=wwXIfr,https://www.facebook.com/share/p/1E7rUDpThU/?mibextid=wwXIfr,
PTP7949,ชีท,19/06/2026,The Tree Pattanakarn - Ekkamai (เดอะ ทรี พัฒนาการ - เอกมัย),คอนโด,1 Bed 1 Bath,32,24,"16,000",,"เพชรบุรีตัดใหม่, RCA, พระราม 9, รามคำแหง",ARL รามคำแหง,https://www.livinginsider.com/istockdetail/DIoooI_DbbgoIb.html,,https://www.facebook.com/share/p/1Pjr4zZ4uh/?mibextid=wwXIfr,https://www.facebook.com/share/p/1aM935VKQP/?mibextid=wwXIfr,
PTP7948,ชีท,19/06/2026,BaanSuan Sukhumvit (บ้านสวนสุขุมวิท),คอนโด,2 Bed 1 Bath,61,3,"15,000",,"อ่อนนุช, อุดมสุข, เจริญนคร","BTS กรุงธนบุรี, BTS เจริญนคร",https://www.livinginsider.com/istockdetail/DIoooI_DoIyogy.html,https://www.facebook.com/minmint.sinyodyeam/,https://www.facebook.com/share/p/1EC7ZYffCM/?mibextid=wwXIfr,https://www.facebook.com/share/p/18s64UKUJa/?mibextid=wwXIfr,
PTP7942,ชีท,27/05/2026,The Capital Ekamai - Thonglor (เดอะ แคปิตอล เอกมัย - ทองหล่อ),คอนโด,1 Bed 1 Bath,36,14,"18,000",,"เอกมัย, ทองหล่อ","BTS เอกมัย, BTS ทองหล่อ",https://www.facebook.com/groups/456957028207473/permalink/2202838323619326,https://www.facebook.com/chai.kiat.3/,https://www.facebook.com/share/p/1GR6sRmBKa/?mibextid=wwXIfr,https://www.facebook.com/share/p/1HNpYfKEkL/?mibextid=wwXIfr,
PTP7940,ชีท,26/05/2026,IDEO Mobi Sukhumvit 81 (ไอดีโอ โมบิ สุขุมวิท 81),คอนโด,Duplex 1 Bed 1 Bath,42,24-25,"23,000","5,490,000","อ่อนนุช, อุดมสุข, บางจาก","BTS อ่อนนุช, BTS บางจาก",https://www.livinginsider.com/istockdetail/DIoooI_DofyCCy.html,,https://www.facebook.com/share/p/197BiSZR2k/?mibextid=wwXIfr,https://www.facebook.com/share/p/19BULoYYSd/?mibextid=wwXIfr,
PTP7939,ชีท,26/05/2026,IDEO Mobi Sukhumvit 81 (ไอดีโอ โมบิ สุขุมวิท 81),คอนโด,Duplex 1 Bed 1 Bath,44.9,4-5,"28,000","5,900,000","อ่อนนุช, อุดมสุข, บางจาก","BTS อ่อนนุช, BTS บางจาก",https://www.livinginsider.com/istockdetail/DIoooI_DojoboI.html,,https://www.facebook.com/share/p/1GaiefG1L7/?mibextid=wwXIfr,https://www.facebook.com/share/p/1BQDDCupLS/?mibextid=wwXIfr,
PTP7938,ชีท,26/05/2026,Regent Home Sukhumvit 81 (รีเจ้นท์ โฮม สุขุมวิท 81),คอนโด,1 Bed 1 Bath,28,5,"13,000",,"อ่อนนุช, อุดมสุข",BTS อ่อนนุช,https://www.livinginsider.com/istockdetail/DIoooI_CbCyCeI.html,,https://www.facebook.com/share/p/1GXPjXbMAo/?mibextid=wwXIfr,https://www.facebook.com/share/p/14hkuobJ9JE/?mibextid=wwXIfr,
PTP7937,ชีท,26/05/2026,SOCIO Reference 61 (โซซิโอ เรฟเฟอเรนซ์ 61),คอนโด,1 Bed 1 Bath,28,6,"15,000","3,400,000","ทองหล่อ, อโศก, สุขุมวิท, เอกมัย","BTS ทองหล่อ, BTS เอกมัย",https://www.livinginsider.com/istockdetail/DIoooI_Dbojejf.html,,https://www.facebook.com/share/p/195c4494ZT/?mibextid=wwXIfr,https://www.facebook.com/share/p/17b5Pkm3Wo/?mibextid=wwXIfr,
PTP7936,ชีท,26/05/2026,Life Asoke Hype (ไลฟ์ อโศก ไฮป์),คอนโด,Studio  1 Bath,26,23,"17,000",,"อโศก, เพชรบุรีตัดใหม่, RCA, มศว ประสานมิตร, พระราม 9","ARL มักกะสัน, MRT พระราม 9, MRT เพชรบุรี",https://www.livinginsider.com/istockdetail/DIoooI_DbojyIy.html,,https://www.facebook.com/share/p/1ZbLoRKL3m/?mibextid=wwXIfr,https://www.facebook.com/share/p/18qe1etAHx/?mibextid=wwXIfr,
PTP7935,ชีท,26/05/2026,Oak House Sukhumvit 101/1 (โอ๊ค เฮ้าส์ สุขุมวิท 101/1),บ้าน,3 Bed 3 Bath,151,3,"45,000",,"ทองหล่อ, อโศก, สุขุมวิท, แบริ่ง",BTS แบริ่ง,https://www.livinginsider.com/istockdetail/DIoooI_Dbbofjy.html,,https://www.facebook.com/share/p/171iAMXEmQ/?mibextid=wwXIfr,https://www.facebook.com/share/p/18mkFMnzw3/?mibextid=wwXIfr,
PTP7934,ชีท,26/05/2026,Nue Noble Ratchada - Lat Phrao (นิว โนเบิล รัชดา - ลาดพร้าว),คอนโด,1 Bed 1 Bath,26,23,"15,500",,"ลาดพร้าว, รัชดา","MRT รัชดาภิเษก, MRT ลาดพร้าว, MRT ภาวนา",https://www.livinginsider.com/istockdetail/DIoooI_Dboffjg.html,,https://www.facebook.com/share/p/1GwKAiRH7g/?mibextid=wwXIfr,https://www.facebook.com/share/p/1DFdhDYK19/?mibextid=wwXIfr,
PTP7919,ชีท,24/05/2026,Siamese Rama 9 (ไซมิส พระราม 9),คอนโด,Duplex 3 Bed 3 Bath,70,18,"65,000",,"เพชรบุรีตัดใหม่, RCA, พระราม 9, มักกะสัน","MRT พระราม 9, ARL มักกะสัน",https://www.livinginsider.com/istockdetail/DIoooI_CgoDbgg.html,,https://www.facebook.com/share/p/1CVBRksKSo/?mibextid=wwXIfr,https://www.facebook.com/share/p/1D24diwzqQ/?mibextid=wwXIfr,
PTP7918,ชีท,24/05/2026,PYNN Pridi 20 (พินน์ ปรีดี 20),คอนโด,2 Bed plus 2 Bath,58.42,5-10,"37,000",,"อ่อนนุช, อุดมสุข, เจริญนคร","BTS กรุงธนบุรี, BTS เจริญนคร",https://www.livinginsider.com/istockdetail/DIoooI_Dboeggg.html,,https://www.facebook.com/share/p/1EXPJJBpVQ/?mibextid=wwXIfr,https://www.facebook.com/share/p/18nX76jBC9/?mibextid=wwXIfr,
PTP7917,ชีท,24/05/2026,The Base Sukhumvit 77 (เดอะ เบส สุขุมวิท 77),คอนโด,1 Bed 1 Bath,30,28,"14,000",,"อ่อนนุช, อุดมสุข",BTS อ่อนนุช,https://www.livinginsider.com/istockdetail/DIoooI_Dboyjof.html,,https://www.facebook.com/share/p/182R9oKRGN/?mibextid=wwXIfr,https://www.facebook.com/share/p/1PGLYaXJVz/?mibextid=wwXIfr,
PTP7916,ชีท,24/05/2026,Rhythm Asoke 1 (ริธึ่ม อโศก 1),คอนโด,Studio 1 Bath,22,36,"13,500",,"เพชรบุรีตัดใหม่, RCA, พระราม 9, มักกะสัน","MRT พระราม 9, ARL มักกะสัน, MRT เพชรบุรี",https://www.livinginsider.com/istockdetail/DIoooI_CgDfgee.html,,https://www.facebook.com/share/p/1HixZNnbjG/?mibextid=wwXIfr,https://www.facebook.com/share/p/1DzHAQ1FQQ/?mibextid=wwXIfr,
PTP7915,ชีท,24/05/2026,Townhouse 4 stories Sukhumvit 101/1,บ้าน,3 Bed 3 Bath,220,4,"40,000",,"แบริ่ง, สุขุมวิท",BTS แบริ่ง,https://www.facebook.com/groups/456957028207473/permalink/2197178250852000,https://www.facebook.com/atipitak.kasemweerasophon/,https://www.facebook.com/share/p/18wBgfVjEW/?mibextid=wwXIfr,https://www.facebook.com/share/p/1BT3uvSoxk/?mibextid=wwXIfr,
PTP7909,ชีท,23/05/2026,Raintree Villa (เรนทรี วิลล่า),คอนโด,"1 Bed plus
 2 Bath",66,5+,"35,000",,"ทองหล่อ, อโศก, สุขุมวิท, เพลินจิต, นานา","BTS เพลินจิต, BTS นานา, BTS ราชดำริ",https://www.livinginsider.com/istockdetail/DIoooI_DojooIe.html,,https://www.facebook.com/share/p/193jDDcfGn/?mibextid=wwXIfr,https://www.facebook.com/share/p/18bffceP1f/?mibextid=wwXIfr,
PTP7908,ชีท,23/05/2026,ITF Silom Palace (ไอทีเอฟ สีลม พาเลส),คอนโด,1 Bed 1 Bath,46,11+,"14,000",,"สาทร, สีลม","BTS ช่องนนทรี, BTS ศาลาแดง, MRT สามย่าน",https://www.livinginsider.com/istockdetail/DIoooI_DboebCj.html,,https://www.facebook.com/share/p/18nB1fK5yn/?mibextid=wwXIfr,https://www.facebook.com/share/p/1GmLDYwgEK/?mibextid=wwXIfr,
PTP7897,ชีท,22/05/2026,บ้านเดี่ยวพัฒนาการ 87 / ประเวศ,บ้าน,4 Bed 3 Bath,181,2,"83,000",,"พัฒนาการ ศรีนครินทร์, เจริญนคร","BTS กรุงธนบุรี, BTS เจริญนคร",https://www.livinginsider.com/istockdetail/DIoooI_DbobCbj.html,,https://www.facebook.com/share/p/1DMguzitgD/?mibextid=wwXIfr,https://www.facebook.com/share/p/18eHEtrm4W/?mibextid=wwXIfr,
PTP7896,ชีท,22/05/2026,Noble Reform (โนเบิล รีฟอร์ม),คอนโด,1 Bed 1 Bath,45,15,"25,000",,"อารีย์, เจริญนคร","BTS อารีย์, BTS สนามเป้า, BTS กรุงธนบุรี",https://www.livinginsider.com/istockdetail/DIoooI_DbobfDe.html,,https://www.facebook.com/share/p/1BVAHTaiRh/?mibextid=wwXIfr,https://www.facebook.com/share/p/1BBTEbZBia/?mibextid=wwXIfr,
PTP7895,ชีท,22/05/2026,บ้านเดี่ยว สาทร,บ้าน,5 Bed 6 Bath,800,2,"189,000",,"สาทร, เจริญนคร","BTS กรุงธนบุรี, BTS เจริญนคร",https://www.livinginsider.com/istockdetail/DIoooI_bfoCoob.html,,https://www.facebook.com/share/p/1bt24v9r4s/?mibextid=wwXIfr,https://www.facebook.com/share/p/1LexE1h6Z9/?mibextid=wwXIfr,
PTP7894,ชีท,22/05/2026,Life One Wireless (ไลฟ์ วัน ไวร์เลส),คอนโด,1 Bed 1 Bath,28,11,"20,000",,"วิทยุ, ชิดลม, หลังสวน, เพลินจิต","BTS เพลินจิต, BTS ชิดลม, ARL ราชปรารภ",https://www.livinginsider.com/istockdetail/DIoooI_beoIejf.html,,https://www.facebook.com/share/p/1H2Ebgt8vr/?mibextid=wwXIfr,https://www.facebook.com/share/p/18ptNtNd5s/?mibextid=wwXIfr,
PTP7885,ชีท,21/05/2026,NIA by Sansiri (เนีย บาย แสนสิริ),คอนโด,1 Bed 1 Bath,29,10,"17,000",,"อ่อนนุช, อุดมสุข, พระโขนง, เจริญนคร","BTS พระโขนง, BTS กรุงธนบุรี, BTS เจริญนคร",https://www.facebook.com/groups/393949434389113/permalink/2489266104857425/,https://www.facebook.com/jane.nattanicha.2025/,https://www.facebook.com/share/p/1CjbAaiQtq/?mibextid=wwXIfr,https://www.facebook.com/share/p/18pSxxSqKT/?mibextid=wwXIfr,
PTP7874,ชีท,20/05/2026,Saranjai Mansion Sukhumvit 6 (สราญใจ แมนชั่น สุขุมวิท 6),คอนโด,2 Bed 1 Bath,80,23,"26,000",,"ทองหล่อ, อโศก, สุขุมวิท, นานา, เพลินจิต","BTS นานา, BTS เพลินจิต, BTS อโศก",https://www.livinginsider.com/istockdetail/DIoooI_Dbooffo.html,,https://www.facebook.com/share/p/1JJvxRLguv/?mibextid=wwXIfr,https://www.facebook.com/share/p/1SXdDKoNdA/?mibextid=wwXIfr,
PTP7873,ชีท,20/05/2026,Chambers On Nut Station (แชมเบอร์ส อ่อนนุช สเตชั่น),คอนโด,1 Bed 1 Bath,28,4,"16,000",,"อ่อนนุช, อุดมสุข, บางจาก, เจริญนคร","BTS อ่อนนุช, BTS บางจาก, BTS กรุงธนบุรี",https://www.livinginsider.com/istockdetail/DIoooI_bCfjgCf.html,,https://www.facebook.com/share/p/1EDUHEEMnS/?mibextid=wwXIfr,https://www.facebook.com/share/p/1CpsdJs3BG/?mibextid=wwXIfr,
PTP7869,ชีท,19/05/2026,Niche Pride Thonglor-Phetchaburi (นิช ไพรด์ ทองหล่อ - เพชรบุรี),คอนโด,1 Bed 1 Bath,35,11,"20,000","3,390,000","ทองหล่อ, เพชรบุรีตัดใหม่, RCA, โรงพยาบาลกรุงเทพ, มศว ประสานมิตร","MRT เพชรบุรี, BTS ทองหล่อ, ARL มักกะสัน",https://www.facebook.com/groups/458098031664389/permalink/2326559944818179/?sale_post_id=2326559944818179,https://www.facebook.com/potjamanv/,https://www.facebook.com/share/p/1L7gMnXqZK/?mibextid=wwXIfr,https://www.facebook.com/share/p/17kz17vE94/?mibextid=wwXIfr,
PTP7865,ชีท,19/05/2026,Chapter Thonglor 25 (แชปเตอร์ ทองหล่อ 25),คอนโด,1 Bed 1 Bath,35,4,"23,000",,"ทองหล่อ, อโศก, สุขุมวิท, เอกมัย","BTS ทองหล่อ, BTS เอกมัย",https://www.facebook.com/groups/owneronly/permalink/1016344827419395/,https://www.facebook.com/anusra.thongurai/,https://www.facebook.com/share/p/1BbZb6HESh/?mibextid=wwXIfr,https://www.facebook.com/share/p/1FuG6S4b9W/?mibextid=wwXIfr,
PTP7861,ชีท,18/05/2026,Noble Ambience Sukhumvit 42 (โนเบิล แอมเบียนส์ สุขุมวิท 42),คอนโด,1 Bed 1 Bath,28,1-4,"18,000",,"ทองหล่อ, อโศก, สุขุมวิท, เอกมัย, พระโขนง","BTS เอกมัย, BTS พระโขนง, BTS ทองหล่อ",https://www.livinginsider.com/istockdetail/DIoooI_CgDyegy.html,,https://www.facebook.com/share/p/1BHnbw5PbU/?mibextid=wwXIfr,https://m.facebook.com/story.php?story_fbid=pfbid0z8ZNdNYMo2qgUgBjchGik8RD7Mr7zGxSXdcFpvco88auLHZz8C7fL2e6jHM7Qe91l&id=100090894242559,
PTP7860,ชีท,18/05/2026,Brompton Pet Friendly Samrong Station (คอนโด บรอมป์ตัน เพ็ท เฟรนด์ลี่ สำโรง – สเตชั่น),คอนโด,1 Bed 1 Bath,24,5-10,"10,000",,"สมุทรปราการ สำโรง, เจริญนคร","BTS สำโรง, BTS กรุงธนบุรี, BTS เจริญนคร",https://www.livinginsider.com/istockdetail/DIoooI_Dojejoe.html,,https://www.facebook.com/share/p/17ZTRHX6UE/?mibextid=wwXIfr,https://www.facebook.com/share/p/1JB58M5NCr/?mibextid=wwXIfr,
PTP7835,ชีท,16/05/2026,Home Office 4ชั้น ลาดพร้าววังหิน 78,บ้าน,2 Bed 4 Bath,220,4,"49,000",,"เกษตรศาสตร์ รัชโยธิน, เจริญนคร","BTS กรุงธนบุรี, BTS เจริญนคร, BTS สายหลัก",https://www.livinginsider.com/istockdetail/DIoooI_Dojofjj.html,,https://www.facebook.com/share/p/1baCG3R5Lh/?mibextid=wwXIfr,https://www.facebook.com/share/p/18cxgnU68P/?mibextid=wwXIfr,
PTP7834,ชีท,16/05/2026,The Coast Condominium (เดอะ โคสต์ คอนโดมิเนียม),คอนโด,Duplex 3 Bed 3 Bath,150,11-20,"58,000",,เจริญนคร,"BTS กรุงธนบุรี, BTS เจริญนคร",https://www.livinginsider.com/istockdetail/DIoooI_DoIbbfy.html,,https://www.facebook.com/share/p/1Gfmz3mRwv/?mibextid=wwXIfr,https://www.facebook.com/share/p/1HGRHYisfA/?mibextid=wwXIfr,
PTP7833,ชีท,16/05/2026,The Tree Pattanakarn - Ekkamai (เดอะ ทรี พัฒนาการ - เอกมัย),คอนโด,1 Bed 1 Bath,24,11-20,"14,000",,"เพชรบุรีตัดใหม่, RCA, พระราม 9, รามคำแหง",ARL รามคำแหง,https://www.livinginsider.com/istockdetail/DIoooI_DoyejDe.html,,https://www.facebook.com/share/p/1EN2tuncRY/?mibextid=wwXIfr,https://m.facebook.com/story.php?story_fbid=pfbid0288bCzLDFEf4NnjwSVvwt15qLGYjL3T7Cgi3GrcATme4QQ8sw7NTb8prvCo7JWwn4l&id=100090894242559&mibextid=wwXIfr,
PTP7832,ชีท,16/05/2026,"บ้านเดี่ยวสไตล์ Thai Contemporary ใจกลางอินทามระ (รัชดาภิเษก,ห้วยขวาง)",บ้าน,3 Bed 3 Bath,160,2,,"16,800,000","รัชดา, ห้วยขวาง, เจริญนคร","BTS กรุงธนบุรี, BTS เจริญนคร, BTS สายหลัก",https://www.livinginsider.com/istockdetail/DIoooI_DogyygC.html,,https://www.facebook.com/share/p/1GzS6fd4uD/?mibextid=wwXIfr,https://www.facebook.com/share/p/1BKVqy9JmH/?mibextid=wwXIfr,
PTP7821,ชีท,15/05/2026,Sun Palace Condominium (ซันพาเลซ คอนโดมิเนียม),คอนโด,3 Bed 2 Bath,170,8,"60,000",,"เพชรบุรีตัดใหม่, RCA, พระราม 9",,https://www.livinginsider.com/istockdetail/DIoooI_bIeCjeg.html,,https://www.facebook.com/share/p/1BpVhA5Hud/?mibextid=wwXIfr,https://www.facebook.com/share/p/1DEc5CXLMC/?mibextid=wwXIfr,
PTP7820,ชีท,15/05/2026,Home Office Sukhumvit 95 (อาคารพาณิชย์ สุขุมวิท 95),บ้าน,5 Bed 5 Bath,208,3,"33,000",,"อ่อนนุช, อุดมสุข, เจริญนคร","BTS กรุงธนบุรี, BTS เจริญนคร",https://www.livinginsider.com/istockdetail/DIoooI_CCbboeD.html,,https://www.facebook.com/share/p/17TkWNprqy/?mibextid=wwXIfr,https://www.facebook.com/share/p/1FfEstp8rg/?mibextid=wwXIfr,
PTP7813,ชีท,14/05/2026,Thru Thonglor (ทรู ทองหล่อ),คอนโด,2 Bed 2 Bath,62,20,"27,000",,"ทองหล่อ, เพชรบุรีตัดใหม่, RCA, โรงพยาบาลกรุงเทพ, มศว ประสานมิตร","BTS ทองหล่อ, MRT เพชรบุรี, ARL มักกะสัน",,https://www.facebook.com/pam.kultida.12/,https://www.facebook.com/share/p/18VCgTckae/?mibextid=wwXIfr,https://www.facebook.com/share/p/15vAjHjk6cT/?mibextid=wwXIfr,
PTP7803,ชีท,13/05/2026,U Delight @ Huamak Station (ยู ดีไลท์ แอท หัวหมาก สเตชั่น),คอนโด,1 Bed 1 Bath,30,4,"10,500","1,990,000",รามคำแหง,"MRT ศรีกรีฑา, ARL หัวหมาก",https://www.livinginsider.com/istockdetail/DIoooI_DoIbffC.html,,https://www.facebook.com/share/p/1LiLEDxt8B/?mibextid=wwXIfr,https://www.facebook.com/share/p/1AtQ2Qy6Fk/?mibextid=wwXIfr,
PTP7802,ชีท,13/05/2026,Villa Asoke (วิลล่า อโศก),คอนโด,1 Bed 1 Bath,40,11,"21,000",,"เพชรบุรีตัดใหม่, RCA, พระราม 9, มักกะสัน","MRT เพชรบุรี, ARL มักกะสัน",https://www.livinginsider.com/istockdetail/DIoooI_DoICCDo.html,,https://www.facebook.com/share/p/17YU2o6vbG/?mibextid=wwXIfr,https://www.facebook.com/share/p/1EcMDaAGbB/?mibextid=wwXIfr,
PTP7801,ชีท,13/05/2026,URBANO RAMKHAMHAENG (เออร์บาโน่ รามคำแหง),บ้าน,3 Bed 2 Bath,21 ตรว,2,"16,000",,"เสรีไทย-นิด้า, เจริญนคร","BTS กรุงธนบุรี, BTS เจริญนคร",https://www.livinginsider.com/istockdetail/DIoooI_bjbgoyD.html,,https://www.facebook.com/share/p/14XV3J3oYoZ/?mibextid=wwXIfr,https://www.facebook.com/share/p/1GqeaQeEt5/?mibextid=wwXIfr,
PTP7800,ชีท,13/05/2026,Rangsiya Village Punnawithi 22 (หมู่บ้าน รังสิยา ปุณณวิถี 22),บ้าน,3 Bed 3 Bath,140,2,,"7,490,000","ทองหล่อ, อโศก, สุขุมวิท, ปุณณวิถี",BTS ปุณณวิถี,https://www.livinginsider.com/istockdetail/DIoooI_DofejDI.html,,https://www.facebook.com/share/p/1C14KNxpg2/?mibextid=wwXIfr,https://www.facebook.com/share/p/1Eik7xihZX/?mibextid=wwXIfr,
PTP7799,ชีท,12/05/2026,QUINTARA MHy'ZEN PHROM PHONG (ควินทารา มาย'เซน พร้อมพงษ์),คอนโด,1 Bed 1 Bath,22.5,,"15,000",,"ทองหล่อ, อโศก, สุขุมวิท, พร้อมพงษ์",BTS พร้อมพงษ์,https://www.livinginsider.com/istockdetail/DIoooI_DoIbDyy.html,,https://www.facebook.com/share/p/1Bjubc7k1v/?mibextid=wwXIfr,https://www.facebook.com/share/p/1EcXQps8yZ/?mibextid=wwXIfr,
PTP7793,ชีท,12/05/2026,The Tree Onnut Station (เดอะ ทรี อ่อนนุช สเตชั่น),คอนโด,1 Bed 1 Bath,26,3,"15,000",,"อ่อนนุช, อุดมสุข, บางจาก, เจริญนคร","BTS อ่อนนุช, BTS บางจาก, BTS กรุงธนบุรี",https://www.facebook.com/groups/456957028207473/permalink/2176398346263324,https://www.facebook.com/waraporn.nay/,https://www.facebook.com/share/p/1DYXxnyNPr/?mibextid=wwXIfr,https://www.facebook.com/share/p/1CbxatP5Kd/?mibextid=wwXIfr,
PTP7791,ชีท,12/05/2026,ตึกแถว หมู่บ้านนครหลวง 2 (ซอยอมร) เย็นอากาศ-นางลิ้นจี่,พื้นที่ให้เช่า/ขาย,0 Bed 4 Bath,220,4,"26,999",,"พระราม 3 สาธุประดิษฐ์, เจริญนคร","BTS กรุงธนบุรี, BTS เจริญนคร, BTS สายหลัก",https://www.livinginsider.com/istockdetail/DIoooI_Doyyfyo.html,,https://www.facebook.com/share/p/18XToqgv6V/?mibextid=wwXIfr,https://www.facebook.com/share/p/18tNwZoAXF/?mibextid=wwXIfr,
PTP7790,ชีท,12/05/2026,Perfect Park Bangna (เพอร์เฟค พาร์ค บางนา),บ้าน,3 Bed 3 Bath,200,2,"23,500",,"บางนา, เจริญนคร","BTS กรุงธนบุรี, BTS เจริญนคร",https://www.livinginsider.com/istockdetail/DIoooI_Cjfgybb.html,,https://www.facebook.com/share/p/191mNxzKkw/?mibextid=wwXIfr,https://www.facebook.com/share/p/1NS286pGiD/?mibextid=wwXIfr,
PTP7789,ชีท,11/05/2026,XT EKKAMAI (เอ็กซ์ที เอกมัย),คอนโด,1 Bed 1 Bath,30,9,"18,000","4,590,000","ทองหล่อ, อโศก, สุขุมวิท, เอกมัย",BTS เอกมัย,https://www.livinginsider.com/istockdetail/DIoooI_DoyjfyC.html,,https://www.facebook.com/share/p/1HpiEMHphA/?mibextid=wwXIfr,https://www.facebook.com/share/p/18bdPijbwZ/?mibextid=wwXIfr,
PTP7788,ชีท,11/05/2026,Raintree Villa (เรนทรี วิลล่า),คอนโด,1 Bed 1 Bath,31.43,5,,"3,790,000","ทองหล่อ, อโศก, สุขุมวิท, เพลินจิต, นานา","BTS เพลินจิต, BTS นานา, BTS ราชดำริ",https://www.livinginsider.com/istockdetail/DIoooI_Doyjgbb.html,,https://www.facebook.com/share/p/1QyuxXp7mr/?mibextid=wwXIfr,https://www.facebook.com/share/p/1H6fV7K2oE/?mibextid=wwXIfr,
PTP7787,ชีท,11/05/2026,THE LINE Sukhumvit 71 (เดอะ ไลน์ สุขุมวิท 71),คอนโด,1 Bed 1 Bath,30,24,"16,000","4,590,000","อ่อนนุช, อุดมสุข, พระโขนง, เจริญนคร","BTS พระโขนง, BTS กรุงธนบุรี, BTS เจริญนคร",https://www.livinginsider.com/istockdetail/DIoooI_DoyjgCI.html,,https://www.facebook.com/share/p/1CSDCUV2fk/?mibextid=wwXIfr,https://www.facebook.com/share/p/1EBs29axRn/?mibextid=wwXIfr,
PTP7786,ชีท,11/05/2026,U Delight Residence Pattanakarn - Thonglor (ยู ดีไลท์ เรสซิเดนซ์ พัฒนาการ - ทองหล่อ),คอนโด,1 Bed 1 Bath,35,7,"14,000",,"พัฒนาการ ศรีนครินทร์, ทองหล่อ, เอกมัย","BTS ทองหล่อ, BTS เอกมัย",https://www.livinginsider.com/istockdetail/DIoooI_jeDDDy.html,,https://www.facebook.com/share/p/1CZ3ZtbmFZ/?mibextid=wwXIfr,https://www.facebook.com/share/p/17MNCJGwmr/?mibextid=wwXIfr,
PTP7770,ชีท,10/05/2026,Thru Thonglor (ทรู ทองหล่อ),คอนโด,1 Bed 1 Bath,31,16,"16,500",,"ทองหล่อ, เพชรบุรีตัดใหม่, RCA, โรงพยาบาลกรุงเทพ, มศว ประสานมิตร","BTS ทองหล่อ, MRT เพชรบุรี, ARL มักกะสัน",,https://www.facebook.com/tukta.wanvisa.9/,https://www.facebook.com/share/p/18QKGreLFr/?mibextid=wwXIfr,https://www.facebook.com/share/p/18L8cWrzeK/?mibextid=wwXIfr,
PTP7768,ชีท,09/05/2026,OKA HAUS Sukhumvit 36 (โอกะ เฮาส์ สุขุมวิท 36),คอนโด,1 Bed 1 Bath,34,36,"23,000",,"ทองหล่อ, อโศก, สุขุมวิท","BTS ทองหล่อ, MRT ศูนย์ประชุมแห่งชาติสิริกิติ์",https://www.livinginsider.com/istockdetail/DIoooI_bIfgyyo.html,,https://www.facebook.com/share/p/14aHLWfJ8CK/?mibextid=wwXIfr,https://www.facebook.com/share/p/1BAu8mC91W/?mibextid=wwXIfr,
PTP7761,ชีท,09/05/2026,The Tree Pattanakarn - Ekkamai (เดอะ ทรี พัฒนาการ - เอกมัย),คอนโด,1 Bed 1 Bath,24,11-20,"14,000",,"เพชรบุรีตัดใหม่, RCA, พระราม 9, รามคำแหง",ARL รามคำแหง,https://www.livinginsider.com/istockdetail/DIoooI_DoyejDe.html,,https://www.facebook.com/share/p/18gVg2vvAg/?mibextid=wwXIfr,https://www.facebook.com/share/p/18LNo3KiK8/?mibextid=wwXIfr,
PTP7760,ชีท,09/05/2026,Noble Around Ari (โนเบิล อราวน์ อารีย์),คอนโด,1 Bed 1 Bath,27,31,"19,000",,"อารีย์, เจริญนคร","BTS อารีย์, BTS สนามเป้า, BTS กรุงธนบุรี",https://www.livinginsider.com/istockdetail/DIoooI_CDIIfIg.html,,https://www.facebook.com/share/p/1MTFCfNP56/?mibextid=wwXIfr,https://www.facebook.com/share/p/193uAUFAh6/?mibextid=wwXIfr,
PTP7759,ชีท,08/05/2026,Lumpini Suite Din Daeng - Ratchaprarop (ลุมพินี สวีท ดินแดง - ราชปรารภ ),คอนโด,1 Bed 1 Bath,28,21-50,"15,000",,ราชเทวี พญาไท,BTS อนุสาวรีย์ชัยสมรภูมิ,https://www.livinginsider.com/istockdetail/DIoooI_bgeCgoo.html,,https://www.facebook.com/share/p/1DcuibCbnp/?mibextid=wwXIfr,https://www.facebook.com/share/p/1JVSfCNXTA/?mibextid=wwXIfr,
PTP7758,ชีท,08/05/2026,The Trendy Condominium (เดอะ เทรนดี้ คอนโดมิเนียม),คอนโด,1 Bed Plus 2 Bath,74.17,5-10,"28,000","7,200,000","นานา, อโศก","BTS นานา, BTS อโศก, MRT สุขุมวิท",https://www.livinginsider.com/istockdetail/DIoooI_DoygDfI.html,,https://www.facebook.com/share/p/18xQWPEfVr/?mibextid=wwXIfr,https://www.facebook.com/share/p/1ag22TLgqv/?mibextid=wwXIfr,
PTP7757,ชีท,08/05/2026,IDEO Sukhumvit - Rama 4 (ไอดีโอ สุขุมวิท - พระราม 4),คอนโด,1 Bed 1 Bath,30,11-20,"22,000","4,890,000","คลองเตย กล้วยน้ำไท, พระโขนง, เอกมัย","BTS พระโขนง, BTS เอกมัย",https://www.livinginsider.com/istockdetail/DIoooI_DoygefC.html,,https://www.facebook.com/share/p/1Ds4mcnKyh/?mibextid=wwXIfr,https://www.facebook.com/share/p/1bdMTZLGeo/?mibextid=wwXIfr,
PTP7751,ชีท,08/05/2026,XT HUAIKWANG (เอ็กซ์ที ห้วยขวาง),คอนโด,1 Bed 1 Bath,30.12,6,"20,000","4,850,000","รัชดา, ห้วยขวาง","MRT ห้วยขวาง, MRT ศูนย์วัฒนธรรมแห่งประเทศไทย",https://www.livinginsider.com/istockdetail/DIoooI_Dogjbfe.html,,https://www.facebook.com/share/p/14bkFFBEiT5/?mibextid=wwXIfr,https://www.facebook.com/share/p/18sdvYeavc/?mibextid=wwXIfr,
PTP7750,ชีท,08/05/2026,Space for Rent | เอกมัย 12,พื้นที่ให้เช่า/ขาย,,70,2,"36,000",,"ทองหล่อ, อโศก, สุขุมวิท, เอกมัย","BTS เอกมัย, BTS ทองหล่อ",https://www.livinginsider.com/istockdetail/DIoooI_Dogjgjf.html,,https://www.facebook.com/share/p/1CwQSynHWG/?mibextid=wwXIfr,https://www.facebook.com/share/p/17mZ7hGiXW/?mibextid=wwXIfr,
PTP7749,ชีท,07/05/2026,Rhythm Asoke ll (ริทึ่ม อโศก 2),คอนโด,1 Bed 1 Bath,27.65,10,"16,000",,"เพชรบุรีตัดใหม่, RCA, พระราม 9, มักกะสัน","MRT พระราม 9, ARL มักกะสัน, MRT เพชรบุรี",https://www.livinginsider.com/istockdetail/DIoooI_DoybCef.html,,https://www.facebook.com/share/p/1Hw5dJV6dM/?mibextid=wwXIfr,https://www.facebook.com/share/p/1Am8NXzSK5/?mibextid=wwXIfr,
PTP7748,ชีท,07/05/2026,ITF Silom Palace (ไอทีเอฟ สีลม พาเลส),คอนโด,1 Bed 1 Bath,39,12,"15,000",,"สาทร, สีลม","BTS ช่องนนทรี, BTS ศาลาแดง, MRT สามย่าน",https://www.livinginsider.com/istockdetail/DIoooI_DoyCgDI.html,,https://www.facebook.com/share/p/1BdNcWBtZo/?mibextid=wwXIfr,https://www.facebook.com/share/p/1XBbRChrhs/?mibextid=wwXIfr,
PTP7747,ชีท,07/05/2026,The Saint Residences (เดอะ เซนต์ เรสซิเดนซ์),คอนโด,1 Bed 1 Bath,31,30,"15,500",,ลาดพร้าว,"MRT พหลโยธิน, BTS ห้าแยกลาดพร้าว",https://www.livinginsider.com/istockdetail/DIoooI_CyeeDbC.html,,https://www.facebook.com/share/p/17d3ShWJNt/?mibextid=wwXIfr,https://www.facebook.com/share/p/18YMhtsBZ7/?mibextid=wwXIfr,
PTP7746,ชีท,07/05/2026,Thru Thonglor (ทรู ทองหล่อ),คอนโด,1 Bed 1 Bath,36,9,"14,000",,"ทองหล่อ, เพชรบุรีตัดใหม่, RCA, โรงพยาบาลกรุงเทพ, มศว ประสานมิตร","BTS ทองหล่อ, MRT เพชรบุรี, ARL มักกะสัน",,,https://www.facebook.com/share/p/1CXNqcFBVp/,https://www.facebook.com/share/p/1DmviAKbMx/?mibextid=wwXIfr,มีรูปเพิ่มเติมในอัลบั้มไลน์กลุ่ม
PTP7745,ชีท,07/05/2026,FLO by Sansiri (โฟล บาย แสนสิริ),คอนโด,1 Bed 1 Bath,25,11,"13,000",,"เจริญนคร, วงเวียนใหญ่",BTS เจริญนคร,https://www.livinginsider.com/istockdetail/DIoooI_DoyDgIg.html,,https://www.facebook.com/share/p/1ATNUNH4bA/?mibextid=wwXIfr,https://www.facebook.com/share/p/18pYfhfJgL/?mibextid=wwXIfr,
PTP7734,ชีท,06/05/2026,89 Residence Ratchada - Rama 9 (89 เรสซิเดนซ์ รัชดา - พระราม),บ้าน,4 Bed 5 Bath,260,4,,"16,900,000","เพชรบุรีตัดใหม่, RCA, พระราม 9, ห้วยขวาง",MRT ศูนย์วัฒนธรรมแห่งประเทศไทย,https://www.livinginsider.com/istockdetail/DIoooI_CIeyDCI.html,,https://www.facebook.com/share/p/14jM6C6QTm9/?mibextid=wwXIfr,https://www.facebook.com/share/p/1BiyJVA1eA/?mibextid=wwXIfr,
PTP7730,ชีท,06/05/2026,Noble Around Ari (โนเบิล อราวน์ อารีย์),คอนโด,1 Bed 1 Bath,27,15,"19,500",,"อารีย์, เจริญนคร","BTS อารีย์, BTS สนามเป้า, BTS กรุงธนบุรี",https://www.livinginsider.com/istockdetail/DIoooI_CfDDjII.html,,https://www.facebook.com/share/p/1b3NahEcG5/?mibextid=wwXIfr,https://www.facebook.com/share/p/1Dr2gqBp2S/?mibextid=wwXIfr,
PTP7729,ชีท,05/05/2026,Condolette Dwell Sukhumvit 26 (คอนโดเลต ดเวล สุขุมวิท 26),คอนโด,1 Bed 1 Bath,32,4,"17,000",,"ทองหล่อ, อโศก, สุขุมวิท, พร้อมพงษ์","BTS พร้อมพงษ์, BTS ทองหล่อ",https://www.livinginsider.com/istockdetail/DIoooI_Doggfee.html,,https://www.facebook.com/share/p/1X7UYegGj4/?mibextid=wwXIfr,https://www.facebook.com/share/p/1D1eqadMjB/?mibextid=wwXIfr,
PTP7728,ชีท,05/05/2026,Wish Signature Midtown Siam (วิช ซิกเนเจอร์ มิดทาวน์ สยาม),คอนโด,1 Bed 1 Bath,27,5-10,"19,500",,"ราชเทวี พญาไท, เจริญนคร","BTS กรุงธนบุรี, BTS เจริญนคร, BTS ราชเทวี",https://www.livinginsider.com/istockdetail/DIoooI_DogIojf.html,,https://www.facebook.com/share/p/1ELZrjvQXx/?mibextid=wwXIfr,https://www.facebook.com/share/p/1BiDdWUfky/?mibextid=wwXIfr,
PTP7727,ชีท,05/05/2026,Voque Sukhumvit 16 (โว๊ค สุขุมวิท 16),คอนโด,1 Bed 1 Bath,40,7,,"4,400,000","ทองหล่อ, อโศก, สุขุมวิท","BTS อโศก, MRT สุขุมวิท",https://www.livinginsider.com/istockdetail/DIoooI_CfyCDIC.html,,https://www.facebook.com/share/p/18P6ZNu1rf/?mibextid=wwXIfr,https://www.facebook.com/share/p/18gRLPPwdx/?mibextid=wwXIfr,
PTP7726,ชีท,05/05/2026,ทาวน์โฮม พระราม 9 ซอย 41,บ้าน,3 Bed 4 Bath,180,3,,"12,900,000","เพชรบุรีตัดใหม่, RCA, พระราม 9, มักกะสัน","MRT พระราม 9, ARL มักกะสัน",https://www.livinginsider.com/istockdetail/DIoooI_beoeojI.html,,https://www.facebook.com/share/p/18QMMu5EcA/?mibextid=wwXIfr,https://www.facebook.com/share/p/1CvwMSFcvm/?mibextid=wwXIfr,
PTP7715,ชีท,04/05/2026,Ruenrudee Condominium (รื่นฤดี คอนโดมิเนียม),คอนโด,1 Bed 1 Bath,44,5-10,"14,000","3,000,000","ทองหล่อ, อโศก, สุขุมวิท, เพลินจิต, นานา","BTS เพลินจิต, BTS นานา, BTS ชิดลม",https://www.livinginsider.com/istockdetail/DIoooI_CIbeygy.html,,https://www.facebook.com/share/p/1eHJf1aZwi/?mibextid=wwXIfr,https://www.facebook.com/share/p/17RMUKyxmA/?mibextid=wwXIfr,
PTP7713,ชีท,04/05/2026,Thru Thonglor (ทรู ทองหล่อ),คอนโด,1 Bed 1 Bath,36,9,"14,000",,"ทองหล่อ, เพชรบุรีตัดใหม่, RCA, โรงพยาบาลกรุงเทพ, มศว ประสานมิตร","BTS ทองหล่อ, MRT เพชรบุรี, ARL มักกะสัน",,,https://www.facebook.com/share/p/1JdmEvNJfN/?mibextid=wwXIfr,https://www.facebook.com/share/p/1E2BGnsbk9/?mibextid=wwXIfr,
PTP7698,ชีท,02/05/2026,Pathumwan Resort (ปทุมวัน รีสอร์ท),คอนโด,2 Bed 2 Bath,60.45,18,"27,000",,ราชเทวี พญาไท,"BTS พญาไท, BTS ราชเทวี, ARL ราชปรารภ",https://www.livinginsider.com/istockdetail/DIoooI_Cfffeeb.html,,https://www.facebook.com/share/p/18yMfoWhhM/?mibextid=wwXIfr,https://www.facebook.com/share/p/1CjAVVhxor/?mibextid=wwXIfr,
PTP7697,ชีท,02/05/2026,59 Heritage (59 เฮอริเทจ),คอนโด,1 Bed 1 Bath,40,11-20,"20,000",,"ทองหล่อ, อโศก, สุขุมวิท, เอกมัย","BTS ทองหล่อ, BTS เอกมัย",https://www.livinginsider.com/istockdetail/DIoooI_DoCofDj.html,,https://www.facebook.com/share/p/1KUQYPzPTs/?mibextid=wwXIfr,https://www.facebook.com/share/p/17Qd7y1o3Q/?mibextid=wwXIfr,
PTP7696,ชีท,02/05/2026,The Tree Pattanakarn - Ekkamai (เดอะ ทรี พัฒนาการ - เอกมัย),คอนโด,1 Bed 1 Bath,27,19,"13,000",,"เพชรบุรีตัดใหม่, RCA, พระราม 9, รามคำแหง",ARL รามคำแหง,https://www.livinginsider.com/istockdetail/DIoooI_DogbgCg.html,,https://www.facebook.com/share/p/1GpFc1CHCg/?mibextid=wwXIfr,https://www.facebook.com/share/p/18qVLKBovS/?mibextid=wwXIfr,
PTP7695,ชีท,02/05/2026,"Office, Town in Town Soi 2",บ้าน,4 Bed 3 Bath,400,3.5,"35,000",,"รามคำแหง, เจริญนคร","BTS กรุงธนบุรี, BTS เจริญนคร, BTS สายหลัก",https://www.livinginsider.com/istockdetail/DIoooI_DogCooj.html,,https://www.facebook.com/share/p/1CtVmVRyeS/?mibextid=wwXIfr,https://www.facebook.com/share/p/1HSZmnhWXH/?mibextid=wwXIfr,
PTP7694,ชีท,02/05/2026,M Thonglor 10 (เอ็ม ทองหล่อ 10),คอนโด,1 Bed 1 Bath,29.8,6,"17,000","4,199,000","ทองหล่อ, อโศก, สุขุมวิท, เอกมัย",BTS เอกมัย,https://www.livinginsider.com/istockdetail/DIoooI_DogoCoj.html,,https://www.facebook.com/share/p/17cGFrkM1w/?mibextid=wwXIfr,https://www.facebook.com/share/p/1cCJXLbvhS/?mibextid=wwXIfr,
PTP7693,ชีท,02/05/2026,C Ekkamai (ซี เอกมัย),คอนโด,1 Bed 1 Bath,30.5,24,"17,000",,"ทองหล่อ, อโศก, สุขุมวิท, เอกมัย",BTS เอกมัย,https://www.livinginsider.com/istockdetail/DIoooI_DogoCCD.html,,https://www.facebook.com/share/p/17ZW4QbfEG/?mibextid=wwXIfr,https://www.facebook.com/share/p/1DcmvYFQHo/?mibextid=wwXIfr,
PTP7692,ชีท,02/05/2026,Sathorn Bridge Tower (สาธร บริดจ์ ทาวเวอร์),คอนโด,1 Bed 1 Bath,64,11+,"18,500","4,560,000",เจริญนคร,"BTS กรุงธนบุรี, BTS เจริญนคร",https://www.livinginsider.com/istockdetail/DIoooI_DogoDII.html,,https://www.facebook.com/share/p/1CrEeLKQPG/?mibextid=wwXIfr,https://www.facebook.com/share/p/1HUJTS2bQs/?mibextid=wwXIfr,
PTP7691,ชีท,02/05/2026,M Thonglor 10 (เอ็ม ทองหล่อ 10),คอนโด,1 Bed 1 Bath,33.24,11+,"25,000",,"ทองหล่อ, อโศก, สุขุมวิท, เอกมัย",BTS เอกมัย,https://www.livinginsider.com/istockdetail/DIoooI_CyIjyDj.html,,https://www.facebook.com/share/p/1VuESLSMan/?mibextid=wwXIfr,https://www.facebook.com/share/p/1CXQHK9jx3/?mibextid=wwXIfr,
PTP7690,ชีท,02/05/2026,The Privacy Rama 9 (เดอะ ไพรเวซี่ พระราม 9),คอนโด,1 Bed 1 Bath,24,7,"13,000",,"เพชรบุรีตัดใหม่, RCA, พระราม 9, รามคำแหง",ARL รามคำแหง,https://www.livinginsider.com/istockdetail/DIoooI_ICejeC.html,,https://www.facebook.com/share/p/1Ea9AADVq5/?mibextid=wwXIfr,https://www.facebook.com/share/p/18n5ADok7a/?mibextid=wwXIfr,
PTP7682,ชีท,01/05/2026,Supalai Oriental Sukhumvit 39 (ศุภาลัย โอเรียนทัล สุขุมวิท 39),คอนโด,1 Bed 1 Bath,39,7,"22,000",,"ทองหล่อ, อโศก, สุขุมวิท, เพชรบุรีตัดใหม่, พร้อมพงษ์","MRT เพชรบุรี, BTS พร้อมพงษ์",https://www.facebook.com/groups/456957028207473/permalink/2160320994537726,https://www.facebook.com/goy.kanokwan.9/,https://www.facebook.com/share/p/1BHtNGJAhQ/?mibextid=wwXIfr,https://www.facebook.com/share/p/1CavzXyQRf/?mibextid=wwXIfr,
PTP7681,ชีท,01/05/2026,Raintree Villa (เรนทรี วิลล่า),คอนโด,Studio 1 Bath,30,5-10,"15,000",,"ทองหล่อ, อโศก, สุขุมวิท, เพลินจิต, นานา","BTS เพลินจิต, BTS นานา, BTS ราชดำริ",https://www.livinginsider.com/istockdetail/DIoooI_CfDCojg.html,,https://www.facebook.com/share/p/18mFjcr6Wo/?mibextid=wwXIfr,https://www.facebook.com/share/p/18kANAAnZr/?mibextid=wwXIfr,
PTP7675,ชีท,30/04/2026,IDEO Q Siam - Ratchathewi (ไอดีโอ คิว สยาม - ราชเทวี),คอนโด,1 Bed 1 Bath,35,15,"20,000",,ราชเทวี พญาไท,"BTS ราชเทวี, BTS พญาไท, BTS สยาม",https://www.livinginsider.com/istockdetail/DIoooI_DofjCDe.html,,https://www.facebook.com/share/p/1Cn9uNbTLe/?mibextid=wwXIfr,https://www.facebook.com/share/p/1ERVQvyYXM/?mibextid=wwXIfr,
PTP7667,ชีท,29/04/2026,Aspire Sukhumvit 48 (แอสปาย สุขุมวิท 48),คอนโด,1 Bed 1 Bath,35,11,"15,500",,"อ่อนนุช, อุดมสุข, พระโขนง","BTS พระโขนง, BTS อ่อนนุช",https://www.livinginsider.com/istockdetail/DIoooI_Dofgygb.html,,https://www.facebook.com/share/p/1DdHZrkqqW/?mibextid=wwXIfr,https://www.facebook.com/share/p/14e1DjJ7Zdv/?mibextid=wwXIfr,
PTP7666,ชีท,29/04/2026,IDEO Mobi Sukhumvit (ไอดีโอ โมบิ สุขุมวิท ),คอนโด,1 Bed 1 Bath,42,24-25,"23,000","5,490,000","อ่อนนุช, อุดมสุข, บางจาก, เจริญนคร","BTS อ่อนนุช, BTS บางจาก, BTS กรุงธนบุรี",https://www.livinginsider.com/istockdetail/DIoooI_DofyCCy.html,,https://www.facebook.com/share/p/1CpmYfqHa9/?mibextid=wwXIfr,https://www.facebook.com/share/p/1DzxGwmK29/?mibextid=wwXIfr,
PTP7661,ชีท,29/04/2026,Siamese Sukhumvit 87 (ไซมิส สุขุมวิท 87),คอนโด,Duplex 2 Bed 1 Bath,73,25,"59,000",,"อ่อนนุช, อุดมสุข, บางจาก, เจริญนคร","BTS อ่อนนุช, BTS บางจาก, BTS กรุงธนบุรี",https://www.livinginsider.com/istockdetail/DIoooI_Dofebjy.html,,https://www.facebook.com/share/p/1SWPDXEqiW/?mibextid=wwXIfr,https://www.facebook.com/share/p/1D2wfFthMX/?mibextid=wwXIfr,
PTP7660,ชีท,29/04/2026,The Bloom Sukhumvit 71 (เดอะ บลูม สุขุมวิท 71),คอนโด,1 Bed 1 Bath,34.1,11+,"14,000",,"อ่อนนุช, อุดมสุข, พระโขนง, เจริญนคร","BTS พระโขนง, BTS กรุงธนบุรี, BTS เจริญนคร",https://www.livinginsider.com/istockdetail/DIoooI_DofeCef.html,,https://www.facebook.com/share/p/17ZiNBAM6S/?mibextid=wwXIfr,https://www.facebook.com/share/p/1KTxS9LmiR/?mibextid=wwXIfr,
PTP7659,ชีท,29/04/2026,Home Office @ Sukmvit 62,บ้าน,0 Bed 4 Bath,360,4,"60,000",,"อ่อนนุช, อุดมสุข, เจริญนคร","BTS กรุงธนบุรี, BTS เจริญนคร, BTS สายหลัก",https://www.livinginsider.com/istockdetail/DIoooI_Doffgyf.html,,https://www.facebook.com/share/p/1BEiKLMpHt/?mibextid=wwXIfr,https://www.facebook.com/share/p/18hvi63pke/?mibextid=wwXIfr,
PTP7658,ชีท,28/04/2026,AQ ARBOR สวนหลวง ร.9 – พัฒนาการ,บ้าน,3 Bed 4 Bath,300,3,,"8,990,000","ลาดกระบัง สุวรรณภูมิ, เจริญนคร","BTS กรุงธนบุรี, BTS เจริญนคร",https://www.livinginsider.com/istockdetail/DIoooI_Doffybg.html,,https://www.facebook.com/share/p/18g4K2zmso/?mibextid=wwXIfr,https://www.facebook.com/share/p/18eAJtSNdH/?mibextid=wwXIfr,
PTP7657,ชีท,28/04/2026,The Base Garden Rama 9 (เดอะ เบส การ์เดน พระราม 9),คอนโด,1 Bed 1 Bath,35,5,"16,500",,"เพชรบุรีตัดใหม่, RCA, พระราม 9, รามคำแหง",ARL รามคำแหง,https://www.livinginsider.com/istockdetail/DIoooI_DoDCbee.html,,https://www.facebook.com/share/p/1CEFV2y4fz/?mibextid=wwXIfr,https://www.facebook.com/share/p/1Gb4Aqv8iP/?mibextid=wwXIfr,
PTP7656,ชีท,28/04/2026,Lumpini Park Rama 9 - Ratchada (ลุมพินี พาร์ค พระราม 9 - รัชดา),คอนโด,1 Bed 1 Bath,26,11,"17,000",,"เพชรบุรีตัดใหม่, RCA, พระราม 9",MRT พระราม 9,https://www.livinginsider.com/istockdetail/DIoooI_Doffjbb.html,,https://www.facebook.com/share/p/16k93HADrz/?mibextid=wwXIfr,https://www.facebook.com/share/p/1DH2cuhuMS/?mibextid=wwXIfr,
PTP7654,ชีท,28/04/2026,Noble Revolve Ratchada 2 (โนเบิล รีวอลฟ์ รัชดา 2),คอนโด,1 Bed 1 Bath,26,11,"16,000",,"รัชดา, ห้วยขวาง, พระราม 9","MRT ศูนย์วัฒนธรรมแห่งประเทศไทย, MRT พระราม 9",https://www.livinginsider.com/istockdetail/DIoooI_DoffIfe.html,,https://www.facebook.com/share/p/1DuoYNcuAG/?mibextid=wwXIfr,https://www.facebook.com/share/p/1B4ZSaXDih/?mibextid=wwXIfr,
PTP7650,ชีท,28/04/2026,ทาวน์เฮ้าหมู่บ้านเกษรา ซอย พัฒนการ 29,บ้าน,4 Bed 3 Bath,180,3,,"3,550,000","พัฒนาการ ศรีนครินทร์, เจริญนคร","BTS กรุงธนบุรี, BTS เจริญนคร, BTS สายหลัก",https://www.livinginsider.com/istockdetail/DIoooI_CjDoygy.html,,https://www.facebook.com/share/p/1DaeQ8STY6/?mibextid=wwXIfr,https://www.facebook.com/share/p/18ZhxwCR6T/?mibextid=wwXIfr,
PTP7634,ชีท,26/04/2026,Life Asoke Hype (ไลฟ์ อโศก ไฮป์),คอนโด,1 Bed 1 Bath,26.5,11,"17,000",,"อโศก, เพชรบุรีตัดใหม่, RCA, มศว ประสานมิตร, พระราม 9","ARL มักกะสัน, MRT พระราม 9, MRT เพชรบุรี",https://www.livinginsider.com/istockdetail/DIoooI_beDyefb.html,,https://www.facebook.com/share/p/1bAu7L92vB/?mibextid=wwXIfr,https://www.facebook.com/share/p/1DfPoGam5T/?mibextid=wwXIfr,
PTP7633,ชีท,26/04/2026,D Ratchada 19 (ดี รัชดา 19),คอนโด,2 Bed 1 Bath,44.44,7,"18,000",,"รัชดา, ห้วยขวาง, ลาดพร้าว","MRT รัชดาภิเษก, MRT ลาดพร้าว",https://www.livinginsider.com/istockdetail/DIoooI_yoIIgg.html,,https://www.facebook.com/share/p/14cWG3hP4fg/?mibextid=wwXIfr,https://www.facebook.com/share/p/1CHYuAY9Y2/?mibextid=wwXIfr,
PTP7632,ชีท,26/04/2026,Pleno Sukhumvit Bangna 2 (พลีโน่ สุขุมวิท บางนา 2),บ้าน,3 Bed 2 Bath,118,2,"30,000",,"บางนา, เจริญนคร","BTS กรุงธนบุรี, BTS เจริญนคร",https://www.livinginsider.com/istockdetail/DIoooI_CjgoDgy.html,,https://www.facebook.com/share/p/1F5BDe8QRz/?mibextid=wwXIfr,https://www.facebook.com/share/p/18cL3bgpYC/?mibextid=wwXIfr,
PTP7631,ชีท,26/04/2026,QUINTARA MHy'ZEN PHROM PHONG (ควินทารา มาย'เซน พร้อมพงษ์),คอนโด,1 Bed 1 Bath,23,3,"16,000",,"ทองหล่อ, อโศก, สุขุมวิท, พร้อมพงษ์",BTS พร้อมพงษ์,https://www.livinginsider.com/istockdetail/DIoooI_Cyojyfo.html,,https://www.facebook.com/share/p/1B4us6aoNP/?mibextid=wwXIfr,https://www.facebook.com/share/p/1HgzWTGuMp/?mibextid=wwXIfr,
PTP7620,ชีท,25/04/2026,Lumpini Place Rama 4 - Kluaynamthai (ลุมพินี เพลส พระราม 4 - กล้วยน้ำไท),คอนโด,1 Bed 1 Bath,28,21,"14,500","3,000,000","คลองเตย กล้วยน้ำไท, เอกมัย",BTS เอกมัย,https://www.livinginsider.com/istockdetail/DIoooI_CyjCbCj.html,,https://www.facebook.com/share/p/1CXFUmncdp/?mibextid=wwXIfr,https://www.facebook.com/share/p/1B5H19oQyh/?mibextid=wwXIfr,
PTP7619,ชีท,25/04/2026,Life Sukhumvit 48 (ไลฟ์ สุขุมวิท 48),คอนโด,1 Bed 1 Bath,35,13,"22,000",,"อ่อนนุช, อุดมสุข, พระโขนง","BTS พระโขนง, BTS อ่อนนุช",https://www.livinginsider.com/istockdetail/DIoooI_beDCeoI.html,,https://www.facebook.com/share/p/1Bo6mYN9ef/?mibextid=wwXIfr,https://www.facebook.com/share/p/18ZLD3JLE5/?mibextid=wwXIfr,
PTP7612,ชีท,21/04/2026,Supalai Veranda Ramkhamhaeng (ศุภาลัย เวอเรนด้า รามคำแหง ),คอนโด,2 Bed 2 Bath,59,21,"27,000",,"รามคำแหง, เจริญนคร","BTS กรุงธนบุรี, BTS เจริญนคร",https://www.facebook.com/groups/456957028207473/permalink/2152652218637937,https://www.facebook.com/prasit.rattana/,https://www.facebook.com/share/p/1De38Rh6H4/?mibextid=wwXIfr,https://www.facebook.com/share/p/1CMYJR8d3q/?mibextid=wwXIfr,
PTP7606,ชีท,21/04/2026,The Tree Onnut Station (เดอะ ทรี อ่อนนุช สเตชั่น),คอนโด,1 Bed 1 Bath,29,3,"14,500",,"อ่อนนุช, อุดมสุข, บางจาก, เจริญนคร","BTS อ่อนนุช, BTS บางจาก, BTS กรุงธนบุรี",https://www.livinginsider.com/istockdetail/DIoooI_Doeeyef.html,,https://www.facebook.com/share/p/18pwNmbYzM/?mibextid=wwXIfr,https://www.facebook.com/share/p/1Fym2SZPuf/?mibextid=wwXIfr,
PTP7605,ชีท,21/04/2026,Chapter One Midtown Ladprao 24 (แชปเตอร์ วัน มิดทาวน์ ลาดพร้าว 24),คอนโด,1 Bed 1 Bath,24,21-50,"14,000",,"ลาดพร้าว, รัชดา","MRT ลาดพร้าว, MRT รัชดาภิเษก",https://www.livinginsider.com/istockdetail/DIoooI_bfjCogo.html,,https://www.facebook.com/share/p/1HjAet25QR/?mibextid=wwXIfr,https://www.facebook.com/share/p/1CRLmqkNVd/?mibextid=wwXIfr,
PTP7604,ชีท,21/04/2026,Knightsbridge Prime Onnut (ไนท์บริดจ์ ไพร์ม อ่อนนุช),คอนโด,1 Bed 1 Bath,23,36,"16,000",,"อ่อนนุช, อุดมสุข",BTS อ่อนนุช,https://www.livinginsider.com/istockdetail/DIoooI_DofogDo.html,,https://www.facebook.com/share/p/18DdNXopKC/?mibextid=wwXIfr,https://www.facebook.com/share/p/1H26kNG8dZ/?mibextid=wwXIfr,
PTP7601,ชีท,20/04/2026,U Delight @ Onnut Station (ยู ดีไลท์ แอท อ่อนนุช สเตชั่น),คอนโด,1 Bed 1 Bath,30,20,"13,500",,"อ่อนนุช, อุดมสุข",BTS อ่อนนุช,https://www.livinginsider.com/istockdetail/DIoooI_DoeIDee.html,,https://www.facebook.com/share/p/1FFKF8AYs2/?mibextid=wwXIfr,https://www.facebook.com/share/p/1BLyXgyPCE/?mibextid=wwXIfr,
PTP7600,ชีท,20/04/2026,Noble Ambience Sukhumvit 42 (โนเบิล แอมเบียนส์ สุขุมวิท 42),คอนโด,1 Bed 1 Bath,35,6,"22,000",,"ทองหล่อ, อโศก, สุขุมวิท, เอกมัย, พระโขนง","BTS เอกมัย, BTS พระโขนง, BTS ทองหล่อ",https://www.livinginsider.com/istockdetail/DIoooI_DoeIejC.html,,https://www.facebook.com/share/p/18oSLGNetZ/?mibextid=wwXIfr,https://www.facebook.com/share/p/17SHuyoNPL/?mibextid=wwXIfr,
PTP7599,ชีท,20/04/2026,The Lumpini 24 (เดอะ ลุมพินี 24),คอนโด,1 Bed 1 Bath,26,32,"22,000",,"ทองหล่อ, อโศก, สุขุมวิท, ลุมพินี, สีลม","MRT ลุมพินี, BTS ศาลาแดง",https://www.livinginsider.com/istockdetail/DIoooI_Doejbfb.html,,https://www.facebook.com/share/p/19LVpV4TU3/?mibextid=wwXIfr,https://www.facebook.com/share/p/18C9PsyN59/?mibextid=wwXIfr,
PTP7598,ชีท,20/04/2026,XT HUAIKWANG (เอ็กซ์ที ห้วยขวาง),คอนโด,1 Bed 1 Bath,30.12,21,"17,000",,"รัชดา, ห้วยขวาง","MRT ห้วยขวาง, MRT ศูนย์วัฒนธรรมแห่งประเทศไทย",https://www.livinginsider.com/istockdetail/DIoooI_Doejfbo.html,,https://www.facebook.com/share/p/1DrsbjVu1S/?mibextid=wwXIfr,https://www.facebook.com/share/p/1Dxpi5Nk5o/?mibextid=wwXIfr,
PTP7597,ชีท,20/04/2026,Q House Condo Sukhumvit 79 (คิว เฮ้าส์ คอนโด สุขุมวิท 79),คอนโด,1 Bed 1 Bath,31,11-20,"16,000",,"อ่อนนุช, อุดมสุข, เจริญนคร","BTS อ่อนนุช, BTS กรุงธนบุรี, BTS เจริญนคร",https://www.livinginsider.com/istockdetail/DIoooI_CeoyjDI.html,,https://www.facebook.com/share/p/1DyqXR8KL3/?mibextid=wwXIfr,https://www.facebook.com/share/p/18L7Fvbv4i/?mibextid=wwXIfr,
PTP7568,ชีท,17/04/2026,Noble Revent (โนเบิล รีเวนต์),คอนโด,1 Bed 1 Bath,50,11,"22,000","7,500,000",ราชเทวี พญาไท,"BTS พญาไท, BTS อนุสาวรีย์ชัยสมรภูมิ, BTS ราชเทวี",https://www.livinginsider.com/istockdetail/DIoooI_DoCfogf.html,,https://www.facebook.com/share/p/1DiFkLtf5d/?mibextid=wwXIfr,https://www.facebook.com/share/p/1GTsmMihNN/?mibextid=wwXIfr,
PTP7567,ชีท,17/04/2026,WYNE Sukhumvit (วายน์ สุขุมวิท),คอนโด,1 Bed 1 Bath,32,20,"19,000",,"อ่อนนุช, อุดมสุข, พระโขนง, เจริญนคร","BTS พระโขนง, BTS กรุงธนบุรี, BTS เจริญนคร",https://www.livinginsider.com/istockdetail/DIoooI_DoeDCgD.html,,https://www.facebook.com/share/p/18KGwdhAUz/?mibextid=wwXIfr,https://www.facebook.com/share/p/18huHQP1z8/?mibextid=wwXIfr,
PTP7566,ชีท,17/04/2026,Lumpini Park Rama 9 - Ratchada (ลุมพินี พาร์ค พระราม 9 - รัชดา),คอนโด,1 Bed 1 Bath,26,7,"12,000",,"เพชรบุรีตัดใหม่, RCA, พระราม 9",MRT พระราม 9,https://www.livinginsider.com/istockdetail/DIoooI_DoeebCe.html,,https://www.facebook.com/share/p/18Cn4N9C9t/?mibextid=wwXIfr,https://www.facebook.com/share/p/1HERRu9ype/?mibextid=wwXIfr,
PTP7562,ชีท,17/04/2026,Nara 9 (นารา ไนน์),คอนโด,1 Bed 1 Bath,39,7,"24,000","4,800,000","สาทร, เจริญนคร","BTS ช่องนนทรี, BTS กรุงธนบุรี, BTS เจริญนคร",https://www.facebook.com/groups/456957028207473/permalink/2145787539324405,https://www.facebook.com/mola.chutsethee/,https://www.facebook.com/share/p/16a1m4BgS9/?mibextid=wwXIfr,https://www.facebook.com/share/p/14bskkutgaM/?mibextid=wwXIfr,
PTP7560,ชีท,16/04/2026,Ivy Ampio (ไอวี่ แอมพิโอ),คอนโด,1 Bed 1 Bath,32,12A,"20,000","4,800,000","รัชดา, ห้วยขวาง, พระราม 9","MRT ศูนย์วัฒนธรรมแห่งประเทศไทย, MRT พระราม 9",https://www.livinginsider.com/istockdetail/DIoooI_DoeCebe.html,,https://www.facebook.com/share/p/17b5kXk8cB/?mibextid=wwXIfr,https://www.facebook.com/share/p/1B9bRdFC1h/?mibextid=wwXIfr,
PTP7559,ชีท,16/04/2026,Aspire Rama 4 (แอสปาย พระราม 4),คอนโด,1 Bed 1 Bath,28,6,"12,000",,"คลองเตย กล้วยน้ำไท, พระโขนง, เอกมัย","BTS พระโขนง, BTS เอกมัย",https://www.livinginsider.com/istockdetail/DIoooI_bjeeCfC.html,,https://www.facebook.com/share/p/1CPNf4Lhcp/?mibextid=wwXIfr,https://www.facebook.com/share/p/18X6NYiJ4j/?mibextid=wwXIfr,
PTP7558,ชีท,16/04/2026,Life Ladprao (ไลฟ์ ลาดพร้าว),คอนโด,1 Bed 1 Bath,26,17,"15,500",,ลาดพร้าว,"BTS ห้าแยกลาดพร้าว, MRT พหลโยธิน, BTS พหลโยธิน 24",https://www.livinginsider.com/istockdetail/DIoooI_CbobyCD.html,,https://www.facebook.com/share/p/1DzEC5Sgod/?mibextid=wwXIfr,https://www.facebook.com/share/p/18atYoSdHT/?mibextid=wwXIfr,
PTP7544,ชีท,09/04/2026,Brown Ratchada - Huaikwang (บราวน์ รัชดา - ห้วยขวาง),คอนโด,1 Bed 1 Bath,23,5,"12,500",,"รัชดา, ห้วยขวาง",MRT ห้วยขวาง,https://www.livinginsider.com/istockdetail/DIoooI_DoDfjfo.html,,https://www.facebook.com/share/p/1Cg5hnVuJ8/?mibextid=wwXIfr,https://www.facebook.com/share/p/18hiPXXr95/?mibextid=wwXIfr,
PTP7532,ชีท,08/04/2026,Tree Condo Ekamai (ทรี คอนโด เอกมัย),คอนโด,1 Bed 1 Bath,40,7,"15,000",,"ทองหล่อ, อโศก, สุขุมวิท, เอกมัย, พระโขนง","BTS เอกมัย, BTS พระโขนง, BTS ทองหล่อ",https://www.livinginsider.com/istockdetail/DIoooI_DoDfgfe.html,,https://www.facebook.com/share/p/18PQVrCMkF/?mibextid=wwXIfr,https://www.facebook.com/share/p/1DubK3py29/?mibextid=wwXIfr,
PTP7531,ชีท,08/04/2026,Lumpini Park Rama 9 - Ratchada (ลุมพินี พาร์ค พระราม 9 - รัชดา),คอนโด,1 Bed 1 Bath,30,21,"13,500",,"เพชรบุรีตัดใหม่, RCA, พระราม 9",MRT พระราม 9,https://www.livinginsider.com/istockdetail/DIoooI_bfIIgDf.html,,https://www.facebook.com/share/p/14avmRt8i3u/?mibextid=wwXIfr,https://www.facebook.com/share/p/18JtNvrG6u/?mibextid=wwXIfr,
PTP7524,ชีท,08/04/2026,Wittayu Complex (วิทยุ คอมเพล็กซ์),คอนโด,2 Bed 2 Bath,81.58,20,"35,000",,"วิทยุ, ชิดลม, หลังสวน, เพลินจิต","BTS เพลินจิต, BTS ชิดลม, ARL ราชปรารภ",https://www.livinginsider.com/istockdetail/DIoooI_DobgjCf.html,,https://www.facebook.com/share/p/1B4eSxe4Dc/?mibextid=wwXIfr,https://www.facebook.com/share/p/1Gh2MdyCVh/?mibextid=wwXIfr,
PTP7523,ชีท,07/04/2026,Villa Rachatewi (วิลล่า ราชเทวี),คอนโด,1 Bed 2 Bath,75,43+44,"32,000","11,700,000",ราชเทวี พญาไท,"BTS ราชเทวี, BTS พญาไท, BTS สนามกีฬาแห่งชาติ",https://www.livinginsider.com/istockdetail/DIoooI_CfCjgeD.html,,https://www.facebook.com/share/p/1CnSUZsm6u/?mibextid=wwXIfr,https://www.facebook.com/share/p/1i12wFgHTT/?mibextid=wwXIfr,
PTP7522,ชีท,07/04/2026,Life Sukhumvit 62 (ไลฟ์ สุขุมวิท 62),คอนโด,1 Bed+ 1 Bath,39,17,"23,000",,"อ่อนนุช, อุดมสุข, บางจาก, ปุณณวิถี, เจริญนคร","BTS บางจาก, BTS ปุณณวิถี, BTS กรุงธนบุรี",https://www.facebook.com/groups/456957028207473/permalink/2135803743656118,https://www.facebook.com/koi.supanida/,https://www.facebook.com/share/p/1FQoDCCjXX/?mibextid=wwXIfr,https://www.facebook.com/share/p/1PaHV6CcvK/?mibextid=wwXIfr,
PTP7516,ชีท,07/04/2026,Ideo Ramkhamhaeng - Lam Sali Station (ไอดีโอ รามคำแหง - ลำสาลี สเตชั่น),คอนโด,1 Bed 1 Bath,25,10,"11,000",,เสรีไทย-นิด้า,"MRT แยกลำสาลี, MRT บางกะปิ",https://www.livinginsider.com/istockdetail/DIoooI_DoDbjDj.html,,https://www.facebook.com/share/p/1CYf2YNqqm/?mibextid=wwXIfr,https://www.facebook.com/share/p/1DrKeJz55b/?mibextid=wwXIfr,
PTP7515,ชีท,07/04/2026,The Nest Sukhumvit 22 (เดอะ เนสท์ สุขุมวิท 22),คอนโด,1 Bed 1 Bath,25,5-10,"14,000",,"ทองหล่อ, อโศก, สุขุมวิท","BTS อโศก, MRT สุขุมวิท",https://www.livinginsider.com/istockdetail/DIoooI_DoDCoCe.html,,https://www.facebook.com/share/p/18Pn4yKo7X/?mibextid=wwXIfr,https://www.facebook.com/share/p/1JGsEadqqV/?mibextid=wwXIfr,
PTP7496,ชีท,02/04/2026,Indy Bangna - Ramkhamhaeng 2 (อินดี้ บางนา - รามคำแหง 2),บ้าน,2 Bed 3 Bath,89,2,"40,000",,"บางนา, เจริญนคร","BTS กรุงธนบุรี, BTS เจริญนคร",https://www.livinginsider.com/istockdetail/DIoooI_CfgIbfI.html,,https://www.facebook.com/share/p/18e916nFkV/?mibextid=wwXIfr,https://www.facebook.com/share/p/18AzgdeRtD/?mibextid=wwXIfr,
PTP7492,ชีท,01/04/2026,บ้านเดี่ยวลาดพร้าว 48 แยก 3 (ซอยวัฒนานิเวศน์ 7),บ้าน,3 Bed 4 Bath,170,2,"55,000",,"ลาดพร้าว, เจริญนคร","BTS กรุงธนบุรี, BTS เจริญนคร",https://www.livinginsider.com/istockdetail/DIoooI_DoCIyeD.html,,https://www.facebook.com/share/p/18NraqYhME/?mibextid=wwXIfr,https://www.facebook.com/share/p/1E1jsZdhmr/?mibextid=wwXIfr,
PTP7487,ชีท,01/04/2026,The Trendy Condominium (เดอะ เทรนดี้ คอนโดมิเนียม),คอนโด,1 Bed 1 Bath,36,6,"18,000",,"นานา, อโศก","BTS นานา, BTS อโศก, MRT สุขุมวิท",https://www.livinginsider.com/istockdetail/DIoooI_DoCyCIe.html,,https://www.facebook.com/share/p/1Fw9neXgK6/?mibextid=wwXIfr,https://www.facebook.com/share/p/1CS4RVasZX/?mibextid=wwXIfr,
PTP7486,ชีท,01/04/2026,Modern Life by SP Properties (โมเดิร์นไลฟ์ บาย เอสพี),บ้าน,4 Bed 5 Bath,258,3,"45,000",,"อ่อนนุช, อุดมสุข, เจริญนคร","BTS กรุงธนบุรี, BTS เจริญนคร",https://www.livinginsider.com/istockdetail/DIoooI_DoCyIDC.html,,https://www.facebook.com/share/p/1DCYB7zTLF/?mibextid=wwXIfr,https://www.facebook.com/share/p/1BgjrGoF5Q/?mibextid=wwXIfr,
PTP7485,ชีท,31/03/2026,Modern Life by SP Properties (โมเดิร์นไลฟ์ บาย เอสพี),บ้าน,3 Bed 4 Bath,185,3,"32,000",,"อ่อนนุช, อุดมสุข, เจริญนคร","BTS กรุงธนบุรี, BTS เจริญนคร",https://www.livinginsider.com/istockdetail/DIoooI_DoCyjoe.html,,https://www.facebook.com/share/p/14b32ijAMET/?mibextid=wwXIfr,https://www.facebook.com/share/p/1H4X3NvLYp/,
PTP7484,ชีท,31/03/2026,Villa Rachatewi (วิลล่า ราชเทวี),คอนโด,1 Bed 1 Bath,41,22,"20,000",,ราชเทวี พญาไท,"BTS ราชเทวี, BTS พญาไท, BTS สนามกีฬาแห่งชาติ",https://www.livinginsider.com/istockdetail/DIoooI_DoCyjDI.html,,https://www.facebook.com/share/p/18NDMuUDQd/?mibextid=wwXIfr,https://www.facebook.com/share/p/1GdkkUnYrz/?mibextid=wwXIfr,
PTP7475,ชีท,30/03/2026,Rhythm Asoke ll (ริทึ่ม อโศก 2),คอนโด,1 Bed 1 Bath,30,21+,"17,500",,"เพชรบุรีตัดใหม่, RCA, พระราม 9, มักกะสัน","MRT พระราม 9, ARL มักกะสัน, MRT เพชรบุรี",https://www.livinginsider.com/istockdetail/DIoooI_CIyCybD.html,,https://www.facebook.com/share/p/1Cb2dNeVPa/?mibextid=wwXIfr,https://www.facebook.com/share/p/1LA21J46ha/?mibextid=wwXIfr,
PTP7474,ชีท,30/03/2026,Baan Suan Lasalle (บ้านสวนลาซาล),คอนโด,2 Bed plus 1 Bath,60,6,"17,000",,"บางนา, เจริญนคร","MRT ศรีลาซาล, BTS กรุงธนบุรี, BTS เจริญนคร",https://www.livinginsider.com/istockdetail/DIoooI_CIoCffg.html,,https://www.facebook.com/share/p/1JFyFVFnc5/?mibextid=wwXIfr,https://www.facebook.com/share/p/14Xc7CgZbWn/?mibextid=wwXIfr,
PTP7473,ชีท,30/03/2026,U Sabai Rama 4 - Kluaynamthai (ยู สบาย พระราม 4,คอนโด,1 Bed 1 Bath,38,5,"17,000",,"คลองเตย กล้วยน้ำไท, พระโขนง, เอกมัย, เจริญนคร","BTS พระโขนง, BTS เอกมัย, BTS กรุงธนบุรี",https://www.livinginsider.com/istockdetail/DIoooI_CbbIjDg.html,,https://www.facebook.com/share/p/1AwzNY6ZFa/?mibextid=wwXIfr,https://www.facebook.com/share/p/18fJKz2X39/?mibextid=wwXIfr,
PTP7464,ชีท,30/03/2026,Thru Thonglor (ทรู ทองหล่อ),คอนโด,2 Bed 2 Bath,62.4,5,"25,000",,"ทองหล่อ, เพชรบุรีตัดใหม่, RCA, โรงพยาบาลกรุงเทพ, มศว ประสานมิตร","BTS ทองหล่อ, MRT เพชรบุรี, ARL มักกะสัน",,,https://www.facebook.com/share/p/1AMuG2hwdE/?mibextid=wwXIfr,https://www.facebook.com/share/p/1GFCQc19Lm/?mibextid=wwXIfr,
PTP7463,ชีท,30/03/2026,Thru Thonglor (ทรู ทองหล่อ),คอนโด,2 Bed 2 Bath,67.12,5,"25,000",,"ทองหล่อ, เพชรบุรีตัดใหม่, RCA, โรงพยาบาลกรุงเทพ, มศว ประสานมิตร","BTS ทองหล่อ, MRT เพชรบุรี, ARL มักกะสัน",,,https://www.facebook.com/share/p/1FYpNAwL5j/?mibextid=wwXIfr,https://www.facebook.com/share/p/18dxA3zagu/?mibextid=wwXIfr,
PTP7451,ชีท,27/03/2026,Sari by Sansiri (ซาริ บาย แสนสิริ),คอนโด,1 Bed 1 Bath,35,2,"15,000",,"อารีย์, ปุณณวิถี","BTS อารีย์, BTS ปุณณวิถี",https://www.facebook.com/groups/456957028207473/permalink/2126737464562746,https://www.facebook.com/pim.nara.129/,https://www.facebook.com/share/p/17CmiE2Mn1/?mibextid=wwXIfr,https://www.facebook.com/share/p/18LjuQzrgm/,
PTP7444,ชีท,27/03/2026,MODIZ Sukhumvit 50 (โมดิซ สุขุมวิท 50),คอนโด,1 Bed 1 Bath,28.68,14,"16,000",,"อ่อนนุช, อุดมสุข",BTS อ่อนนุช,https://www.livinginsider.com/istockdetail/DIoooI_bbbCDgD.html,,https://www.facebook.com/share/p/1EazhkyeeD/?mibextid=wwXIfr,https://www.facebook.com/share/p/19ccGdUigr/?mibextid=wwXIfr,
PTP7443,ชีท,27/03/2026,My Place Sukhumvit 77 (มายเพลส สุขุมวิท 77),บ้าน,3 Bed 3 Bath,158,3,"30,000","4,490,000","อ่อนนุช, อุดมสุข, เจริญนคร","BTS กรุงธนบุรี, BTS เจริญนคร",https://www.livinginsider.com/istockdetail/DIoooI_CIIIoeb.html,,https://www.facebook.com/share/p/1CvFFnXrks/?mibextid=wwXIfr,https://www.facebook.com/share/p/1CZABTVZxG/?mibextid=wwXIfr,
PTP7431,ชีท,24/03/2026,Niche Pride Thonglor-Phetchaburi (นิช ไพรด์ ทองหล่อ - เพชรบุรี),คอนโด,1 Bed 1 Bath,31,28,"17,000",,"ทองหล่อ, เพชรบุรีตัดใหม่, RCA, โรงพยาบาลกรุงเทพ, มศว ประสานมิตร","MRT เพชรบุรี, BTS ทองหล่อ, ARL มักกะสัน",https://www.facebook.com/groups/456957028207473/permalink/2122526914983801,https://www.facebook.com/nattapon.premjitsatien/,https://www.facebook.com/share/p/1CY37k3Ypi/?mibextid=wwXIfr,https://www.facebook.com/share/p/1DGuUQL64a/,
PTP7428,ชีท,24/03/2026,D' 65 (ดี' 65),คอนโด,1 Bed 1 Bath,35,2,,"2,500,000","อ่อนนุช, อุดมสุข, เอกมัย, พระโขนง","BTS เอกมัย, BTS พระโขนง",https://www.livinginsider.com/istockdetail/DIoooI_CjyeIjI.html,,https://www.facebook.com/share/p/1KnbkF4z7R/?mibextid=wwXIfr,,
PTP7427,ชีท,24/03/2026,The Base Park West Sukhumvit 77 (เดอะ เบส พาร์ค เวสต์ สุขุมวิท 77),คอนโด,1 Bed 1 Bath,29.58,29,"15,000",,"อ่อนนุช, อุดมสุข, พระโขนง","BTS อ่อนนุช, BTS พระโขนง",https://www.livinginsider.com/istockdetail/DIoooI_jCjbgy.html,,https://www.facebook.com/share/p/1GxamkA5kR/?mibextid=wwXIfr,https://www.facebook.com/share/p/1CTKh4HafY/?mibextid=wwXIfr,
PTP7419,ชีท,23/03/2026,IDEO Blucove Sukhumvit (ไอดีโอ บลูโคฟ สุขุมวิท),คอนโด,2 Bed 1 Bath,43,3,"18,000",,"อ่อนนุช, อุดมสุข, เจริญนคร","BTS อุดมสุข, BTS กรุงธนบุรี, BTS เจริญนคร",https://www.livinginsider.com/istockdetail/DIoooI_CefgoyI.html,,https://www.facebook.com/share/p/14Wrx1zYt5U/?mibextid=wwXIfr,https://www.facebook.com/share/p/14dTQn9UyMw/?mibextid=wwXIfr,
PTP7414,ชีท,23/03/2026,Home Office ลาดพร้าว–วังหิน,บ้าน,4 Bed 4 Bath,300,4,"100,000",,"ลาดพร้าว, เจริญนคร","BTS กรุงธนบุรี, BTS เจริญนคร, BTS สายหลัก",https://www.livinginsider.com/istockdetail/DIoooI_CjfCDge.html,,https://www.facebook.com/share/p/1Nbpf2zJHx/?mibextid=wwXIfr,https://www.facebook.com/share/p/1DUtk7v2AW/?mibextid=wwXIfr,
PTP7413,ชีท,23/03/2026,Place Ekamai-Ramintra (Soi Sukhonthasawat 38) (พรีเมี่ยม เพลส เอกมัย - รามอินทรา (สุคนธสวัสดิ์ 38)),บ้าน,3 Bed 4 Bath,250,3,"28,000","6,500,000","เกษตร นวมินทร์ ลาดปลาเค้า, เอกมัย, ทองหล่อ","BTS เอกมัย, BTS ทองหล่อ",https://www.livinginsider.com/istockdetail/DIoooI_Cjfgjgy.html,,https://www.facebook.com/share/p/1CFrUWRE6V/?mibextid=wwXIfr,https://www.facebook.com/share/p/1CW2UYJErb/?mibextid=wwXIfr,
PTP7412,ชีท,22/03/2026,Wish Signature Midtown Siam (วิช ซิกเนเจอร์ มิดทาวน์ สยาม),คอนโด,1 Bed 1 Bath,27,9,"19,000",,"ราชเทวี พญาไท, เจริญนคร","BTS กรุงธนบุรี, BTS เจริญนคร, BTS ราชเทวี",https://www.livinginsider.com/istockdetail/DIoooI_bCfojfD.html,,https://www.facebook.com/share/p/1akEzNXTpR/?mibextid=wwXIfr,https://www.facebook.com/share/p/1CYBNNQYA6/?mibextid=wwXIfr,
PTP7411,ชีท,22/03/2026,Plum Condo Sukhumvit 97.1 (พลัม คอนโด สุขุมวิท 97.1),คอนโด,2 Bed 1 Bath,37,1-4,"20,000",,"อ่อนนุช, อุดมสุข, บางจาก, ปุณณวิถี","BTS บางจาก, BTS ปุณณวิถี, BTS อ่อนนุช",https://www.livinginsider.com/istockdetail/DIoooI_CDDCefC.html,,https://www.facebook.com/share/p/1cAXHzRLCC/?mibextid=wwXIfr,https://www.facebook.com/share/p/1Dhk72QoJY/?mibextid=wwXIfr,
PTP7410,ชีท,22/03/2026,Townhouse Ladprao 71 (ทาวน์เฮาส์ ลาดพร้าว 71),บ้าน,2 Bed 2 Bath,80,2,,"2,800,000","ลาดพร้าว, เจริญนคร","BTS กรุงธนบุรี, BTS เจริญนคร",https://www.livinginsider.com/istockdetail/DIoooI_Dobffgg.html,,https://www.facebook.com/share/p/1CJsWS9xuN/?mibextid=wwXIfr,https://www.facebook.com/share/p/1Ari1MFxSv/?mibextid=wwXIfr,
PTP7409,ชีท,22/03/2026,The Reserve Phahol - Pradipat (เดอะ รีเซิร์ฟ พหลฯ-ประดิพัทธ์),คอนโด,Duplex 1 Bed 1 Bath,39,16,"20,000",,สะพานควาย จตุจักร,"BTS สะพานควาย, MRT กำแพงเพชร",https://www.livinginsider.com/istockdetail/DIoooI_DobfgfD.html,,https://www.facebook.com/share/p/188JaHkTG7/?mibextid=wwXIfr,https://www.facebook.com/share/p/1Dpx6vMory/?mibextid=wwXIfr,
PTP7408,ชีท,22/03/2026,Tai Ping Towers (ไท ปิง ทาวเวอร์),คอนโด,2 Bed plus 2 Bath,102,5-10,"48,000",,"ทองหล่อ, อโศก, สุขุมวิท, เอกมัย","BTS ทองหล่อ, BTS เอกมัย",https://www.livinginsider.com/istockdetail/DIoooI_CjCDgDy.html,,https://www.facebook.com/share/p/1Gzkc1qSnb/?mibextid=wwXIfr,https://www.facebook.com/share/p/18HTCdvTJp/?mibextid=wwXIfr,
PTP7381,ชีท,18/03/2026,XT PHAYATHAI (เอ็กซ์ที พญาไท),คอนโด,1 Bed 1 Bath,34,30,"20,900",,ราชเทวี พญาไท,"ARL ราชปรารภ, BTS พญาไท, BTS อนุสาวรีย์ชัยสมรภูมิ",https://www.livinginsider.com/istockdetail/DIoooI_CCgyyge.html,,https://www.facebook.com/share/p/17Emwks8Tr/?mibextid=wwXIfr,https://www.facebook.com/share/p/18DKFe4jK5/?mibextid=wwXIfr,
PTP7377,ชีท,18/03/2026,อาคารพาณิชย์ ซอยสาธุประดิษฐ์ 26,พื้นที่ให้เช่า/ขาย,3 Bath,432,3,"50,000",,"พระราม 3 สาธุประดิษฐ์, เจริญนคร","BTS กรุงธนบุรี, BTS เจริญนคร, BTS สายหลัก",https://www.livinginsider.com/istockdetail/DIoooI_Doofygj.html,,https://www.facebook.com/share/p/1A6bS45dMY/?mibextid=wwXIfr,https://www.facebook.com/share/p/14bebs4BV3Q/?mibextid=wwXIfr,
PTP7375,ชีท,18/03/2026,HOF Home & Office (ฮอฟ โฮม & ออฟฟิศ),บ้าน,2 Bed 4 Bath,585,4,"90,000","11,000,000","อ่อนนุช, อุดมสุข, เจริญนคร","BTS กรุงธนบุรี, BTS เจริญนคร, BTS สายหลัก",https://www.livinginsider.com/istockdetail/DIoooI_CyeIDjj.html,,https://www.facebook.com/share/p/1BD1VbzsLm/?mibextid=wwXIfr,https://www.facebook.com/share/p/1CrBRpAvrq/?mibextid=wwXIfr,
PTP7374,ชีท,18/03/2026,The Tree Sukhumvit 71 - Ekamai (เดอะ ทรี สุขุมวิท 71 - เอกมัย),คอนโด,1 Bed 1 Bath,27,23,"12,500",,"เพชรบุรีตัดใหม่, RCA, พระราม 9, รามคำแหง",ARL รามคำแหง,https://www.livinginsider.com/istockdetail/DIoooI_DooIoCo.html,,https://www.facebook.com/share/p/1CLbtihM3o/?mibextid=wwXIfr,https://www.facebook.com/share/p/1DeHnhsWsU/?mibextid=wwXIfr,
PTP7364,ชีท,15/03/2026,D condo Sukhumvit 109 (ดีคอนโด สุขุมวิท 109),คอนโด,2 Bed Plus 2 Bath,62,1-4,"18,500",,"บางนา, แบริ่ง, เจริญนคร","BTS แบริ่ง, BTS กรุงธนบุรี, BTS เจริญนคร",https://www.livinginsider.com/istockdetail/DIoooI_CygbjIe.html,,https://www.facebook.com/share/p/1CLJWx4hMd/?mibextid=wwXIfr,https://www.facebook.com/share/p/1Ca4SMDkki/?mibextid=wwXIfr,
PTP7361,ชีท,15/03/2026,Atmoz Ratchada - Huaikwang (แอทโมช รัชดา - ห้วยขวาง),คอนโด,1 Bed 1 Bath,24.45,6,"14,000",,"รัชดา, ห้วยขวาง",MRT ศูนย์วัฒนธรรมแห่งประเทศไทย,https://www.livinginsider.com/istockdetail/DIoooI_CgDDCCb.html,,https://www.facebook.com/share/p/1EdCdk1iPt/?mibextid=wwXIfr,https://www.facebook.com/share/p/182Tnr2meD/?mibextid=wwXIfr,
PTP7357,ชีท,15/03/2026,Thru Thonglor (ทรู ทองหล่อ),คอนโด,1 Bed 1 Bath,36.04,26,"18,000","3,600,000","ทองหล่อ, เพชรบุรีตัดใหม่, RCA, โรงพยาบาลกรุงเทพ, มศว ประสานมิตร","BTS ทองหล่อ, MRT เพชรบุรี, ARL มักกะสัน",,,https://www.facebook.com/share/p/1C4DEvnLh3/?mibextid=wwXIfr,https://www.facebook.com/share/p/1DnAnfSoSw/?mibextid=wwXIfr,Thru ห้องสวย
PTP7356,ชีท,15/03/2026,Thru Thonglor (ทรู ทองหล่อ),คอนโด,1 Bed 1 Bath,32,30,"18,000",,"ทองหล่อ, เพชรบุรีตัดใหม่, RCA, โรงพยาบาลกรุงเทพ, มศว ประสานมิตร","BTS ทองหล่อ, MRT เพชรบุรี, ARL มักกะสัน",,https://www.facebook.com/maxfranzis/,https://www.facebook.com/share/p/18VfnvSNw2/?mibextid=wwXIfr,https://www.facebook.com/share/p/14WBLBrMiU8/?mibextid=wwXIfr,คุณแม็กซ์ ไลน์พี่เพลง
PTP7355,ชีท,15/03/2026,Sky Walk & Weltz Residence (สกายวอล์ค และ เวลซ์ เรสซิเดนซ์),คอนโด,1 Bed 1 Bath,38,28,"17,000",,"อ่อนนุช, อุดมสุข, พระโขนง, เจริญนคร","BTS พระโขนง, BTS กรุงธนบุรี, BTS เจริญนคร",https://www.livinginsider.com/istockdetail/DIoooI_DoogjoC.html,,https://www.facebook.com/share/p/1Mni1im8SV/?mibextid=wwXIfr,https://www.facebook.com/share/p/1At45e1D8n/?mibextid=wwXIfr,
PTP7349,ชีท,14/03/2026,Baan Sukhothai Ramkhamhaeng 30/1 (บ้านสุโขทัย ราม 30/1),คอนโด,2 Bed 1 Bath,60,4,"13,000","2,500,000","รามคำแหง, เจริญนคร","BTS กรุงธนบุรี, BTS เจริญนคร",https://www.livinginsider.com/istockdetail/DIoooI_Dooegbb.html,,https://www.facebook.com/share/p/1GY3XCxojo/?mibextid=wwXIfr,https://www.facebook.com/share/p/1GkQ3vTi6D/?mibextid=wwXIfr,
PTP7348,ชีท,14/03/2026,Ceil by Sansiri (ซีล บาย แสนสิริ),คอนโด,1 Bed 1 Bath,34.5,4,"19,000",,"ทองหล่อ, อโศก, สุขุมวิท, เอกมัย",BTS เอกมัย,https://www.livinginsider.com/istockdetail/DIoooI_DooeIej.html,,https://www.facebook.com/share/p/17F9Phm8iK/?mibextid=wwXIfr,https://www.facebook.com/share/p/1AXqZSYdME/?mibextid=wwXIfr,
PTP7341,ชีท,13/03/2026,IDEO Q Chula - Samyan (ไอดีโอ คิว จุฬา - สามย่าน),คอนโด,1 Bed 1 Bath,22,1,"18,500",,"สามย่าน, สีลม, เจริญนคร","MRT สามย่าน, BTS ศาลาแดง, BTS กรุงธนบุรี",https://www.facebook.com/groups/456957028207473/permalink/2110324866204006/,https://www.facebook.com/wanwisa.dumnoensawat/,https://www.facebook.com/share/p/1Ai9WoLfRJ/?mibextid=wwXIfr,https://www.facebook.com/share/p/1KGCrTTTy5/?mibextid=wwXIfr,
PTP7340,ชีท,13/03/2026,Tidy Deluxe Sukhumvit 34 (ไทดี้ ดีลักซ์ สุขุมวิท 34),คอนโด,1 Bed Plus 1 Bath,43,8,"25,000",,"ทองหล่อ, อโศก, สุขุมวิท, พร้อมพงษ์","BTS พร้อมพงษ์, BTS ทองหล่อ",https://www.livinginsider.com/istockdetail/DIoooI_DooCbjo.html,,https://www.facebook.com/share/p/1CEiLX8kji/?mibextid=wwXIfr,https://www.facebook.com/share/p/18KJinhatG/?mibextid=wwXIfr,
PTP7339,ชีท,13/03/2026,Baan Kasemsan 1 (บ้านเกษมสันต์ 1 ),คอนโด,1 Bed 1 Bath,34,7,"16,500",,สามย่าน,"BTS สนามกีฬาแห่งชาติ, BTS ราชเทวี, BTS สยาม",https://www.livinginsider.com/istockdetail/DIoooI_CjjIeyo.html,,https://www.facebook.com/share/p/1Gabm3Hc5U/?mibextid=wwXIfr,https://www.facebook.com/share/p/18XQWyy9SH/?mibextid=wwXIfr,
PTP7338,ชีท,13/03/2026,Blocs 77 (บลอคส์ 77),คอนโด,1 Bed 1 Bath,30.5,21-50,"13,000",,"อ่อนนุช, อุดมสุข",BTS อ่อนนุช,https://www.livinginsider.com/istockdetail/DIoooI_DooCgDC.html,,https://www.facebook.com/share/p/1AvALHBNcD/?mibextid=wwXIfr,https://www.facebook.com/share/p/1J5BvSpjuj/?mibextid=wwXIfr,
PTP7337,ชีท,13/03/2026,Lumpini Suite Phetchaburi - Makkasan (ลุมพินี สวีท เพชรบุรี - มักกะสัน),คอนโด,2 Bed 2 Bath,61,20,"36,000","9,900,000","เพชรบุรีตัดใหม่, RCA, พระราม 9, มักกะสัน, เพลินจิต","ARL มักกะสัน, MRT เพชรบุรี, BTS เพลินจิต",https://www.livinginsider.com/istockdetail/DIoooI_DooCyfj.html,,https://www.facebook.com/share/p/1Ewz2jNhD4/?mibextid=wwXIfr,https://www.facebook.com/share/p/1PxDDjJGMo/?mibextid=wwXIfr,
PTP7336,ชีท,13/03/2026,S1 Rama 9 (เอส วัน พระราม 9),คอนโด,1 Bed 1 Bath,48,7,"12,000","3,300,000","พระราม 9, มักกะสัน","MRT พระราม 9, ARL มักกะสัน",https://www.livinginsider.com/istockdetail/DIoooI_DooCIff.html,,https://www.facebook.com/share/p/1CT4Gjxt94/?mibextid=wwXIfr,https://www.facebook.com/share/p/1DAzsSxcXv/?mibextid=wwXIfr,
PTP7335,ชีท,13/03/2026,Knightsbridge Prime Onnut (ไนท์บริดจ์ ไพร์ม อ่อนนุช),คอนโด,1 Bed 1 Bath,23,46,"16,000",,"อ่อนนุช, อุดมสุข",BTS อ่อนนุช,https://www.livinginsider.com/istockdetail/DIoooI_DooCjgj.html,,https://www.facebook.com/share/p/18J9uAyLTJ/?mibextid=wwXIfr,https://www.facebook.com/share/p/1GZX762rPn/?mibextid=wwXIfr,
PTP7334,ชีท,12/03/2026,One9Five Asoke - Rama 9 (วันไนน์ไฟว์ อโศก - พระราม 9),คอนโด,1 Bed 1 Bath,27,11-20,"20,000",,"เพชรบุรีตัดใหม่, RCA, พระราม 9, มักกะสัน","MRT พระราม 9, MRT เพชรบุรี, ARL มักกะสัน",https://www.livinginsider.com/istockdetail/DIoooI_CggDCDI.html,,https://www.facebook.com/share/p/1Dk4wwNqAZ/?mibextid=wwXIfr,https://www.facebook.com/share/p/1GTyimtMUi/?mibextid=wwXIfr,
PTP7333,ชีท,12/03/2026,Baan Khlong Toei Niwet (บ้าน คลองเตยนิเวศน์),บ้าน,3 Bed 2 Bath,300,2,"22,000",,"คลองเตย กล้วยน้ำไท, เจริญนคร","BTS กรุงธนบุรี, BTS เจริญนคร",https://www.livinginsider.com/istockdetail/DIoooI_Cjffbef.html,,https://www.facebook.com/share/p/16omJZWMVR/?mibextid=wwXIfr,https://www.facebook.com/share/p/1FmL2jeanE/?mibextid=wwXIfr,
PTP7326,ชีท,12/03/2026,Rhythm Sukhumvit 36 - 38 (ริทึ่ม สุขุมวิท 36 - 38),คอนโด,1 Bed 1 Bath,25,14,"17,000",,"ทองหล่อ, อโศก, สุขุมวิท, เอกมัย","BTS ทองหล่อ, BTS เอกมัย",https://www.livinginsider.com/istockdetail/DIoooI_DoobyIy.html,,https://www.facebook.com/share/p/1CX5wGoZWS/?mibextid=wwXIfr,https://www.facebook.com/share/p/1DWYzwtQmh/?mibextid=wwXIfr,
PTP7322,ชีท,11/03/2026,Supalai Premier Charoen Nakhon (ศุภาลัย พรีเมียร์ เจริญนคร),คอนโด,2 Bed 1 Bath,50,6,"22,000",,"เจริญนคร, วงเวียนใหญ่",BTS เจริญนคร,https://www.livinginsider.com/istockdetail/DIoooI_beDyCyC.html,,https://www.facebook.com/share/p/1EGwzXB713/?mibextid=wwXIfr,https://www.facebook.com/share/p/1BAVjXM3BH/?mibextid=wwXIfr,
PTP7321,ชีท,11/03/2026,Niche Mono Sukhumvit 50 (นิช โมโน สุขุมวิท 50),คอนโด,1 Bed 1 Bath,30,8,"12,500",,"อ่อนนุช, อุดมสุข",BTS อ่อนนุช,https://www.livinginsider.com/istockdetail/DIoooI_byejeoy.html,,https://www.facebook.com/share/p/1GNJjueNFV/?mibextid=wwXIfr,https://www.facebook.com/share/p/1LDVCJq1Uj/?mibextid=wwXIfr,
PTP7320,ชีท,11/03/2026,I CONDO Sukhumvit 105 (ไอ คอนโด สุขุมวิท 105),คอนโด,2 Bed 2 Bath,47,1,"14,000",,"บางนา, เจริญนคร","BTS กรุงธนบุรี, BTS เจริญนคร",https://www.livinginsider.com/istockdetail/DIoooI_DoooIDy.html,,https://www.facebook.com/share/p/1FkyGypEJv/?mibextid=wwXIfr,https://www.facebook.com/share/p/1CsTK1oatP/?mibextid=wwXIfr,
PTP7319,ชีท,11/03/2026,Notting Hill Sukhumvit 105 (น็อตติ้ง ฮิลล์ สุขุมวิท 105),คอนโด,2 Bed 1 Bath,44.32,3,"20,000","4,300,000","บางนา, แบริ่ง, เจริญนคร","BTS แบริ่ง, BTS บางนา, BTS กรุงธนบุรี",https://www.livinginsider.com/istockdetail/DIoooI_Doooyye.html,,https://www.facebook.com/share/p/187sLDtaJp/?mibextid=wwXIfr,https://www.facebook.com/share/p/1FLUHwZmbZ/?mibextid=wwXIfr,
PTP7318,ชีท,11/03/2026,C Ekkamai (ซี เอกมัย),คอนโด,1 Bed 1 Bath,36,13,"19,000",,"ทองหล่อ, อโศก, สุขุมวิท, เอกมัย",BTS เอกมัย,https://www.livinginsider.com/istockdetail/DIoooI_DoooIfb.html,,https://www.facebook.com/share/p/1D7sG3gBQG/?mibextid=wwXIfr,https://www.facebook.com/share/p/1CLc6Hz7yj/?mibextid=wwXIfr,
PTP7306,ชีท,09/03/2026,The Platinum (เดอะ แพลตตินั่ม),คอนโด,1 Bed 1 Bath,45,16,"19,000",,"ราชเทวี พญาไท, ชิดลม","ARL ราชปรารภ, BTS สยาม, BTS ชิดลม",https://www.livinginsider.com/istockdetail/DIoooI_CyIbDfy.html,,https://www.facebook.com/share/p/17zpymYZXQ/?mibextid=wwXIfr,https://www.facebook.com/share/p/18A3m9MysU/?mibextid=wwXIfr,
PTP7305,ชีท,09/03/2026,XT PHAYATHAI (เอ็กซ์ที พญาไท),คอนโด,1 Bed 1 Bath,42,23,"22,000",,ราชเทวี พญาไท,"ARL ราชปรารภ, BTS พญาไท, BTS อนุสาวรีย์ชัยสมรภูมิ",https://www.livinginsider.com/istockdetail/DIoooI_CjbIfeg.html,,https://www.facebook.com/share/p/1GvQzZCkwP/?mibextid=wwXIfr,https://www.facebook.com/share/p/1FBuSo9yF4/?mibextid=wwXIfr,
PTP7303,ชีท,09/03/2026,S1 Rama 9 (เอส วัน พระราม 9),คอนโด,1 Bed 1 Bath,32,,"10,000",,"พระราม 9, มักกะสัน","MRT พระราม 9, ARL มักกะสัน",https://www.facebook.com/groups/456957028207473/permalink/2107836976452795/,https://www.facebook.com/nantha.neeranatpuree/,https://www.facebook.com/share/p/1C8my6Vy7J/?mibextid=wwXIfr,https://www.facebook.com/share/p/1ANmS3RvCB/?mibextid=wwXIfr,
PTP7282,ชีท,07/03/2026,IDEO Morph 38 (ไอดีโอ มอร์ฟ 38),คอนโด,1 Bed 1 Bath,36,5,"32,000",,"ทองหล่อ, อโศก, สุขุมวิท, เอกมัย","BTS ทองหล่อ, BTS เอกมัย",https://www.facebook.com/groups/456957028207473/permalink/2087110395192120/,https://www.facebook.com/oat.meal.338/,https://www.facebook.com/share/p/1Aaptzmziw/?mibextid=wwXIfr,https://www.facebook.com/share/p/1DmgEd6h23/?mibextid=wwXIfr,
PTP7272,ชีท,06/03/2026,Supalai Premier @ Asoke (ศุภาลัย พรีเมียร์ แอท อโศก),คอนโด,1 Bed 1 Bath,55,35,"25,900",,"เพชรบุรีตัดใหม่, RCA, พระราม 9, มักกะสัน","MRT เพชรบุรี, ARL มักกะสัน",https://www.livinginsider.com/istockdetail/DIoooI_CbjogII.html,,https://www.facebook.com/share/p/1AdSBmiGqo/?mibextid=wwXIfr,https://www.facebook.com/share/p/14gYBzQKZJ4/?mibextid=wwXIfr,
PTP7271,ชีท,06/03/2026,CLOUD Thonglor - Phetchaburi (คลาวด์ ทองหล่อ - เพชรบุรี),คอนโด,1 Bed 1 Bath,33,35,"19,000",,"ทองหล่อ, เพชรบุรีตัดใหม่, RCA, โรงพยาบาลกรุงเทพ, มศว ประสานมิตร","MRT เพชรบุรี, BTS ทองหล่อ, ARL มักกะสัน",https://www.livinginsider.com/istockdetail/DIoooI_CjIgofo.html,,https://www.facebook.com/share/p/1AtPNpPT4J/?mibextid=wwXIfr,https://www.facebook.com/share/p/1BJsMhfPje/?mibextid=wwXIfr,
PTP7270,ชีท,06/03/2026,IDEO Verve Sukhumvit (ไอดีโอ เวิร์ฟ สุขุมวิท),คอนโด,1 Bed 1 Bath,32,7,"18,000",,"อ่อนนุช, อุดมสุข, เจริญนคร","BTS อ่อนนุช, BTS กรุงธนบุรี, BTS เจริญนคร",https://www.livinginsider.com/istockdetail/DIoooI_CyegCfo.html,,https://www.facebook.com/share/p/1Dv7Yja1rR/?mibextid=wwXIfr,https://www.facebook.com/share/p/18J32qEL2J/?mibextid=wwXIfr,
PTP7269,ชีท,06/03/2026,Chewathai Residence Asoke (ชีวาทัย เรสซิเดนซ์ อโศก),คอนโด,Duplex 1 Bed 1 Bath,38,8,"25,900",,"เพชรบุรีตัดใหม่, RCA, พระราม 9, มักกะสัน","MRT พระราม 9, ARL มักกะสัน, MRT เพชรบุรี",https://www.livinginsider.com/istockdetail/DIoooI_jDDofy.html,,https://www.facebook.com/share/p/182tQVKy1S/?mibextid=wwXIfr,https://www.facebook.com/share/p/1DWDm4Rgh9/?mibextid=wwXIfr,
PTP7266,ชีท,05/03/2026,The Nest Sukhumvit 71 (เดอะ เนสท์ สุขุมวิท 71),คอนโด,2 Bed 2 Bath,47.45,2,"25,000",,"อ่อนนุช, อุดมสุข, พระโขนง, เจริญนคร","BTS พระโขนง, BTS อ่อนนุช, BTS กรุงธนบุรี",https://www.facebook.com/groups/456957028207473/permalink/2104319426804550/,https://www.facebook.com/siriluck.vongsurbchart/,https://www.facebook.com/share/p/1NaeEzyn8S/?mibextid=wwXIfr,https://www.facebook.com/share/p/1DXnK1r7tU/?mibextid=wwXIfr,
PTP7265,ชีท,05/03/2026,Life One Wireless (ไลฟ์ วัน ไวร์เลส),คอนโด,1 Bed 1 Bath,24,15,"20,000",,"วิทยุ, ชิดลม, หลังสวน, เพลินจิต","BTS เพลินจิต, BTS ชิดลม, ARL ราชปรารภ",https://www.facebook.com/groups/456957028207473/permalink/2104857516750741/,https://www.facebook.com/lookked.jiwarat/,https://www.facebook.com/share/p/1CUVa7VofF/?mibextid=wwXIfr,https://www.facebook.com/share/p/18RE2A5X2R/?mibextid=wwXIfr,
PTP7264,ชีท,05/03/2026,Siamese Surawong (ไซมิส สุรวงศ์),คอนโด,2 Bed 2 Bath,78,11,"48,000",,"สยาม, ปทุมวัน, ชิดลม","BTS สยาม, BTS ราชเทวี, BTS ชิดลม",https://www.facebook.com/groups/456957028207473/permalink/2104378873465272/,https://www.facebook.com/jaybeer/,https://www.facebook.com/share/p/1N4ygG5XGe/?mibextid=wwXIfr,https://www.facebook.com/share/p/1AfLe9avxp/?mibextid=wwXIfr,
PTP7253,ชีท,04/03/2026,Ceil by Sansiri (ซีล บาย แสนสิริ),คอนโด,Duplex 2 Bed 2 Bath,62,14,"36,000","8,000,000","ทองหล่อ, อโศก, สุขุมวิท, เอกมัย",BTS เอกมัย,https://www.facebook.com/groups/456957028207473/permalink/2104009066835586/,https://www.facebook.com/tresarun.sitakalin/,https://www.facebook.com/share/p/1CUap39a5H/?mibextid=wwXIfr,https://www.facebook.com/share/p/18NDts5kwA/?mibextid=wwXIfr,
PTP7251,ชีท,04/03/2026,Grand Park View (แกรนด์ พาร์ค วิว),คอนโด,3 Bed 2 Bath,120,10,"60,000",,"ทองหล่อ, อโศก, สุขุมวิท, เพชรบุรีตัดใหม่, นานา","MRT สุขุมวิท, MRT เพชรบุรี, BTS นานา",https://www.facebook.com/groups/456957028207473/permalink/2103491193554040/,https://www.facebook.com/profile.php?id=61550933219013,https://www.facebook.com/share/p/1Cac3jzi3Y/?mibextid=wwXIfr,https://www.facebook.com/share/p/18VJiuzCtg/?mibextid=wwXIfr,
PTP7248,ชีท,03/03/2026,Modern Home Tower (โมเดิร์น โฮม ทาวเวอร์),คอนโด,2 Bed 1 Bath,84,12,"33,000",,"พระราม 3 สาธุประดิษฐ์, เจริญนคร","BTS กรุงธนบุรี, BTS เจริญนคร",https://www.livinginsider.com/istockdetail/DIoooI_CIIDCog.html,,https://www.facebook.com/share/p/181pMR2fQb/?mibextid=wwXIfr,https://www.facebook.com/share/p/1CX2B3BnBi/?mibextid=wwXIfr,
PTP7247,ชีท,03/03/2026,Siamese Sukhumvit 48 (Ramada Plaza Residence) ไซมิส สุขุมวิท 48 (รามาดา พลาซ่า เรสซิเดนซ์),คอนโด,1 Bed 1 Bath,35,11-20,"21,000",,"อ่อนนุช, อุดมสุข",BTS อ่อนนุช,https://www.livinginsider.com/istockdetail/DIoooI_CjjbCIb.html,,https://www.facebook.com/share/p/1DDD58AFRj/?mibextid=wwXIfr,https://www.facebook.com/share/p/1RaTFspDUh/?mibextid=wwXIfr,
PTP7246,ชีท,03/03/2026,Life Sukhumvit 48 (ไลฟ์ สุขุมวิท 48),คอนโด,1 Bed 1 Bath,35,12A,"18,900",,"อ่อนนุช, อุดมสุข, พระโขนง","BTS พระโขนง, BTS อ่อนนุช",https://www.livinginsider.com/istockdetail/DIoooI_CCyyyyg.html,,https://www.facebook.com/share/p/1BRGVZgV9E/?mibextid=wwXIfr,https://www.facebook.com/share/p/1Et1XvjUC4/?mibextid=wwXIfr,Add Line 0659569917
PTP7237,ชีท,01/03/2026,KAWA HAUS (คาวะ เฮาส์),คอนโด,2 Bed 1 Bath,56.85,5,"50,000","12,900,000","อ่อนนุช, อุดมสุข, พระโขนง","BTS อ่อนนุช, BTS พระโขนง",https://www.facebook.com/groups/456957028207473/permalink/2101292010440625/,https://www.facebook.com/lookked.jiwarat/,https://www.facebook.com/share/p/18DEyBrCSY/?mibextid=wwXIfr,https://www.facebook.com/share/p/1CaKXP5MKK/?mibextid=wwXIfr,kawa HAUS
PTP7231,ชีท,01/03/2026,Siamese Sukhumvit 48 (Ramada Plaza Residence) ไซมิส สุขุมวิท 48 (รามาดา พลาซ่า เรสซิเดนซ์),คอนโด,Duplex 1 Bed 1 Bath,44,14,"30,000","5,200,000","อ่อนนุช, อุดมสุข",BTS อ่อนนุช,https://www.livinginsider.com/istockdetail/DIoooI_CjIyeDj.html,,https://www.facebook.com/share/p/1B1i65sJSx/?mibextid=wwXIfr,https://www.facebook.com/share/p/1DTnLxSeHj/?mibextid=wwXIfr,
PTP7230,ชีท,01/03/2026,Aspire Ladprao 113 (แอสปาย ลาดพร้าว 113),คอนโด,1 Bed 1 Bath,26,,"10,000",,"ลาดพร้าว, เจริญนคร","MRT บางกะปิ, BTS กรุงธนบุรี, BTS เจริญนคร",https://www.livinginsider.com/istockdetail/DIoooI_CjIyegI.html,,https://www.facebook.com/share/p/17Y6geZvwo/?mibextid=wwXIfr,https://www.facebook.com/share/p/1DQ4HEyv4h/?mibextid=wwXIfr,
PTP7228,ชีท,28/02/2026,Blossom Condo @ Fashion Beyond (บลอสซัม คอนโด แอท แฟชั่น บียอนด์),คอนโด,Duplex 1 Bed 1 Bath,35,17,,"2,520,000","นวมินทร์ รามอินทรา, เจริญนคร","MRT รามอินทรา, BTS กรุงธนบุรี, BTS เจริญนคร",https://www.livinginsider.com/istockdetail/DIoooI_CjIyfDI.html,,https://www.facebook.com/share/p/1Cy6nTVjoY/?mibextid=wwXIfr,https://www.facebook.com/share/p/1AfzkvXJb8/?mibextid=wwXIfr,
PTP7227,ชีท,28/02/2026,IDEO Sukhumvit 93 (ไอดีโอ สุขุมวิท 93 ),คอนโด,Studio,26,31,"13,000",,"บางจาก, พระโขนง, สุขุมวิท, อ่อนนุช, อุดมสุข","BTS บางจาก, BTS อ่อนนุช",https://www.livinginsider.com/istockdetail/DIoooI_CjIygoy.html,,https://www.facebook.com/share/p/18S3CHYdGZ/?mibextid=wwXIfr,https://www.facebook.com/share/p/17xAain3T6/?mibextid=wwXIfr,
PTP7221,ชีท,28/02/2026,Fuse Mobius Ramkhamhaeng (ฟิวส์ โมเบียส รามคำแหง),คอนโด,1 Bed 1 Bath,29,30,"12,000",,รามคำแหง,"ARL รามคำแหง, MRT รามคำแหง",https://www.facebook.com/groups/456957028207473/permalink/2099722730597553/,https://www.facebook.com/kongket/,https://www.facebook.com/share/p/185t57tLfT/?mibextid=wwXIfr,https://www.facebook.com/share/p/17778qaAXa/?mibextid=wwXIfr,ฟิวโมเบียส
PTP7220,ชีท,28/02/2026,The Base Sukhumvit 50 (เดอะ เบส สุขุมวิท 50),คอนโด,1 Bed 1 Bath,25.7,5,"12,000",,"อ่อนนุช, อุดมสุข",BTS อ่อนนุช,https://www.livinginsider.com/istockdetail/DIoooI_CjIyDbb.html,,https://www.facebook.com/share/p/1CTtjnS5zh/?mibextid=wwXIfr,https://www.facebook.com/share/p/1CceWYRLy1/?mibextid=wwXIfr,แทรกด่วน
PTP7219,ชีท,28/02/2026,Thru Thonglor (ทรู ทองหล่อ),คอนโด,2 Bed 2 Bath,62,29,"25,000",,"ทองหล่อ, เพชรบุรีตัดใหม่, RCA, โรงพยาบาลกรุงเทพ, มศว ประสานมิตร","BTS ทองหล่อ, MRT เพชรบุรี, ARL มักกะสัน",,https://www.facebook.com/jamie.collin.79/,https://www.facebook.com/share/p/1HxQy6MtLT/?mibextid=wwXIfr,https://www.facebook.com/share/p/1DdsFSULzj/?mibextid=wwXIfr,แทรกด่วน
PTP7215,ชีท,27/02/2026,One9Five Asoke - Rama 9 (วันไนน์ไฟว์ อโศก - พระราม 9),คอนโด,1 Bed 1 Bath,27,,"20,000",,"เพชรบุรีตัดใหม่, RCA, พระราม 9, มักกะสัน","MRT พระราม 9, MRT เพชรบุรี, ARL มักกะสัน",https://www.livinginsider.com/istockdetail/DIoooI_CggDCDI.html,,https://www.facebook.com/share/p/17pKRwYKPz/?mibextid=wwXIfr,https://www.facebook.com/share/p/1EAGKCL2ft/?mibextid=wwXIfr,
PTP7212,ชีท,27/02/2026,Rhythm Asoke 1 (ริธึ่ม อโศก 1),คอนโด,Studio,23,15,"14,000",,"เพชรบุรีตัดใหม่, RCA, พระราม 9, มักกะสัน","MRT พระราม 9, ARL มักกะสัน, MRT เพชรบุรี",https://www.livinginsider.com/istockdetail/DIoooI_CjIfDeC.html,https://www.facebook.com/chai.kiat.3/,https://www.facebook.com/share/p/1D9ZZJNrr4/?mibextid=wwXIfr,https://www.facebook.com/share/p/1DbPEZSTHy/?mibextid=wwXIfr,
PTP7211,ชีท,27/02/2026,Noble Reflex Ari (โนเบิล รีเฟล็กซ์ อารีย์),คอนโด,Studio,39.5,18,"23,000",,"อารีย์, เจริญนคร","BTS อารีย์, BTS กรุงธนบุรี, BTS เจริญนคร",https://www.livinginsider.com/istockdetail/DIoooI_CgIyyDe.html,,https://www.facebook.com/share/p/1FEPHVL7fn/?mibextid=wwXIfr,https://www.facebook.com/share/p/17V8gQ4Sty/?mibextid=wwXIfr,
PTP7208,ชีท,26/02/2026,Baan Klang Muang The Edition Rama 9 – Onnut (บ้านกลางเมือง ดิ อิดิชั่น พระราม 9 – อ่อนนุช),บ้าน,3 Bed 2 Bath,125,2,"32,000",,"ลาดกระบัง สุวรรณภูมิ, พระราม 9, มักกะสัน","MRT พระราม 9, ARL มักกะสัน",https://www.livinginsider.com/istockdetail/DIoooI_CjIgoeD.html,,https://www.facebook.com/share/p/181sjp5A1D/?mibextid=wwXIfr,https://www.facebook.com/share/p/18M5wNedz9/?mibextid=wwXIfr,
PTP7203,ชีท,26/02/2026,59 Heritage (59 เฮอริเทจ),คอนโด,1 Bed 1 Bath,55.72,21,"25,000","5,990,000","ทองหล่อ, อโศก, สุขุมวิท, เอกมัย","BTS ทองหล่อ, BTS เอกมัย",https://www.livinginsider.com/istockdetail/DIoooI_CjIegyo.html,,https://www.facebook.com/share/p/1CNmxk4aoG/?mibextid=wwXIfr,https://www.facebook.com/share/p/1Doue93xJS/?mibextid=wwXIfr,
PTP7202,ชีท,26/02/2026,Thru Thonglor (ทรู ทองหล่อ),คอนโด,1 Bed 1 Bath,31,22,"17,000",,"ทองหล่อ, เพชรบุรีตัดใหม่, RCA, โรงพยาบาลกรุงเทพ, มศว ประสานมิตร","BTS ทองหล่อ, MRT เพชรบุรี, ARL มักกะสัน",,https://www.facebook.com/veevy143/,https://www.facebook.com/share/p/1D9EWSWUXW/?mibextid=wwXIfr,https://www.facebook.com/share/p/183gbqLtQs/?mibextid=wwXIfr,
PTP7198,ชีท,25/02/2026,Thru Thonglor (ทรู ทองหล่อ),คอนโด,1 Bed 1 Bath,38,18,"17,000",,"ทองหล่อ, เพชรบุรีตัดใหม่, RCA, โรงพยาบาลกรุงเทพ, มศว ประสานมิตร","BTS ทองหล่อ, MRT เพชรบุรี, ARL มักกะสัน",,https://www.facebook.com/eveie.eve/,https://www.facebook.com/share/p/1862FRtUjM/,https://www.facebook.com/share/p/18GCUre7p7/,
PTP7197,ชีท,25/02/2026,The Tree Pattanakarn - Ekkamai (เดอะ ทรี พัฒนาการ - เอกมัย),คอนโด,Studio,26,,"13,000",,"เพชรบุรีตัดใหม่, RCA, พระราม 9, รามคำแหง",ARL รามคำแหง,https://www.livinginsider.com/re/2979105,,https://www.facebook.com/share/p/1GGzDwLUu1/?mibextid=wwXIfr,https://www.facebook.com/share/p/1CCrn9fSqH/?mibextid=wwXIfr,
PTP7190,ชีท,25/02/2026,Supalai Veranda Ramkhamhaeng (ศุภาลัย เวอเรนด้า รามคำแหง ),คอนโด,1 Bed 1 Bath,30,29,"12,000",,"รามคำแหง, เจริญนคร","BTS กรุงธนบุรี, BTS เจริญนคร",https://www.livinginsider.com/istockdetail/DIoooI_CjIbjIy.html,,https://www.facebook.com/share/p/17zBfMxAbr/?mibextid=wwXIfr,https://www.facebook.com/share/p/1GjLKU1yH3/?mibextid=wwXIfr,
PTP7189,ชีท,25/02/2026,Baan Chan (บ้าน จันทร์),คอนโด,1 Bed 1 Bath,60,2,"24,000",,"ทองหล่อ, อโศก, สุขุมวิท, พร้อมพงษ์","BTS ทองหล่อ, BTS พร้อมพงษ์",https://www.livinginsider.com/istockdetail/DIoooI_IfCCyb.html,,https://www.facebook.com/share/p/1QK9zwxR86/?mibextid=wwXIfr,https://www.facebook.com/share/p/16z2KqL5TP/?mibextid=wwXIfr,
PTP7188,ชีท,25/02/2026,Life One Wireless (ไลฟ์ วัน ไวร์เลส),คอนโด,1 Bed 1 Bath,28,37,"23,000",,"วิทยุ, ชิดลม, หลังสวน, เพลินจิต","BTS เพลินจิต, BTS ชิดลม, ARL ราชปรารภ",https://www.livinginsider.com/istockdetail/DIoooI_CjIDbIf.html,,https://www.facebook.com/share/p/1B1z4PHwPM/?mibextid=wwXIfr,https://www.facebook.com/share/p/1Juna3jZks/?mibextid=wwXIfr,
PTP7187,ชีท,24/02/2026,The Oleander Sukhumvit (เดอะ โอเลียนเดอร์),คอนโด,2 Bed 2 Bath,122.4,11,"67,000",,"นานา, เพลินจิต, มักกะสัน","BTS เพลินจิต, BTS นานา, ARL มักกะสัน",https://www.livinginsider.com/istockdetail/DIoooI_CIyCDjI.html,,https://www.facebook.com/share/p/1Jztv4WQ4c/?mibextid=wwXIfr,https://www.facebook.com/share/p/1AucUAUo7e/?mibextid=wwXIfr,
PTP7180,ชีท,24/02/2026,M Thonglor (เอ็ม ทองหล่อ),คอนโด,1 Bed 1 Bath,30,7,"21,000","4,850,000","ทองหล่อ, อโศก, สุขุมวิท, เอกมัย",BTS เอกมัย,https://www.livinginsider.com/istockdetail/DIoooI_Cjyobjg.html,,https://www.facebook.com/share/p/1H7qiVvipy/?mibextid=wwXIfr,https://www.facebook.com/share/p/186Kto7ywS/?mibextid=wwXIfr,
PTP7179,ชีท,24/02/2026,Noble Around Sukhumvit 33 (โนเบิล อราวน์ สุขุมวิท 33),คอนโด,Studio,26,,"20,000",,"ทองหล่อ, อโศก, สุขุมวิท, พร้อมพงษ์","BTS พร้อมพงษ์, MRT สุขุมวิท, BTS อโศก",https://www.livinginsider.com/istockdetail/DIoooI_CgeyjDf.html,,https://www.facebook.com/share/p/1DgGqD6RVh/?mibextid=wwXIfr,https://www.facebook.com/share/p/1CFL9FFdrv/?mibextid=wwXIfr,
PTP7178,ชีท,24/02/2026,The Niche Mono Sukhumvit 50 (เดอะ นิช โมโน สุขุมวิท 50),คอนโด,1 Bed 1 Bath,24,,,"2,200,000","อ่อนนุช, อุดมสุข",BTS อ่อนนุช,https://www.livinginsider.com/istockdetail/DIoooI_bIjgejo.html,,https://www.facebook.com/share/p/1BRBmGSAwc/?mibextid=wwXIfr,https://www.facebook.com/share/p/16riwGWTYn/?mibextid=wwXIfr,
PTP7177,ชีท,23/02/2026,FYNN Asoke (ฟินน์ อโศก),คอนโด,1 Bed 1 Bath,38.58,,,"7,800,000","ทองหล่อ, อโศก, สุขุมวิท, นานา","BTS อโศก, BTS นานา, MRT สุขุมวิท",https://www.livinginsider.com/istockdetail/DIoooI_Cegoobf.html,,https://www.facebook.com/share/p/18K3fWQUYL/?mibextid=wwXIfr,https://www.facebook.com/share/p/175hBS55VE/?mibextid=wwXIfr,
PTP7176,ชีท,23/02/2026,IDEO Verve Sukhumvit (ไอดีโอ เวิร์ฟ สุขุมวิท),คอนโด,1 Bed 1 Bath,32,7,"18,000",,"อ่อนนุช, อุดมสุข, เจริญนคร","BTS อ่อนนุช, BTS กรุงธนบุรี, BTS เจริญนคร",https://www.livinginsider.com/istockdetail/DIoooI_CyegCfo.html,,https://www.facebook.com/share/p/1GwQEoDycC/?mibextid=wwXIfr,https://www.facebook.com/share/p/1AXghGrZdm/?mibextid=wwXIfr,
PTP7173,ชีท,23/02/2026,Noble Recole (โนเบิล รีโคล สุขุมวิท 19),คอนโด,2 Bed 2 Bath,68,22,"50,000",,"ทองหล่อ, อโศก, สุขุมวิท, นานา","BTS นานา, MRT สุขุมวิท, BTS อโศก",https://www.facebook.com/groups/456957028207473/permalink/2095532311016595/,https://www.facebook.com/yang.lin.300869/,https://www.facebook.com/share/p/1GYLsh6bCc/?mibextid=wwXIfr,https://www.facebook.com/share/p/1DqtGZT1uJ/?mibextid=wwXIfr,
PTP7170,ชีท,23/02/2026,Townhome Office 3 Floors | Town in Town (ทาวน์อินทาวน์),บ้าน,2 Bed 4 Bath,220,3,"62,000",,เจริญนคร,"BTS กรุงธนบุรี, BTS เจริญนคร",https://www.livinginsider.com/istockdetail/DIoooI_Cyfbebe.html,,https://www.facebook.com/share/p/1Hvp8EC56F/?mibextid=wwXIfr,https://www.facebook.com/share/p/1CNQLhFfcG/?mibextid=wwXIfr,
PTP7162,ชีท,21/02/2026,Townhouse Sukhumvit 68 (บ้านสุขุมวิท ซอย 68),บ้าน,3 Bed 3 Bath,24,2,"45,000","7,690,000","อ่อนนุช, อุดมสุข, เจริญนคร","BTS กรุงธนบุรี, BTS เจริญนคร",https://www.livinginsider.com/istockdetail/DIoooI_jCyCjf.html,,https://www.facebook.com/share/p/17wQAqjaLh/?mibextid=wwXIfr,https://www.facebook.com/share/p/1HEwKqfHw6/?mibextid=wwXIfr,
PTP7161,ชีท,21/02/2026,ELIO Sukhumvit 64 (เอลลิโอ สุขุมวิท 64),คอนโด,Studio,22,2,"9,500",,"อ่อนนุช, อุดมสุข, ปุณณวิถี","BTS ปุณณวิถี, BTS อุดมสุข",https://www.livinginsider.com/istockdetail/DIoooI_CjyICfD.html,,https://www.facebook.com/share/p/1AfacE5bNu/?mibextid=wwXIfr,https://www.facebook.com/share/p/17ChVoehNq/?mibextid=wwXIfr,
PTP7160,ชีท,21/02/2026,ออฟฟิศลาดกระบัง (Office Ladkrabang),พื้นที่ให้เช่า/ขาย,,70,,"25,000",,"อ่อนนุช, อุดมสุข, เจริญนคร","BTS กรุงธนบุรี, BTS เจริญนคร",https://www.livinginsider.com/istockdetail/DIoooI_CjyIgye.html,,https://www.facebook.com/share/p/18EjBKi5wz/?mibextid=wwXIfr,https://www.facebook.com/share/p/1cqAJoPjns/?mibextid=wwXIfr,
PTP7157,ชีท,21/02/2026,Thru Thonglor (ทรู ทองหล่อ),คอนโด,1 Bed 1 Bath,31.55,33,"16,000","3,800,000","ทองหล่อ, เพชรบุรีตัดใหม่, RCA, โรงพยาบาลกรุงเทพ, มศว ประสานมิตร","BTS ทองหล่อ, MRT เพชรบุรี, ARL มักกะสัน",,,https://www.facebook.com/share/p/1CSXez6aPy/,https://www.facebook.com/share/p/1AUNLaFubX/,
PTP7145,ชีท,19/02/2026,The Hub Phahol–Ari (เดอะ ฮับ พหล–อารีย์),พื้นที่ให้เช่า/ขาย,1 Bed 1 Bath,44,4,"25,000",,"อารีย์, เจริญนคร","BTS กรุงธนบุรี, BTS เจริญนคร, BTS สายหลัก",https://www.livinginsider.com/istockdetail/DIoooI_CjyeyIC.html,,https://www.facebook.com/share/p/16x7MexFDV/?mibextid=wwXIfr,https://www.facebook.com/share/p/1BBSyRRJww/?mibextid=wwXIfr,
PTP7144,ชีท,19/02/2026,D65 Condominium (ดี65 คอนโดมิเนียม),คอนโด,Studio,35,2,,"2,500,000","อ่อนนุช, อุดมสุข, เอกมัย, พระโขนง, เจริญนคร","BTS เอกมัย, BTS พระโขนง, BTS กรุงธนบุรี",https://www.livinginsider.com/istockdetail/DIoooI_CjyeIjI.html,,https://www.facebook.com/share/p/1B9BdSs8ta/?mibextid=wwXIfr,https://www.facebook.com/share/p/1CQnj7iH7h/?mibextid=wwXIfr,
PTP7143,ชีท,19/02/2026,The Base Phetburi–Thonglor (เดอะ เบส เพชรบุรี–ทองหล่อ),คอนโด,1 Bed 1 Bath,32,29,"23,000","4,290,000","ทองหล่อ, เพชรบุรีตัดใหม่, RCA, โรงพยาบาลกรุงเทพ, มศว ประสานมิตร","MRT เพชรบุรี, BTS ทองหล่อ, ARL มักกะสัน",https://www.livinginsider.com/istockdetail/DIoooI_Cjyffgy.html,,https://www.facebook.com/share/p/1AVzPMJgmf/?mibextid=wwXIfr,https://www.facebook.com/share/p/14SryiVsMQZ/?mibextid=wwXIfr,
PTP7129,ชีท,18/02/2026,Ashton Asoke (แอชตัน อโศก),คอนโด,1 Bed 1 Bath,33,19,"35,000","7,000,000","ทองหล่อ, อโศก, สุขุมวิท, นานา","MRT สุขุมวิท, BTS อโศก, BTS นานา",https://www.livinginsider.com/istockdetail/DIoooI_CffejjD.html,,https://www.facebook.com/share/p/1E4LMf2utM/?mibextid=wwXIfr,https://www.facebook.com/share/p/19JGykpw3r/?mibextid=wwXIfr,
PTP7118,ชีท,17/02/2026,Lumpini Place Phahol - Saphankhwai (ลุมพินี เพลส พหล - สะพานควาย),คอนโด,3 Bed 2 Bath,90,11,"30,000",,"สะพานควาย จตุจักร, เจริญนคร","BTS สะพานควาย, MRT กำแพงเพชร, BTS กรุงธนบุรี",https://www.livinginsider.com/istockdetail/DIoooI_CjyCIbj.html,,https://www.facebook.com/share/p/1G1d2cNTjr/?mibextid=wwXIfr,https://www.facebook.com/share/p/1AvRt6DwEb/?mibextid=wwXIfr,
PTP7116,ชีท,16/02/2026,Somkid Place (สมคิด เพลส),คอนโด,Duplex 2 Bed 2 Bath,88,5,"20,000",,"วิทยุ, ชิดลม, หลังสวน, เพลินจิต","BTS ชิดลม, BTS เพลินจิต, ARL ราชปรารภ",https://www.livinginsider.com/istockdetail/DIoooI_CjyCIyg.html,,https://www.facebook.com/share/p/18C9fRGqLb/?mibextid=wwXIfr,https://www.facebook.com/share/p/1DrwxcJSUX/?mibextid=wwXIfr,
PTP7115,ชีท,16/02/2026,Aspire Sukhumvit - Onnut (แอสปาย สุขุมวิท - อ่อนนุช),คอนโด,2 Bed 1 Bath,52,6,"20,000","4,900,000","อ่อนนุช, อุดมสุข, เจริญนคร","BTS กรุงธนบุรี, BTS เจริญนคร",https://www.livinginsider.com/istockdetail/DIoooI_CjyCjbf.html,,https://www.facebook.com/share/p/1FXNtN711J/?mibextid=wwXIfr,https://www.facebook.com/share/p/1BsXcFmSoo/?mibextid=wwXIfr,
PTP7112,ชีท,16/02/2026,Ekkamai 12 Townhome (ทาวน์โฮม เอกมัย 12),บ้าน,3 Bed 2 Bath,200,,"50,000",,"ทองหล่อ, อโศก, สุขุมวิท, เอกมัย","BTS เอกมัย, BTS ทองหล่อ",https://www.livinginsider.com/istockdetail/DIoooI_Cjybogb.html,,https://www.facebook.com/share/p/1B88YcUNmx/?mibextid=wwXIfr,https://www.facebook.com/share/p/1PkuGUnKWN/?mibextid=wwXIfr,
PTP7105,ชีท,15/02/2026,บ้านเดี่ยว ลาดพร้าว 41 แยก 6-4,บ้าน,4 Bed 3 Bath,2,280,"35,000",,"ลาดพร้าว, เจริญนคร","BTS กรุงธนบุรี, BTS เจริญนคร, BTS สายหลัก",https://www.livinginsider.com/istockdetail/DIoooI_CjybICg.html,,https://www.facebook.com/share/p/17zSoXYVht/?mibextid=wwXIfr,https://www.facebook.com/share/p/1Cg8yfM2pe/?mibextid=wwXIfr,
PTP7104,ชีท,15/02/2026,Rhythm Sathorn (ริธึ่ม สาทร),คอนโด,2 Bed 2 Bath,67,34,"40,000","12,000,000","สาทร, เจริญนคร","BTS สะพานตากสิน, BTS สุรศักดิ์, BTS กรุงธนบุรี",https://www.livinginsider.com/istockdetail/DIoooI_Cjybjjf.html,,https://www.facebook.com/share/p/1AgTRPVEMZ/?mibextid=wwXIfr,https://www.facebook.com/share/p/1KoLf6dPDB/?mibextid=wwXIfr,
PTP7103,ชีท,15/02/2026,The Capital Eakamai – Thonglor (เดอะ แคปิตอล เอกมัย–ทองหล่อ),คอนโด,1 Bed 1 Bath,36.96,10,"19,000",,"เอกมัย, ทองหล่อ","BTS เอกมัย, BTS ทองหล่อ",https://www.livinginsider.com/istockdetail/DIoooI_CjyCogC.html,,https://www.facebook.com/share/p/17v9jn441J/?mibextid=wwXIfr,https://www.facebook.com/share/p/1DccireBSh/?mibextid=wwXIfr,
PTP7102,ชีท,15/02/2026,Commercial Building Rama 4 (ตึกพาณิชย์ ถนนพระราม 4),บ้าน,,750,,"220,000",,"คลองเตย กล้วยน้ำไท, เจริญนคร","BTS กรุงธนบุรี, BTS เจริญนคร",https://www.livinginsider.com/istockdetail/DIoooI_CjyCDbC.html,,https://www.facebook.com/share/p/1EGAZcAowM/?mibextid=wwXIfr,https://www.facebook.com/share/p/1E8juDaJLg/?mibextid=wwXIfr,
PTP7094,ชีท,14/02/2026,Moniiq Condo Sukhumvit 64 (โมนิค สุขุมวิท 64),คอนโด,2 Bed 1 Bath,48,3,"21,000",,"อ่อนนุช, อุดมสุข, ปุณณวิถี, บางจาก, เจริญนคร","BTS ปุณณวิถี, BTS บางจาก, BTS กรุงธนบุรี",https://www.livinginsider.com/istockdetail/DIoooI_CjgIjIj.html,,https://www.facebook.com/share/p/17DRnEiUmb/?mibextid=wwXIfr,https://www.facebook.com/share/p/14UNb3EENoL/?mibextid=wwXIfr,
PTP7093,ชีท,14/02/2026,M Thonglor 10 (เอ็ม ทองหล่อ 10),คอนโด,1 Bed 1 Bath,30,7,"21,000","4,850,000","ทองหล่อ, อโศก, สุขุมวิท, เอกมัย",BTS เอกมัย,https://www.livinginsider.com/istockdetail/DIoooI_Cjyobjg.html,,https://www.facebook.com/share/p/1CBJdNvPZU/?mibextid=wwXIfr,https://www.facebook.com/share/p/1HGHDrpyoX/?mibextid=wwXIfr,
PTP7092,ชีท,14/02/2026,Trapezo Sukhumvit 16 (ทราเพโซ สุขุมวิท 16),คอนโด,3 Bed 3 Bath,118.07,,"85,000","18,000,000","ทองหล่อ, อโศก, สุขุมวิท","BTS อโศก, MRT สุขุมวิท",https://www.livinginsider.com/istockdetail/DIoooI_Cjybofj.html,,https://www.facebook.com/share/p/1dPchbx2dA/?mibextid=wwXIfr,https://www.facebook.com/share/p/18Cy8khsPx/?mibextid=wwXIfr,
PTP7086,ชีท,13/02/2026,Home Office Pradit Manutham 9 (โฮมออฟฟิศ ประดิษฐ์มนูธรรม 9 / ลาดพร้าว 73),บ้าน,4 Bed 4 Bath,350,4.5,,"8,900,000","ลาดพร้าว, เจริญนคร","BTS กรุงธนบุรี, BTS เจริญนคร, BTS สายหลัก",https://www.livinginsider.com/istockdetail/DIoooI_CjfoDyy.html,,https://www.facebook.com/share/p/1NcZt27Vpy/?mibextid=wwXIfr,https://www.facebook.com/share/p/1KnaSPb4Ft/?mibextid=wwXIfr,
PTP7078,ชีท,13/02/2026,IDEO Q Phayathai (ไอดีโอ คิว พญาไท),คอนโด,3 Bed 3 Bath,115.88,30,"69,000",,ราชเทวี พญาไท,"BTS พญาไท, BTS ราชเทวี, BTS อนุสาวรีย์ชัยสมรภูมิ",https://www.livinginsider.com/istockdetail/DIoooI_Cjeeyfj.html,,https://www.facebook.com/share/p/17AHDsAnPa/?mibextid=wwXIfr,https://www.facebook.com/share/p/17yqdLAhC2/?mibextid=wwXIfr,
PTP7074,ชีท,12/02/2026,Noble Remix Thonglor (โนเบิล รีมิกซ์ ทองหล่อ),คอนโด,1 Bed 1 Bath,47,10,"30,000",,"ทองหล่อ, เอกมัย","BTS ทองหล่อ, BTS เอกมัย",https://www.facebook.com/groups/456957028207473/permalink/2083549912214835/,https://www.facebook.com/winssssinw/,https://www.facebook.com/share/p/18Hh54JgAH/?mibextid=wwXIfr,https://www.facebook.com/share/p/17zghkoDwR/?mibextid=wwXIfr,
PTP7073,ชีท,12/02/2026,MODIZ Sukhumvit 50 (โมดิซ สุขุมวิท 50),คอนโด,Duplex 1 Bed 1 Bath,42,20,"28,000",,"อ่อนนุช, อุดมสุข",BTS อ่อนนุช,https://www.livinginsider.com/istockdetail/DIoooI_CjgfIIy.html,,https://www.facebook.com/share/p/1F2894w3Gz/?mibextid=wwXIfr,https://www.facebook.com/share/p/1AqLM7vPbu/?mibextid=wwXIfr,
PTP7071,ชีท,12/02/2026,@ City Sukhumvit 101/1 (แอท ซิตี้ สุขุมวิท 101/1),คอนโด,2 Bed 1 Bath,60,9,"16,000",,"อ่อนนุช, อุดมสุข, ปุณณวิถี, เจริญนคร","BTS ปุณณวิถี, BTS อุดมสุข, BTS กรุงธนบุรี",https://www.livinginsider.com/istockdetail/DIoooI_CjggDeb.html,,https://www.facebook.com/share/p/18aKLT6D4o/?mibextid=wwXIfr,https://www.facebook.com/share/p/18LCm8GBfk/?mibextid=wwXIfr,
PTP7070,ชีท,12/02/2026,Townhouse Nuanchan 30 (ทาวน์เฮ้าส์ นวลจันทร์ 30),บ้าน,4 Bed 3 Bath,258,3,,"3,990,000","เกษตร นวมินทร์ ลาดปลาเค้า, เจริญนคร","BTS กรุงธนบุรี, BTS เจริญนคร, BTS สายหลัก",https://www.livinginsider.com/istockdetail/DIoooI_CjgggyC.html,,https://www.facebook.com/share/p/1GAc3HkFzC/?mibextid=wwXIfr,https://www.facebook.com/share/p/1Ezn5w3raD/?mibextid=wwXIfr,
PTP7069,ชีท,12/02/2026,Lumpini Place Srinakarin–Huamak (ลุมพินีเพลส ศรีนครินทร์–หัวหมาก),คอนโด,1 Bed 1 Bath,32,23,"13,000",,"พัฒนาการ ศรีนครินทร์, เจริญนคร","BTS กรุงธนบุรี, BTS เจริญนคร",https://www.livinginsider.com/istockdetail/DIoooI_CjggjCD.html,,https://www.facebook.com/share/p/1LE1GMDRfj/?mibextid=wwXIfr,https://www.facebook.com/share/p/1K1zRmZzsu/?mibextid=wwXIfr,
PTP7068,ชีท,12/02/2026,Atmoz Ratchada - Huaikwang (แอทโมช รัชดา - ห้วยขวาง),คอนโด,1 Bed 1 Bath,24.45,6,"14,000",,"รัชดา, ห้วยขวาง",MRT ศูนย์วัฒนธรรมแห่งประเทศไทย,https://www.livinginsider.com/istockdetail/DIoooI_CIgfCyj.html,,https://www.facebook.com/share/p/1FsbZ1UqjE/?mibextid=wwXIfr,https://www.facebook.com/share/p/1AmizD1uih/?mibextid=wwXIfr,
PTP7067,ชีท,12/02/2026,Shophouse near BTS Bang Chak (อาคารพาณิชย์ ใกล้ BTS บางจาก),บ้าน,,,4,"25,000",,"อ่อนนุช, อุดมสุข, เจริญนคร","BTS กรุงธนบุรี, BTS เจริญนคร, BTS สายหลัก",https://www.livinginsider.com/istockdetail/DIoooI_CjgyDCb.html,,https://www.facebook.com/share/p/17v6jtVeqU/?mibextid=wwXIfr,https://www.facebook.com/share/p/184rRRPthi/?mibextid=wwXIfr,
PTP7066,ชีท,10/02/2026,Premium Place Ramintra 14 (พรีเมียม เพลส รามอินทรา 14 / ซอยมัยลาภ),บ้าน,3 Bed 4 Bath,21,3,"27,000","4,500,000","เกษตร นวมินทร์ ลาดปลาเค้า, เจริญนคร","BTS กรุงธนบุรี, BTS เจริญนคร",https://www.livinginsider.com/istockdetail/DIoooI_CfybIIg.html,,https://www.facebook.com/share/p/1Ay61AcNZV/?mibextid=wwXIfr,https://www.facebook.com/share/p/17RuokY6Y3/?mibextid=wwXIfr,
PTP7065,ชีท,10/02/2026,MODIZ Sukhumvit 50 (โมดิซ สุขุมวิท 50),คอนโด,Duplex 1 Bed 1 Bath,42,20,"28,000",,"อ่อนนุช, อุดมสุข",BTS อ่อนนุช,https://www.livinginsider.com/istockdetail/DIoooI_CjgfIIy.html,,https://www.facebook.com/share/p/17ep6dntDB/?mibextid=wwXIfr,https://www.facebook.com/share/p/1Ai1uyLVkp/?mibextid=wwXIfr,
PTP7064,ชีท,10/02/2026,Prime Place 105 Lasalle 77 (ไพร์ม เพลส 105 ลาซาล 77),บ้าน,4 Bed 5 Bath,300,2,"30,000",,"บางนา, เจริญนคร","BTS กรุงธนบุรี, BTS เจริญนคร",https://www.livinginsider.com/istockdetail/DIoooI_CjggCCI.html,,https://www.facebook.com/share/p/1CTYgUTjHN/?mibextid=wwXIfr,https://www.facebook.com/share/p/1B3v6zuGu2/?mibextid=wwXIfr,
PTP7060,ชีท,10/02/2026,Life One Wireless (ไลฟ์ วัน ไวร์เลส),คอนโด,1 Bed 1 Bath,28,37,"23,000",,"วิทยุ, ชิดลม, หลังสวน, เพลินจิต","BTS เพลินจิต, BTS ชิดลม, ARL ราชปรารภ",https://www.livinginsider.com/istockdetail/DIoooI_CjfgIDe.html,,https://www.facebook.com/share/p/1QaSBcg25h/?mibextid=wwXIfr,https://www.facebook.com/share/p/1AWKPKNasZ/?mibextid=wwXIfr,
PTP7059,ชีท,10/02/2026,Premium Place Sukhonthasawat 38 (พรีเมียม เพลส สุคนธสวัสดิ์ 38),บ้าน,3 Bed 4 Bath,250,3,"28,000","6,500,000","เกษตร นวมินทร์ ลาดปลาเค้า, เจริญนคร","BTS กรุงธนบุรี, BTS เจริญนคร, BTS สายหลัก",https://www.livinginsider.com/istockdetail/DIoooI_Cjfgjgy.html,,https://www.facebook.com/share/p/1CRcP526kJ/?mibextid=wwXIfr,https://www.facebook.com/share/p/1Dz78fsY3T/?mibextid=wwXIfr,
PTP7055,ชีท,09/02/2026,Life @ Sukhumvit 65 (ไลฟ์ แอท สุขุมวิท 65),คอนโด,1 Bed 1 Bath,32,10,"15,000",,เจริญนคร,"BTS กรุงธนบุรี, BTS เจริญนคร",https://www.livinginsider.com/istockdetail/DIoooI_CjgDgyj.html,,https://www.facebook.com/share/p/1F4fDrG1ar/?mibextid=wwXIfr,https://www.facebook.com/share/p/17rRhQdv8V/?mibextid=wwXIfr,
PTP7054,ชีท,09/02/2026,Chewathai Residence Asoke (ชีวาทัย เรสซิเดนซ์ อโศก),คอนโด,1 Bed 1 Bath,38,8,"25,900",,"เพชรบุรีตัดใหม่, RCA, พระราม 9, มักกะสัน","MRT พระราม 9, ARL มักกะสัน, MRT เพชรบุรี",https://www.livinginsider.com/istockdetail/DIoooI_jDDofy.html,,https://www.facebook.com/share/p/18EHzim1zJ/?mibextid=wwXIfr,https://www.facebook.com/share/p/17QvgQXM1b/?mibextid=wwXIfr,
PTP7053,ชีท,09/02/2026,Chapter One Midtown Ladprao 24 (แชปเตอร์ วัน มิดทาวน์ ลาดพร้าว 24),คอนโด,2 Bed 2 Bath,59,16,"26,000",,"ลาดพร้าว, รัชดา","MRT ลาดพร้าว, MRT รัชดาภิเษก",https://www.livinginsider.com/istockdetail/DIoooI_CIbbCIo.html,,https://www.facebook.com/share/p/1ayDyr2o7z/?mibextid=wwXIfr,https://www.facebook.com/share/p/18cxbyoxoH/?mibextid=wwXIfr,
PTP7052,ชีท,09/02/2026,Supalai Park Asoke - Ratchada (ศุภาลัย ปาร์ค อโศก - รัชดา),คอนโด,1 Bed 1 Bath,49.5,26,"17,000",,"เพชรบุรีตัดใหม่, RCA, พระราม 9, มักกะสัน","MRT พระราม 9, ARL มักกะสัน, MRT เพชรบุรี",https://www.livinginsider.com/istockdetail/DIoooI_bjefDgC.html,,https://www.facebook.com/share/p/185ut12caV/?mibextid=wwXIfr,https://www.facebook.com/share/p/1B6gMPqjKy/?mibextid=wwXIfr,
PTP7051,ชีท,09/02/2026,The Coast Bangkok (เดอะ โคสต์ แบงค็อก),คอนโด,1 Bed 1 Bath,35,28,"16,000",,บางนา,BTS บางนา,https://www.livinginsider.com/istockdetail/DIoooI_bbfffog.html,,https://www.facebook.com/share/p/1BoM3fgB13/?mibextid=wwXIfr,https://www.facebook.com/share/p/1AUX4oVB4a/?mibextid=wwXIfr,
PTP7050,ชีท,09/02/2026,S.V. City Rama 3 (เอสวี ซิตี้ พระราม 3),คอนโด,1 Bed 1 Bath,87,,"18,500",,พระราม 3 สาธุประดิษฐ์,,https://www.livinginsider.com/istockdetail/DIoooI_CjgeybD.html,,https://www.facebook.com/share/p/17xjXY6D4m/?mibextid=wwXIfr,https://www.facebook.com/share/p/1CGpuaHMqh/?mibextid=wwXIfr,
PTP7046,ชีท,08/02/2026,Village Life Pattanakarn 38 (วิลเลจไล้ พัฒนาการ 38),บ้าน,3 Bed 2 Bath,166,2,"25,900",,"พัฒนาการ ศรีนครินทร์, เจริญนคร","BTS กรุงธนบุรี, BTS เจริญนคร",https://www.livinginsider.com/istockdetail/DIoooI_CjgboDf.html,,https://www.facebook.com/share/p/1AhQoeNzUN/?mibextid=wwXIfr,,
PTP7045,ชีท,08/02/2026,Atmoz Oasis Onnut (แอทโมซ โอเอซิส อ่อนนุช),คอนโด,1 Bed 1 Bath,25.8,4,"12,000",,"อ่อนนุช, อุดมสุข",MRT ศรีนุช,https://www.livinginsider.com/istockdetail/DIoooI_Cbooyjj.html,,https://www.facebook.com/share/p/1DW3nzynCb/?mibextid=wwXIfr,https://www.facebook.com/share/p/1KXoAGKrbP/?mibextid=wwXIfr,
PTP7044,ชีท,08/02/2026,House Seri Thai 57 (หมู่บ้านสหกรณ์ เสรีไทย 57 / แยก 61),บ้าน,3 Bed 1 Bath,,1,"15,000",,"เสรีไทย-นิด้า, เจริญนคร","BTS กรุงธนบุรี, BTS เจริญนคร",https://www.livinginsider.com/istockdetail/DIoooI_CjgCfeg.html,,https://www.facebook.com/share/p/18CjmPBcHb/?mibextid=wwXIfr,https://www.facebook.com/share/p/1GhtuZP1eG/?mibextid=wwXIfr,
PTP7043,ชีท,08/02/2026,The Privacy Rama 9 (เดอะ ไพรเวซี่ พระราม 9),คอนโด,1 Bed 1 Bath,23,17,"12,000",,"เพชรบุรีตัดใหม่, RCA, พระราม 9, รามคำแหง",ARL รามคำแหง,https://www.livinginsider.com/istockdetail/DIoooI_CjgCyoo.html,,https://www.facebook.com/share/p/1BwFLQ27MS/?mibextid=wwXIfr,https://www.facebook.com/share/p/183mbx4zoq/?mibextid=wwXIfr,
PTP7042,ชีท,08/02/2026,Supalai Veranda Ramkhamhaeng (ศุภาลัย เวอเรนด้า รามคำแหง ),คอนโด,1 Bed 1 Bath,30,17,"12,000",,"รามคำแหง, เจริญนคร","BTS กรุงธนบุรี, BTS เจริญนคร",https://www.livinginsider.com/istockdetail/DIoooI_CjgDbbg.html,,https://www.facebook.com/share/p/1CzqUXXfBZ/?mibextid=wwXIfr,https://www.facebook.com/share/p/1GR64dNro5/?mibextid=wwXIfr,
PTP7034,ชีท,07/02/2026,Sermsiri Townhouse Ramintra 40 (หมู่บ้านเสริมสิริ รามอินทรา 40),บ้าน,2 Bed 2 Bath,,2,,"2,250,000","เกษตร นวมินทร์ ลาดปลาเค้า, เจริญนคร","BTS กรุงธนบุรี, BTS เจริญนคร, BTS สายหลัก",https://www.livinginsider.com/istockdetail/DIoooI_CIfjDoe.html,https://www.facebook.com/marc.isara1/,https://www.facebook.com/share/p/17qTB48J4K/?mibextid=wwXIfr,https://www.facebook.com/share/p/1BszbHy5iU/?mibextid=wwXIfr,
PTP7031,ชีท,07/02/2026,Premium Place Sukontasawat 38 (พรีเมียม เพลส สุคนธสวัสดิ์ 38),บ้าน,3 Bed 4 Bath,250,3,"28,000","6,500,000","เกษตร นวมินทร์ ลาดปลาเค้า, เจริญนคร","BTS กรุงธนบุรี, BTS เจริญนคร, BTS สายหลัก",https://www.livinginsider.com/istockdetail/DIoooI_Cjfgjgy.html,,https://www.facebook.com/share/p/1DnFWxNgoz/?mibextid=wwXIfr,https://www.facebook.com/share/p/1bD6i6a9fa/?mibextid=wwXIfr,
PTP7029,ชีท,07/02/2026,President Condo Onnut (เพรสซิเดนท์ คอนโด อ่อนนุช),คอนโด,1 Bed 1 Bath,34.75,7,"17,000",,"อ่อนนุช, อุดมสุข, บางจาก, เจริญนคร","BTS อ่อนนุช, BTS บางจาก, BTS กรุงธนบุรี",https://www.livinginsider.com/istockdetail/DIoooI_CjfyCyg.html,,https://www.facebook.com/share/p/1C6Ej4Dgrw/?mibextid=wwXIfr,,
PTP7028,ชีท,07/02/2026,OKA HAUS Sukhumvit 36 (โอกะ เฮาส์ สุขุมวิท 36),คอนโด,2 Bed 1 Bath,41.2,17,"33,000",,"ทองหล่อ, อโศก, สุขุมวิท","BTS ทองหล่อ, MRT ศูนย์ประชุมแห่งชาติสิริกิติ์",https://www.livinginsider.com/istockdetail/DIoooI_CCCefeb.html,,https://www.facebook.com/share/p/1KPeMYFDwe/?mibextid=wwXIfr,https://www.facebook.com/share/p/17sbZjB5BX/?mibextid=wwXIfr,
PTP7027,ชีท,07/02/2026,Life Asoke Rama 9 (ไลฟ์ อโศก - พระราม 9),คอนโด,1 Bed 1 Bath,26,19,"16,000",,"อโศก, เพชรบุรีตัดใหม่, RCA, มศว ประสานมิตร, พระราม 9","MRT พระราม 9, ARL มักกะสัน, MRT เพชรบุรี",https://www.livinginsider.com/istockdetail/DIoooI_CjfgIbj.html,,https://www.facebook.com/share/p/1FD8q8YbF6/?mibextid=wwXIfr,https://www.facebook.com/share/p/1WxP5Yc5om/?mibextid=wwXIfr,
PTP7026,ชีท,05/02/2026,Vista Garden Sukhumvit 71 (วิสต้า การ์เด้น สุขุมวิท 71),คอนโด,1 Bed 1 Bath,44,10,,"3,300,000","อ่อนนุช, อุดมสุข, พระโขนง","BTS พระโขนง, BTS อ่อนนุช",https://www.livinginsider.com/istockdetail/DIoooI_CjfIDgb.html,,https://www.facebook.com/share/p/1DY6b8VL4M/?mibextid=wwXIfr,https://www.facebook.com/share/p/185EPsQRJ4/?mibextid=wwXIfr,
PTP7025,ชีท,05/02/2026,Circle Condominium Petchburi (เซอร์เคิล คอนโด เพชรบุรี),คอนโด,2 Bed 2 Bath,75,12,"35,000",,"เพชรบุรีตัดใหม่, RCA, พระราม 9, มักกะสัน, นานา","ARL มักกะสัน, MRT เพชรบุรี, BTS นานา",https://www.livinginsider.com/istockdetail/DIoooI_CCIfyfC.html,,https://www.facebook.com/share/p/1ARZBB7Mz6/?mibextid=wwXIfr,https://www.facebook.com/share/p/1ARrhRxpG5/?mibextid=wwXIfr,
PTP7024,ชีท,05/02/2026,Le Cote Thonglor 8 (เลอ โคเต้ ทองหล่อ 8),คอนโด,Duplex 2 Bed 2 Bath,73,2-3,"45,000",,"ทองหล่อ, อโศก, สุขุมวิท","BTS ทองหล่อ, MRT สุขุมวิท, BTS อโศก",https://www.livinginsider.com/istockdetail/DIoooI_CbDjCgo.html,,https://www.facebook.com/share/p/1DLZuwcoEj/?mibextid=wwXIfr,https://www.facebook.com/share/p/1AM4JjgWmt/?mibextid=wwXIfr,
PTP7023,ชีท,05/02/2026,The Connect 15 Onnut (เดอะ คอนเนค 15 อ่อนนุช),บ้าน,4 Bed 3 Bath,37,2,"23,000",,"ลาดกระบัง สุวรรณภูมิ, เจริญนคร","BTS กรุงธนบุรี, BTS เจริญนคร",https://www.livinginsider.com/istockdetail/DIoooI_CooyICb.html,,https://www.facebook.com/share/p/1HBCYEi6DB/?mibextid=wwXIfr,https://www.facebook.com/share/p/189JHEotkJ/?mibextid=wwXIfr,
PTP7022,ชีท,05/02/2026,M Thonglor 10 (เอ็ม ทองหล่อ 10),คอนโด,2 Bed 2 Bath,58,19,"50,000","12,500,000","ทองหล่อ, อโศก, สุขุมวิท, เอกมัย",BTS เอกมัย,https://www.facebook.com/groups/456957028207473/permalink/2077358006167359/,https://www.facebook.com/tk2hours/,https://www.facebook.com/share/p/1DFTviAKdA/?mibextid=wwXIfr,https://www.facebook.com/share/p/1KT6Vgmzjg/?mibextid=wwXIfr,
PTP7016,ชีท,03/02/2026,Life Ladprao (ไลฟ์ ลาดพร้าว),คอนโด,1 Bed 1 Bath,28,33,"16,000",,ลาดพร้าว,"BTS ห้าแยกลาดพร้าว, MRT พหลโยธิน, BTS พหลโยธิน 24",https://www.livinginsider.com/istockdetail/DIoooI_Cjfgjjo.html,,https://www.facebook.com/share/p/1KwP6wQ9Uy/?mibextid=wwXIfr,https://www.facebook.com/share/p/1B5ZvWondG/?mibextid=wwXIfr,
PTP7015,ชีท,03/02/2026,The Base Sukhumvit 50 (เดอะ เบส สุขุมวิท 50),คอนโด,2 Bed 2 Bath,56.3,8,"33,000",,"อ่อนนุช, อุดมสุข",BTS อ่อนนุช,https://www.facebook.com/groups/456957028207473/permalink/2074753173094509/,https://www.facebook.com/profile.php?id=100069502456438,https://www.facebook.com/share/p/1DYnancvhN/?mibextid=wwXIfr,https://www.facebook.com/share/p/14UzVt8HZZ3/?mibextid=wwXIfr,The Base Sukhumvit 50
PTP7004,ชีท,02/02/2026,Home Office ซอยลาดพร้าววังหิน 34 (หมู่บ้านชาลิสา),บ้าน,6 Bed 3 Bath,200,,"35,000",,"ลาดพร้าว, เจริญนคร","BTS กรุงธนบุรี, BTS เจริญนคร",https://www.livinginsider.com/istockdetail/DIoooI_beeffCI.html,,https://www.facebook.com/share/p/1AiD5CeWui/?mibextid=wwXIfr,https://www.facebook.com/share/p/1KmmU2vJWX/?mibextid=wwXIfr,
PTP7003,ชีท,02/02/2026,The Inspire Place ABAC Ramkhamhaeng (ดิ อินสไปร์ เพลส ABAC รามคำแหง),คอนโด,3 Bed 3 Bath,120,15,"32,000",,"รามคำแหง, เจริญนคร","BTS กรุงธนบุรี, BTS เจริญนคร",https://www.livinginsider.com/istockdetail/DIoooI_yeCgIf.html,,https://www.facebook.com/share/p/1AES7Ad9hj/?mibextid=wwXIfr,https://www.facebook.com/share/p/1KGEqrvkd4/?mibextid=wwXIfr,
PTP7002,ชีท,02/02/2026,Chamber Chaan Ladprao–Wanghin (แชมเบอร์ชาน ลาดพร้าว–วังหิน),คอนโด,2 Bed 2 Bath,56,,"16,500",,"เกษตรศาสตร์ รัชโยธิน, เจริญนคร","BTS กรุงธนบุรี, BTS เจริญนคร",https://www.livinginsider.com/istockdetail/DIoooI_CjffCyI.html,,https://www.facebook.com/share/p/1AES7Ad9hj/?mibextid=wwXIfr,https://www.facebook.com/share/p/1P1jyqZyvp/?mibextid=wwXIfr,
PTP7001,ชีท,02/02/2026,Supalai Veranda Ramkhamhaeng (ศุภาลัย เวอเรนด้า รามคำแหง ),คอนโด,1 Bed 1 Bath,35,15,"15,500",,"รามคำแหง, เจริญนคร","BTS กรุงธนบุรี, BTS เจริญนคร",https://www.livinginsider.com/istockdetail/DIoooI_Cjffbgf.html,,https://www.facebook.com/share/p/1CPsr7QQk9/?mibextid=wwXIfr,https://www.facebook.com/share/p/17L28cHxkQ/?mibextid=wwXIfr,
PTP6996,ชีท,02/02/2026,Centro Suksawat–Rama 3 (เซนโทร สุขสวัสดิ์–พระราม 3),บ้าน,1 Bed 1 Bath,,,,,,,,https://www.facebook.com/prasert.kiddee.37/,https://www.facebook.com/share/p/1Ho2MD99C9/?mibextid=wwXIfr,https://www.facebook.com/share/p/1Bv3S5WDAZ/?mibextid=wwXIfr,Centro สุขสวัสดิ์-พระราม 3
PTP6995,ชีท,01/02/2026,Townhouse Phatthanakan 23 (ทาวน์เฮาส์ ซอยพัฒนาการ 23),บ้าน,4 Bed 2 Bath,35,140,"30,000",,"พัฒนาการ ศรีนครินทร์, เจริญนคร","BTS กรุงธนบุรี, BTS เจริญนคร",https://www.livinginsider.com/istockdetail/DIoooI_bbIbeyb.html,,https://www.facebook.com/share/p/18DpfE4GSW/?mibextid=wwXIfr,https://www.facebook.com/share/p/1Ainq463aJ/?mibextid=wwXIfr,
PTP6992,ชีท,01/02/2026,The Tree Pattanakarn - Ekkamai (เดอะ ทรี พัฒนาการ - เอกมัย),คอนโด,1 Bed 1 Bath,26.95,,"13,500",,"เพชรบุรีตัดใหม่, RCA, พระราม 9, รามคำแหง",ARL รามคำแหง,https://www.livinginsider.com/istockdetail/DIoooI_CegoIDb.html,,https://www.facebook.com/share/p/1ELVfNsSd6/?mibextid=wwXIfr,https://www.facebook.com/share/p/17gCMhXVnY/?mibextid=wwXIfr,
PTP6991,ชีท,01/02/2026,THE BASE Phetchaburi - Thonglor (เดอะ เบส เพชรบุรี - ทองหล่อ),คอนโด,1 Bed 1 Bath,32,16,"19,000",,"ทองหล่อ, เพชรบุรีตัดใหม่, RCA, โรงพยาบาลกรุงเทพ, มศว ประสานมิตร","MRT เพชรบุรี, BTS ทองหล่อ, ARL มักกะสัน",https://www.livinginsider.com/istockdetail/DIoooI_CIbfgCf.html,,https://www.facebook.com/share/p/1C85nTFtuu/?mibextid=wwXIfr,https://www.facebook.com/share/p/1CDoJk6GBq/?mibextid=wwXIfr,
PTP6990,ชีท,01/02/2026,Rhythm Ratchada (ริธึ่ม รัชดา),คอนโด,1 Bed 1 Bath,36,9,"16,000",,"รัชดา, ห้วยขวาง, ลาดพร้าว","MRT รัชดาภิเษก, MRT ภาวนา, MRT ลาดพร้าว",https://www.livinginsider.com/istockdetail/DIoooI_bgjgoyC.html,,https://www.facebook.com/share/p/1B6u3x5DdM/?mibextid=wwXIfr,https://www.facebook.com/share/p/19qhkGgEfE/?mibextid=wwXIfr,
PTP6980,ชีท,31/01/2026,Patio Phatthanakan 38 (พาทิโอ พัฒนาการ 38),บ้าน,,,3,"25,000",,เจริญนคร,"BTS กรุงธนบุรี, BTS เจริญนคร",https://www.livinginsider.com/istockdetail/DIoooI_CgjyCDo.html,,https://www.facebook.com/share/p/185asweEDP/?mibextid=wwXIfr,https://www.facebook.com/share/p/18LzwxZ9mC/?mibextid=wwXIfr,
PTP6979,ชีท,31/01/2026,Facial Spa (Thonglor Area),พื้นที่ให้เช่า/ขาย,,,1,,"3,600,000","ทองหล่อ, อโศก, สุขุมวิท",BTS ทองหล่อ,https://www.livinginsider.com/istockdetail/DIoooI_CjfCIgf.html,,https://www.facebook.com/share/p/1JJ46AFYiD/?mibextid=wwXIfr,https://www.facebook.com/share/p/1BjKZ76VBY/?mibextid=wwXIfr,
PTP6978,ชีท,31/01/2026,Master View Executive Place (มาสเตอร์ วิว เอ็กเซ็กคิวทีฟ เพลส),คอนโด,1 Bed 1 Bath,67,17,"17,000",,"เจริญนคร, วงเวียนใหญ่","BTS กรุงธนบุรี, BTS วงเวียนใหญ่, BTS เจริญนคร",https://www.livinginsider.com/istockdetail/DIoooI_CjfCeeC.html,,https://www.facebook.com/share/p/14PD1jMudMj/?mibextid=wwXIfr,https://www.facebook.com/share/p/1Aa26tkbzF/?mibextid=wwXIfr,
PTP6977,ชีท,31/01/2026,Aspire Onnut Station (แอสปาย อ่อนนุช สเตชั่น),คอนโด,1 Bed 1 Bath,27,,"19,000",,"อ่อนนุช, อุดมสุข, เจริญนคร","BTS กรุงธนบุรี, BTS เจริญนคร, BTS อ่อนนุช",https://www.livinginsider.com/istockdetail/DIoooI_CjfDjjI.html,,https://www.facebook.com/share/p/19PWd9hpUf/?mibextid=wwXIfr,https://www.facebook.com/share/p/1FHrxUX5mb/?mibextid=wwXIfr,
PTP6976,ชีท,31/01/2026,Nalinville 5 (หมู่บ้านนลินวิลล์ 5),บ้าน,3 Bed 3 Bath,60,2,"25,000",,เจริญนคร,"BTS กรุงธนบุรี, BTS เจริญนคร",https://www.livinginsider.com/istockdetail/DIoooI_CjejCDI.html,,https://www.facebook.com/share/p/1Bxsyzpn3Y/?mibextid=wwXIfr,https://www.facebook.com/share/p/1NBFzB5fz5/?mibextid=wwXIfr,
PTP6975,ชีท,31/01/2026,Serene Place Sukhumvit 24 (เซรีน เพลส สุขุมวิท 24),คอนโด,2 Bed 2 Bath,82.11,7,"45,000",,"ทองหล่อ, อโศก, สุขุมวิท","BTS อโศก, MRT สุขุมวิท",https://www.livinginsider.com/istockdetail/DIoooI_CjfeCDe.html,,https://www.facebook.com/share/p/1A5NTQCNKM/?mibextid=wwXIfr,https://www.facebook.com/share/p/1G6upfs5fS/?mibextid=wwXIfr,
PTP6964,ชีท,29/01/2026,Mayfair Place Sukhumvit 64 (เมย์แฟร์ เพลส สุขุมวิท 64),คอนโด,2 Bed 2 Bath,70,7,"28,000",,"อ่อนนุช, อุดมสุข, ปุณณวิถี","BTS ปุณณวิถี, BTS อุดมสุข",https://www.livinginsider.com/istockdetail/DIoooI_CeDgbog.html,,https://www.facebook.com/share/p/186gYaDqcw/?mibextid=wwXIfr,https://www.facebook.com/share/p/17gGm1z5kw/?mibextid=wwXIfr,
PTP6963,ชีท,29/01/2026,D condo Sukhumvit 109 (ดีคอนโด สุขุมวิท 109),คอนโด,2 Bed 2 Bath,62,,"185,000",,"บางนา, แบริ่ง, เจริญนคร","BTS แบริ่ง, BTS กรุงธนบุรี, BTS เจริญนคร",https://www.livinginsider.com/istockdetail/DIoooI_CygbjIe.html,,https://www.facebook.com/share/p/1N8Qu5Usbc/?mibextid=wwXIfr,https://www.facebook.com/share/p/1AX7WQWh8Y/?mibextid=wwXIfr,
PTP6962,ชีท,29/01/2026,Attitude Bearing 14 (แอทติจูด แบริ่ง 14),คอนโด,2 Bed 2 Bath,53,7,,"3,290,000","บางนา, แบริ่ง, เจริญนคร","BTS แบริ่ง, BTS กรุงธนบุรี, BTS เจริญนคร",https://www.livinginsider.com/istockdetail/DIoooI_CyejfDe.html,,https://www.facebook.com/share/p/19mLRE7S8Y/?mibextid=wwXIfr,https://www.facebook.com/share/p/1F7EX3huPW/?mibextid=wwXIfr,
PTP6961,ชีท,29/01/2026,The Niche Mono Sukhumvit 50 (เดอะ นิช โมโน สุขุมวิท 50),คอนโด,1 Bed 1 Bath,30,,"12,500",,"อ่อนนุช, อุดมสุข",BTS อ่อนนุช,https://www.livinginsider.com/istockdetail/DIoooI_byejeoy.html,,https://www.facebook.com/share/p/18QuxeE5dm/?mibextid=wwXIfr,https://www.facebook.com/share/p/17mdGaxMX8/?mibextid=wwXIfr,
PTP6955,ชีท,29/01/2026,Noble Revolve Ratchada 2 (โนเบิล รีวอลฟ์ รัชดา 2),คอนโด,1 Bed 1 Bath,25.5,20,"17,000",,"รัชดา, ห้วยขวาง, พระราม 9","MRT ศูนย์วัฒนธรรมแห่งประเทศไทย, MRT พระราม 9",https://www.livinginsider.com/istockdetail/DIoooI_Cgegfbj.html,https://www.facebook.com/peachy.rungwara/,https://www.facebook.com/share/p/1J3mHFCrtJ/?mibextid=wwXIfr,https://www.facebook.com/share/p/1BxcbvjXji/?mibextid=wwXIfr,
PTP6952,ชีท,28/01/2026,The Base Garden Rama 9 (เดอะ เบส การ์เดน พระราม 9),คอนโด,1 Bed 1 Bath,35,5,"16,500",,"เพชรบุรีตัดใหม่, RCA, พระราม 9, รามคำแหง",ARL รามคำแหง,https://www.livinginsider.com/istockdetail/DIoooI_CjegIfe.html,,https://www.facebook.com/share/p/19hqc2X2x1/?mibextid=wwXIfr,https://www.facebook.com/share/p/1AbMB3UURj/?mibextid=wwXIfr,
PTP6951,ชีท,28/01/2026,The Coast Bangkok (เดอะ โคสต์ แบงค็อก),คอนโด,1 Bed 1 Bath,36,,"15,000",,บางนา,BTS บางนา,https://www.livinginsider.com/istockdetail/DIoooI_egbbby.html,,https://www.facebook.com/share/p/1LYD5ihqLY/?mibextid=wwXIfr,https://www.facebook.com/share/p/1DfuS9BXRd/?mibextid=wwXIfr,
PTP6950,ชีท,28/01/2026,Casa Condo Asoke - Dindaeng (คาซ่า คอนโด อโศก - ดินแดง),คอนโด,Studio,27,,"12,000",,"เพชรบุรีตัดใหม่, RCA, พระราม 9",BTS อนุสาวรีย์ชัยสมรภูมิ,https://www.livinginsider.com/istockdetail/DIoooI_CoIojbg.html,,https://www.facebook.com/share/p/1AWpkMB6Qh/?mibextid=wwXIfr,https://www.facebook.com/share/p/1AnTw3TKgu/?mibextid=wwXIfr,
PTP6941,ชีท,28/01/2026,Centric Sathorn (เซ็นทริค สาทร),คอนโด,1 Bed 1 Bath,42,20,"20,000",,"สาทร, เจริญนคร","BTS สุรศักดิ์, BTS ช่องนนทรี, BTS กรุงธนบุรี",https://www.livinginsider.com/istockdetail/DIoooI_Cjegyeo.html,,https://www.facebook.com/share/p/181o48X8Lc/?mibextid=wwXIfr,,
PTP6940,ชีท,28/01/2026,Supalai Premier @ Asoke (ศุภาลัย พรีเมียร์ แอท อโศก),คอนโด,1 Bed 1 Bath,55,35,"28,900",,"เพชรบุรีตัดใหม่, RCA, พระราม 9, มักกะสัน","MRT เพชรบุรี, ARL มักกะสัน",https://www.livinginsider.com/istockdetail/DIoooI_CbjogII.html,,https://www.facebook.com/share/p/1KC5Fx77CE/?mibextid=wwXIfr,https://www.facebook.com/share/p/188tJi8Ndr/?mibextid=wwXIfr,
PTP6939,ชีท,27/01/2026,Tai Ping Towers (ไท ปิง ทาวเวอร์),คอนโด,2 Bed 2 Bath,102,2,"50,000",,"ทองหล่อ, อโศก, สุขุมวิท, เอกมัย","BTS ทองหล่อ, BTS เอกมัย",https://www.livinginsider.com/istockdetail/DIoooI_CjCDgDy.html,,https://www.facebook.com/share/p/1AMGYvHdyh/?mibextid=wwXIfr,https://www.facebook.com/share/p/1S5Rt57un1/?mibextid=wwXIfr,
PTP6938,ชีท,27/01/2026,Rhythm Sukhumvit 36 - 38 (ริทึ่ม สุขุมวิท 36 - 38),คอนโด,1 Bed 1 Bath,34,15,"23,000",,"ทองหล่อ, อโศก, สุขุมวิท, เอกมัย","BTS ทองหล่อ, BTS เอกมัย",https://www.livinginsider.com/istockdetail/DIoooI_Cjeybyg.html,,https://www.facebook.com/share/p/1GkdoTP1FA/?mibextid=wwXIfr,https://www.facebook.com/share/p/1DDiFtRJWV/?mibextid=wwXIfr,
PTP6936,ชีท,27/01/2026,The Waterford Sukhumvit 50 (เดอะ วอเตอร์ฟอร์ด สุขุมวิท 50),คอนโด,1 Bed 1 Bath,45.72,2,,"2,950,000","อ่อนนุช, อุดมสุข, พระโขนง","BTS อ่อนนุช, BTS พระโขนง",https://www.livinginsider.com/istockdetail/DIoooI_CjeIfbo.html,,https://www.facebook.com/share/p/1AkRBS4eiN/?mibextid=wwXIfr,https://www.facebook.com/share/p/1GSWiBKvFg/?mibextid=wwXIfr,
PTP6935,ชีท,27/01/2026,Thru Thonglor (ทรู ทองหล่อ),คอนโด,1 Bed 1 Bath,31,21,"17,000",,"ทองหล่อ, เพชรบุรีตัดใหม่, RCA, โรงพยาบาลกรุงเทพ, มศว ประสานมิตร","BTS ทองหล่อ, MRT เพชรบุรี, ARL มักกะสัน",,,https://www.facebook.com/share/p/16qCdLHzzY/?mibextid=wwXIfr,https://www.facebook.com/share/p/18MJoqaAjv/?mibextid=wwXIfr,
PTP6913,ชีท,25/01/2026,Zenith Place @ Huai Khwang (ซีณิธ เพลส แอท ห้วยขวาง),คอนโด,1 Bed 1 Bath,,,"12,000",,"รัชดา, ห้วยขวาง",MRT ห้วยขวาง,https://www.livinginsider.com/istockdetail/DIoooI_CjefjIb.html,,https://www.facebook.com/share/p/1FCThF2EP8/?mibextid=wwXIfr,https://www.facebook.com/share/p/1CKDqcxAXW/?mibextid=wwXIfr,
PTP6912,ชีท,25/01/2026,Centric Ratchayothin (เซ็นทริค รัชโยธิน),คอนโด,1 Bed 1 Bath,34.72,9,"22,000",,เกษตรศาสตร์ รัชโยธิน,"BTS รัชโยธิน, BTS เสนานิคม, BTS พหลโยธิน 24",https://www.livinginsider.com/istockdetail/DIoooI_Cjegeoo.html,,https://www.facebook.com/share/p/1Act1FWutM/?mibextid=wwXIfr,https://www.facebook.com/share/p/1ApeWfDJxK/?mibextid=wwXIfr,
PTP6911,ชีท,25/01/2026,Elio Del Ray Condo (เอลลิโอ เดล เรย์),คอนโด,Studio,26.5,2,,"1,650,000","อ่อนนุช, อุดมสุข, ปุณณวิถี, เจริญนคร","BTS ปุณณวิถี, BTS อุดมสุข, BTS กรุงธนบุรี",https://www.livinginsider.com/istockdetail/DIoooI_Cjegfoe.html,,https://www.facebook.com/share/p/1C8AJ9PjPc/?mibextid=wwXIfr,https://www.facebook.com/share/p/1D671hK1Uh/?mibextid=wwXIfr,
PTP6910,ชีท,25/01/2026,The Signature by Urbano (เดอะ ซิกเนเจอร์ บาย เออร์บาโน่),คอนโด,2 Bed 1 Bath,48,,"28,000",,"สะพานควาย จตุจักร, เจริญนคร","BTS สะพานควาย, MRT กำแพงเพชร, BTS กรุงธนบุรี",https://www.livinginsider.com/istockdetail/DIoooI_Cjegfbo.html,,https://www.facebook.com/share/p/1DDkdWJCdA/?mibextid=wwXIfr,https://www.facebook.com/share/p/184ikKfME5/?mibextid=wwXIfr,
PTP6909,ชีท,25/01/2026,Life Asoke Hype (ไลฟ์ อโศก ไฮป์),คอนโด,Studio,26,27,"17,000",,"อโศก, เพชรบุรีตัดใหม่, RCA, มศว ประสานมิตร, พระราม 9","ARL มักกะสัน, MRT พระราม 9, MRT เพชรบุรี",https://www.livinginsider.com/istockdetail/DIoooI_Cjefjfj.html,,https://www.facebook.com/share/p/1DWPF1DmiA/?mibextid=wwXIfr,https://www.facebook.com/share/p/1AFCg9CgqC/?mibextid=wwXIfr,
PTP6906,ชีท,24/01/2026,Siamese Sukhumvit 48 (Ramada Plaza Residence) ไซมิส สุขุมวิท 48 (รามาดา พลาซ่า เรสซิเดนซ์),คอนโด,Duplex 1 Bed 1 Bath,44,14,"30,000","5,200,000","อ่อนนุช, อุดมสุข",BTS อ่อนนุช,https://www.livinginsider.com/istockdetail/DIoooI_bbyCybe.html,,https://www.facebook.com/share/p/1HJvDL93ze/?mibextid=wwXIfr,https://www.facebook.com/share/p/1BHvd366NF/?mibextid=wwXIfr,
PTP6905,ชีท,24/01/2026,Whizdom @ Punnawithi Station (วิสซ์ดอม ปุณณวิถี สเตชั่น),คอนโด,2 Bed 2 Bath,60,5,"25,000",,เจริญนคร,"BTS กรุงธนบุรี, BTS เจริญนคร",https://www.livinginsider.com/istockdetail/DIoooI_CjDbjCe.html,,https://www.facebook.com/share/p/18JjZ4LWEi/?mibextid=wwXIfr,https://www.facebook.com/share/p/181edn8Qbs/?mibextid=wwXIfr,
PTP6904,ชีท,24/01/2026,IDEO Sukhumvit 93 (ไอดีโอ สุขุมวิท 93 ),คอนโด,Studio,25.62,,"15,000","3,590,000","บางจาก, พระโขนง, สุขุมวิท, อ่อนนุช, อุดมสุข","BTS บางจาก, BTS อ่อนนุช",https://www.livinginsider.com/istockdetail/DIoooI_CjCCyby.html,,https://www.facebook.com/share/p/1AQzwJENwW/?mibextid=wwXIfr,https://www.facebook.com/share/p/1Cjfaf6jKY/?mibextid=wwXIfr,
PTP6903,ชีท,24/01/2026,Quintara Arte Sukhumvit 52 (ควินทารา อาเท่ สุขุมวิท 52),คอนโด,1 Bed 1 Bath,36.6,2,"20,000",,"อ่อนนุช, อุดมสุข, บางจาก, เจริญนคร","BTS อ่อนนุช, BTS บางจาก, BTS กรุงธนบุรี",https://www.livinginsider.com/istockdetail/DIoooI_CefIbCg.html,,https://www.facebook.com/share/p/1GG7R4AVNa/?mibextid=wwXIfr,https://www.facebook.com/share/p/1814ynqvFz/?mibextid=wwXIfr,
PTP6896,ชีท,24/01/2026,Noble NUE Z-Square Suan Luang Station (โนเบิล นิว ซี สแควร์ สวนหลวง สเตชั่น),คอนโด,2 Bed 1 Bath,35,7,"13,000","2,950,000","พัฒนาการ ศรีนครินทร์, เจริญนคร","MRT สวนหลวง ร.9, MRT ศรีนครินทร์ 38, BTS กรุงธนบุรี",https://www.livinginsider.com/istockdetail/DIoooI_CjefgIg.html,,https://www.facebook.com/share/p/1QSU6ARtGn/?mibextid=wwXIfr,https://www.facebook.com/share/p/1HLBJqK6jn/?mibextid=wwXIfr,
PTP6895,ชีท,24/01/2026,FLORAVILLE Condominium (ฟลอร่าวิลล์ คอนโดมิเนียม),คอนโด,2 Bed 2 Bath,105,6,"25,000","4,830,000","พัฒนาการ ศรีนครินทร์, เจริญนคร","MRT หัวหมาก ( สีเหลือง ), ARL หัวหมาก, BTS กรุงธนบุรี",https://www.livinginsider.com/istockdetail/DIoooI_CjefyCD.html,,https://www.facebook.com/share/p/1CAdKguePx/?mibextid=wwXIfr,https://www.facebook.com/share/p/1YVahbyviX/?mibextid=wwXIfr,
PTP6892,ชีท,23/01/2026,Aspire Sukhumvit 48 (แอสปาย สุขุมวิท 48),คอนโด,1 Bed 1 Bath,39,15,"17,500",,"อ่อนนุช, อุดมสุข, พระโขนง","BTS พระโขนง, BTS อ่อนนุช",https://m.facebook.com/groups/prakard/permalink/4079758365493630/?mibextid=wwXIfr,,https://www.facebook.com/share/p/1Q37RP2fHa/?mibextid=wwXIfr,https://www.facebook.com/share/p/1C4Td7ERg7/?mibextid=wwXIfr,
PTP6886,ชีท,23/01/2026,Townhouse Rama 9 Soi 11 (ทาวน์เฮ้าส์ พระราม 9 ซอย 11),บ้าน,8 Bed 10 Bath,700,3,,"12,500,000","เพชรบุรีตัดใหม่, RCA, พระราม 9, มักกะสัน","MRT พระราม 9, ARL มักกะสัน",https://www.livinginsider.com/istockdetail/DIoooI_CjeDfIo.html,,https://www.facebook.com/share/p/1CcELeCmq8/?mibextid=wwXIfr,https://www.facebook.com/share/p/1Dqc8MyXcY/?mibextid=wwXIfr,
PTP6885,ชีท,23/01/2026,The Tree Pattanakarn - Ekkamai (เดอะ ทรี พัฒนาการ - เอกมัย),คอนโด,1 Bed 1 Bath,31,25,"16,000",,"เพชรบุรีตัดใหม่, RCA, พระราม 9, รามคำแหง",ARL รามคำแหง,https://www.livinginsider.com/istockdetail/DIoooI_CjeDyyD.html,,https://www.facebook.com/share/p/1AMWbHyt6z/?mibextid=wwXIfr,https://www.facebook.com/share/p/17wbBnaFt5/?mibextid=wwXIfr,
PTP6884,ชีท,23/01/2026,Blossom Condo @ Sathorn - Charoenrat (บลอสซั่ม คอนโด แอท สาทร - เจริญราษฎร์),คอนโด,1 Bed 1 Bath,30,7,"15,000",,"สาทร, เจริญนคร","BTS สุรศักดิ์, BTS สะพานตากสิน, BTS กรุงธนบุรี",https://www.livinginsider.com/istockdetail/DIoooI_CDofjoD.html,,https://www.facebook.com/share/p/1C83q9hniT/?mibextid=wwXIfr,https://www.facebook.com/share/p/1DCjvZyCHU/?mibextid=wwXIfr,
PTP6883,ชีท,23/01/2026,Bangkok Horizon Sathon (แบงค็อก ฮอไรซอน สาทร),คอนโด,2 Bed 1 Bath,43.49,16,"19,900",,"สาทร, เจริญนคร","BTS ช่องนนทรี, BTS กรุงธนบุรี, BTS เจริญนคร",https://www.livinginsider.com/istockdetail/DIoooI_CjeDjeg.html,,https://www.facebook.com/share/p/1DsL38dwn5/?mibextid=wwXIfr,https://www.facebook.com/share/p/1aJXHqdyso/?mibextid=wwXIfr,
PTP6882,ชีท,23/01/2026,U Delight @ Onnut (ยู ดีไลท์ แอท อ่อนนุช),คอนโด,1 Bed 1 Bath,32,21,"15,000",,"อ่อนนุช, อุดมสุข, เจริญนคร","BTS อ่อนนุช, BTS กรุงธนบุรี, BTS เจริญนคร",https://www.livinginsider.com/istockdetail/DIoooI_CeojICb.html,,https://www.facebook.com/share/p/184GZ4tZuE/?mibextid=wwXIfr,https://www.facebook.com/share/p/1N25GjCEjf/?mibextid=wwXIfr,
PTP6881,ชีท,23/01/2026,IDEO Ramkhamhaeng – Lamsali (ไอดีโอ รามคำแหง–ลำสาลี),คอนโด,2 Bed 2 Bath,53,,"28,000",,"เสรีไทย-นิด้า, เจริญนคร","MRT แยกลำสาลี, MRT บางกะปิ, BTS กรุงธนบุรี",https://www.livinginsider.com/istockdetail/DIoooI_Cgjbgge.html,,https://www.facebook.com/share/p/1S69YVjTG4/?mibextid=wwXIfr,https://www.facebook.com/share/p/1U1MKFQPhD/?mibextid=wwXIfr,
PTP6880,ชีท,23/01/2026,IDEO Q Phayathai (ไอดีโอ คิว พญาไท),คอนโด,3 Bed 3 Bath,115,30,"69,000",,ราชเทวี พญาไท,"BTS พญาไท, BTS ราชเทวี, BTS อนุสาวรีย์ชัยสมรภูมิ",https://www.livinginsider.com/istockdetail/DIoooI_Cjeeyfj.html,,https://www.facebook.com/share/p/1CmHoqw5jw/?mibextid=wwXIfr,https://www.facebook.com/share/p/1DYVPYtZCZ/?mibextid=wwXIfr,
PTP6871,ชีท,22/01/2026,KAWA HAUS (คาวะ เฮาส์),คอนโด,1 Bed 1 Bath,35,3,"23,000",,"อ่อนนุช, อุดมสุข, พระโขนง","BTS อ่อนนุช, BTS พระโขนง",https://www.livinginsider.com/istockdetail/DIoooI_CjeDogC.html,,https://www.facebook.com/share/p/16jjTF2UXg/?mibextid=wwXIfr,https://www.facebook.com/share/p/19WQRUwYcK/?mibextid=wwXIfr,
PTP6870,ชีท,22/01/2026,Supalai Veranda Rama 9 (ศุภาลัย เวอเรนด้า พระราม 9),คอนโด,Studio,30,15,"14,500",,"เพชรบุรีตัดใหม่, RCA, พระราม 9, มักกะสัน","MRT พระราม 9, ARL มักกะสัน",https://www.livinginsider.com/istockdetail/DIoooI_yIgjby.html,,https://www.facebook.com/share/p/1F9XP69GsK/?mibextid=wwXIfr,https://www.facebook.com/share/p/17LtbMstZu/?mibextid=wwXIfr,
PTP6869,ชีท,22/01/2026,Knights Bridge Collage Sukhumvit 107 (ไนท์บริดจ์ คอลลาจ สุขุมวิท 107),คอนโด,1 Bed 1 Bath,30.02,15,"14,000",,"บางนา, แบริ่ง, เจริญนคร","BTS แบริ่ง, BTS กรุงธนบุรี, BTS เจริญนคร",https://www.livinginsider.com/istockdetail/DIoooI_CbeDbjg.html,,https://www.facebook.com/share/p/1Kru9XiN3K/?mibextid=wwXIfr,https://www.facebook.com/share/p/1Fano1Ug6D/?mibextid=wwXIfr,
PTP6868,ชีท,22/01/2026,Home Office Chokchai 4 (โฮมออฟฟิศ กลางโชคชัย 4),บ้าน,4 Bed 3 Bath,180,2,"60,000",,"ลาดพร้าว, เจริญนคร","BTS กรุงธนบุรี, BTS เจริญนคร, BTS สายหลัก",https://www.livinginsider.com/istockdetail/DIoooI_Cyobyye.html,,https://www.facebook.com/share/p/1DJoXsokG9/?mibextid=wwXIfr,https://www.facebook.com/share/p/1DJkUmCZpy/?mibextid=wwXIfr,
PTP6867,ชีท,22/01/2026,Bangkok Feliz Krungthonburi (แบงค์คอก เฟลิซ กรุงธนบุรี),คอนโด,1 Bed 1 Bath,40,8,"16,500","4,950,000","เจริญนคร, วงเวียนใหญ่","BTS กรุงธนบุรี, BTS เจริญนคร, BTS วงเวียนใหญ่",https://www.livinginsider.com/istockdetail/DIoooI_CjeCyoj.html,,https://www.facebook.com/share/p/17wo8s9Tn2/?mibextid=wwXIfr,https://www.facebook.com/share/p/1DfuC5ZSsy/?mibextid=wwXIfr,
PTP6864,ชีท,22/01/2026,Park Origin Phrom Phong (พาร์ค ออริจิ้น พร้อมพงษ์),คอนโด,1 Bed 1 Bath,30,4,"19,500",,"ทองหล่อ, อโศก, สุขุมวิท, พร้อมพงษ์",BTS พร้อมพงษ์,https://www.facebook.com/groups/456957028207473/permalink/2064737350762758/,https://www.facebook.com/inzaniti/,https://www.facebook.com/share/p/17gaCRXnCs/?mibextid=wwXIfr,https://www.facebook.com/share/p/1C8Tit4k86/?mibextid=wwXIfr,Park Origin Phrom Phong
PTP6861,ชีท,21/01/2026,The Line Phaholyothin Park (เดอะ ไลน์ พหลโยธิน พาร์ค),คอนโด,1 Bed 1 Bath,37.5,11,"19,500","4,190,000",พหลโยธิน,"MRT พหลโยธิน, BTS ห้าแยกลาดพร้าว",https://www.facebook.com/groups/5237873106310208/permalink/25374532878884267/,https://www.facebook.com/JustJiew/,https://www.facebook.com/share/p/1BjBs9a1uu/?mibextid=wwXIfr,https://www.facebook.com/share/p/1QZNZ1sY2K/?mibextid=wwXIfr,The Line Phaholyothin Park
PTP6857,ชีท,21/01/2026,Supalai City Resort Charan 91 (ศุภาลัย ซิตี้ รีสอร์ท จรัญ 91),คอนโด,2 Bed 2 Bath,,4,"20,000",,"ปิ่นเกล้า จรัญสนิทวงศ์, เจริญนคร","MRT บางอ้อ, MRT บางพลัด, BTS กรุงธนบุรี",https://www.livinginsider.com/istockdetail/DIoooI_Cjeojof.html,,https://www.facebook.com/share/p/1CB4AZEtvm/?mibextid=wwXIfr,https://www.facebook.com/share/p/1C1rcCUC1c/?mibextid=wwXIfr,
PTP6856,ชีท,21/01/2026,Up Ekkamai (อัพ เอกมัย),คอนโด,1 Bed 1 Bath,53.83,,"28,000",,"เอกมัย, ทองหล่อ","BTS เอกมัย, BTS ทองหล่อ",https://www.livinginsider.com/istockdetail/DIoooI_CjebefD.html,,https://www.facebook.com/share/p/1JriUqLbny/?mibextid=wwXIfr,https://www.facebook.com/share/p/1K71XC5c5Z/?mibextid=wwXIfr,
PTP6849,ชีท,21/01/2026,Life Ladprao (ไลฟ์ ลาดพร้าว),คอนโด,1 Bed 1 Bath,35,12A,"25,000","5,500,000",ลาดพร้าว,"BTS ห้าแยกลาดพร้าว, MRT พหลโยธิน, BTS พหลโยธิน 24",https://www.livinginsider.com/istockdetail/DIoooI_Cgffjgg.html,,https://www.facebook.com/share/p/1CByGF2rkv/?mibextid=wwXIfr,https://www.facebook.com/share/p/1DYCeA7dBJ/?mibextid=wwXIfr,
PTP6847,ชีท,20/01/2026,U Delight 2 Bangsue Station (ยู ดีไลท์ 2 บางซื่อ สเตชั่น),คอนโด,1 Bed 1 Bath,35,,"9,000",,บางซื่อ วงศ์สว่าง เตาปูน,"MRT สายสีม่วง เตาปูน, MRT สายสีม่วง บางซ่อน, MRT บางซื่อ",https://www.livinginsider.com/istockdetail/DIoooI_CjeoeDf.html,,https://www.facebook.com/share/p/1HqutPDTER/?mibextid=wwXIfr,https://www.facebook.com/share/p/1C6Zvtg6vp/?mibextid=wwXIfr,
PTP6839,ชีท,20/01/2026,The Connect Suanluang–Onnut (เดอะ คอนเนค สวนหลวง–อ่อนนุช),บ้าน,3 Bed 2 Bath,21,2,,"3,290,000","พัฒนาการ ศรีนครินทร์, เจริญนคร","BTS กรุงธนบุรี, BTS เจริญนคร",https://www.livinginsider.com/istockdetail/DIoooI_CjDjffI.html,,https://www.facebook.com/share/p/17fLXGJnDt/?mibextid=wwXIfr,https://www.facebook.com/share/p/1H3gv9GmiZ/?mibextid=wwXIfr,
PTP6838,ชีท,20/01/2026,Noble Revolve Ratchada (โนเบิล รีวอลฟ์ รัชดา),คอนโด,1 Bed 1 Bath,26,23,"15,000",,"รัชดา, ห้วยขวาง, พระราม 9","MRT ศูนย์วัฒนธรรมแห่งประเทศไทย, MRT พระราม 9",https://www.livinginsider.com/istockdetail/DIoooI_CjeobCf.html,,https://www.facebook.com/share/p/17UXpTuKU3/?mibextid=wwXIfr,https://www.facebook.com/share/p/1DRMJwkEMs/?mibextid=wwXIfr,
PTP6837,ชีท,20/01/2026,The One Plus Grand Ramkhamhaeng (เดอะ วัน พลัส แกรนด์ รามคำแหง),คอนโด,2 Bed 2 Bath,60,,"17,000",,"รามคำแหง, เจริญนคร","ARL หัวหมาก, BTS กรุงธนบุรี, BTS เจริญนคร",https://www.livinginsider.com/istockdetail/DIoooI_Coebfog.html,,https://www.facebook.com/share/p/1AB3c8T4g6/?mibextid=wwXIfr,https://www.facebook.com/share/p/14NJ337ioz6/?mibextid=wwXIfr,
PTP6836,ชีท,20/01/2026,Supalai Park 3 Phaholyothin 21 (ศุภาลัย ปาร์ค 3 ซอยพหลโยธิน 21),คอนโด,Studio,46,7,"12,000",,เกษตรศาสตร์ รัชโยธิน,"BTS พหลโยธิน 24, BTS ห้าแยกลาดพร้าว, BTS รัชโยธิน",https://www.livinginsider.com/istockdetail/DIoooI_CjeoCeC.html,,https://www.facebook.com/share/p/1C3jTr8Zon/?mibextid=wwXIfr,https://www.facebook.com/share/p/1BnXYMy2PC/?mibextid=wwXIfr,
PTP6835,ชีท,20/01/2026,Golden Town Watcharapol–Sukhapiban 5 (โกลเด้นทาวน์ วัชรพล–สุขาภิบาล 5),บ้าน,4 Bed 3 Bath,131,2,"32,000",,"นวมินทร์ รามอินทรา, เจริญนคร","BTS กรุงธนบุรี, BTS เจริญนคร",https://www.livinginsider.com/istockdetail/DIoooI_CjeoCgI.html,,https://www.facebook.com/share/p/1arsvq69j3/?mibextid=wwXIfr,https://www.facebook.com/share/p/186ixvZ7p4/?mibextid=wwXIfr,ลบเครดิต
PTP6834,ชีท,20/01/2026,Ashton Asoke - Rama 9 (แอชตัน อโศก - พระราม 9),คอนโด,2 Bed 2 Bath,70,,"69,000",,"เพชรบุรีตัดใหม่, RCA, พระราม 9, มักกะสัน","MRT พระราม 9, ARL มักกะสัน, MRT เพชรบุรี",https://www.livinginsider.com/istockdetail/DIoooI_CCjojgy.html,,https://www.facebook.com/share/p/16jntWVHQQ/?mibextid=wwXIfr,https://www.facebook.com/share/p/1CJmsv2nNt/?mibextid=wwXIfr,
PTP6829,ชีท,19/01/2026,Townhome Chaengwattana 15/1 (ทาวน์โฮม แจ้งวัฒนะ 15/1),บ้าน,3 Bed 3 Bath,183.5,3,"35,000",,"แจ้งวัฒนะ เมืองทอง, เจริญนคร","BTS กรุงธนบุรี, BTS เจริญนคร",https://www.livinginsider.com/istockdetail/DIoooI_CCjIjbC.html,,,https://www.facebook.com/share/p/1FEAsyvj9s/?mibextid=wwXIfr,
PTP6828,ชีท,19/01/2026,Land at Sathupradit 12 (ที่ดิน ซอยสาธุประดิษฐ์ 12),พื้นที่ให้เช่า/ขาย,1 Bed 1 Bath,384,,,"99,840,000","พระราม 3 สาธุประดิษฐ์, เจริญนคร","BTS กรุงธนบุรี, BTS เจริญนคร",https://www.livinginsider.com/istockdetail/DIoooI_CbybbDo.html,,https://www.facebook.com/share/p/1CBXUVV4FL/?mibextid=wwXIfr,https://www.facebook.com/share/p/1Dh3iPhPs8/?mibextid=wwXIfr,
PTP6823,ชีท,19/01/2026,U Delight Riverfront Rama 3 (ยู ดีไลท์ ริเวอร์ฟร้อนท์ พระราม 3),คอนโด,1 Bed 1 Bath,34,9,"12,000",,สาทร,BTS สะพานตากสิน,https://www.facebook.com/groups/456957028207473/permalink/2062478394321987/,https://www.facebook.com/dilokphun.yaowakulpattana/,https://www.facebook.com/share/p/1FTKXx29s4/?mibextid=wwXIfr,https://www.facebook.com/share/p/1D6AYEXQ1M/?mibextid=wwXIfr,U delight riverfront พระราม3
PTP6819,ชีท,19/01/2026,Omni Tower (ออมนิ ทาวเวอร์),คอนโด,1 Bed 1 Bath,67,,"23,000",,"นานา, เพลินจิต, อโศก","BTS นานา, BTS เพลินจิต, BTS อโศก",https://www.livinginsider.com/istockdetail/DIoooI_CfyIgoj.html,,https://www.facebook.com/share/p/14TTewwQTue/?mibextid=wwXIfr,https://www.facebook.com/share/p/1CTUCHmbyq/?mibextid=wwXIfr,
PTP6818,ชีท,19/01/2026,SUPALAI Premier Charoen-Nakorn (ศุภาลัย พรีเมียร์ เจริญนคร),คอนโด,1 Bed 1 Bath,48,,"20,000",,"เจริญนคร, วงเวียนใหญ่","BTS เจริญนคร, BTS กรุงธนบุรี",https://www.livinginsider.com/istockdetail/DIoooI_CIffjbj.html,,https://www.facebook.com/share/p/1HGELpJs7j/?mibextid=wwXIfr,https://www.facebook.com/share/p/1CBh4FYdya/?mibextid=wwXIfr,
PTP6817,ชีท,18/01/2026,Sukhumvit Living Town Condominium (สุขุมวิท ลิฟวิ่ง ทาวน์),คอนโด,2 Bed 1 Bath,63,6,"40,000",,"ทองหล่อ, อโศก, สุขุมวิท, เพชรบุรีตัดใหม่, มักกะสัน","MRT เพชรบุรี, ARL มักกะสัน, MRT สุขุมวิท",https://www.livinginsider.com/istockdetail/DIoooI_bDCoeDb.html,,https://m.facebook.com/story.php?story_fbid=pfbid0tBACSeS189rST3M6gmWEFeCVmHV8hx51cFe6KiZTQUJbXnCQhaKki5jR33HNBghUl&id=100082316815815,https://m.facebook.com/story.php?story_fbid=pfbid02jysnSeZmGRB36kAvkJS6LugdFrdHctBzZHn6BymmS91Ckp51RaHk2keN3wG4uQ92l&id=100090894242559,
PTP6810,ชีท,18/01/2026,Commercial Building near Dhurakij Pundit University (อาคารพาณิชย์ ใกล้มหาวิทยาลัยธุรกิจบัณฑิตย์),บ้าน,8 Bed 3 Bath,250,3.5,"65,000","16,500,000","วิภาวดี ดอนเมือง หลักสี่, เจริญนคร","BTS กรุงธนบุรี, BTS เจริญนคร",https://www.livinginsider.com/istockdetail/DIoooI_CjDggCC.html,,https://m.facebook.com/story.php?story_fbid=pfbid02dGm5WYSmVDpz7DVXirqEQXyqFYfttkabKZwkUvyWa3DLCLyoJnUiELYMhQhQZKSol&id=100082316815815,https://www.facebook.com/share/p/1C2iRBAzQh/?mibextid=wwXIfr,
PTP6805,ชีท,18/01/2026,Lumpini Park Rama 9 - Ratchada (ลุมพินี พาร์ค พระราม 9 - รัชดา),คอนโด,1 Bed 1 Bath,26,16,"11,500",,"เพชรบุรีตัดใหม่, RCA, พระราม 9",MRT พระราม 9,https://www.livinginsider.com/istockdetail/DIoooI_bjIjgCe.html,,https://m.facebook.com/story.php?story_fbid=pfbid0Y9VTYsKJ4GbuvUg3Vw6oUsuDkLgaL1HcT3aiS9mKmysG9fMCd2HoQp5EReY8uiZcl&id=100082316815815,https://www.facebook.com/share/p/17rG2szGt5/?mibextid=wwXIfr,
PTP6804,ชีท,18/01/2026,Manhattan Chidlom (แมนฮัตตั้น ชิดลม),คอนโด,1 Bed 1 Bath,57.76,15,"30,000",,"วิทยุ, ชิดลม, หลังสวน, เพลินจิต","BTS ชิดลม, ARL ราชปรารภ, BTS เพลินจิต",https://www.livinginsider.com/istockdetail/DIoooI_CjbjDbj.html,,https://m.facebook.com/story.php?story_fbid=pfbid0qNmHeWnEUgfPfQnEyU2mz1ymufNisXtcnTCwfzs1LW9WAjtPcSaEYAxXU7mQv4TNl&id=100082316815815,https://www.facebook.com/share/p/1FqmK296TF/?mibextid=wwXIfr,
PTP6803,ชีท,18/01/2026,PP Plus Mansion (พีพี พลัส แมนชั่น),คอนโด,2 Bed 2 Bath,90,,"32,000",,"อ่อนนุช, อุดมสุข, เจริญนคร","BTS กรุงธนบุรี, BTS เจริญนคร",https://www.livinginsider.com/istockdetail/DIoooI_byDCfee.html,,https://m.facebook.com/story.php?story_fbid=pfbid0GXNjrZvKDWoditpVPXiWwC12oYXoCcB496U3Zp1X1irD1fqnEaFUeVFyDYXgesN9l&id=100082316815815,https://www.facebook.com/share/p/1LxtfoN46W/?mibextid=wwXIfr,
PTP6799,ชีท,16/01/2026,Aspire Sukhumvit–Rama 4 (แอสปาย สุขุมวิท–พระราม 4),คอนโด,1 Bed 1 Bath,26,8,"16,000",,"คลองเตย กล้วยน้ำไท, พระโขนง, เอกมัย, เจริญนคร","BTS พระโขนง, BTS เอกมัย, BTS กรุงธนบุรี",https://www.livinginsider.com/istockdetail/DIoooI_CjDgCby.html,,https://www.facebook.com/share/p/1GYjvMiqJG/?mibextid=wwXIfr,https://www.facebook.com/share/p/183SNvzmL6/?mibextid=wwXIfr,
PTP6798,ชีท,16/01/2026,อาคารพาณิชย์ ซอยสังคมสงเคราะห์ (ใกล้ประดิษฐ์มนูธรรม),บ้าน,4 Bed 3 Bath,200,35,,"7,900,000","ลาดพร้าว, เจริญนคร","BTS กรุงธนบุรี, BTS เจริญนคร",https://www.livinginsider.com/istockdetail/DIoooI_CfoCjjb.html,,https://www.facebook.com/share/p/1ALvHztJpd/?mibextid=wwXIfr,https://www.facebook.com/share/p/1HhKybVR9p/?mibextid=wwXIfr,
PTP6792,ชีท,16/01/2026,42 Grand Residence (42 แกรนด์ เรสซิเดนซ์),คอนโด,1 Bed 1 Bath,70,,"26,000",,"อ่อนนุช, อุดมสุข, เจริญนคร","BTS กรุงธนบุรี, BTS เจริญนคร",https://www.livinginsider.com/istockdetail/DIoooI_CyIIbbI.html,,https://www.facebook.com/share/p/1FYWgS9A3D/?mibextid=wwXIfr,https://www.facebook.com/share/p/17iy6XfGz9/?mibextid=wwXIfr,
PTP6787,ชีท,15/01/2026,Chewathai Residence Asoke (ชีวาทัย เรสซิเดนซ์ อโศก),คอนโด,Duplex 1 Bed 1 Bath,38,8,"25,900",,"เพชรบุรีตัดใหม่, RCA, พระราม 9, มักกะสัน","MRT พระราม 9, ARL มักกะสัน, MRT เพชรบุรี",https://www.livinginsider.com/istockdetail/DIoooI_jDDofy.html,,https://www.facebook.com/share/p/16F7Gr2jmF/?mibextid=wwXIfr,https://www.facebook.com/share/p/1AU1SE1yjB/?mibextid=wwXIfr,
PTP6786,ชีท,15/01/2026,Blue Sukhumvit 105 (บลู สุขุมวิท 105),คอนโด,1 Bed 1 Bath,29,4,"12,000",,"บางนา, เจริญนคร","BTS กรุงธนบุรี, BTS เจริญนคร",https://www.livinginsider.com/istockdetail/DIoooI_CjDeefe.html,,https://www.facebook.com/share/p/16ujkarzbF/?mibextid=wwXIfr,https://www.facebook.com/share/p/1BviUgggoa/?mibextid=wwXIfr,
PTP6785,ชีท,15/01/2026,Regent Home 19 Sukhumvit 93 (รีเจ้นท์ โฮม 19 สุขุมวิท 93),คอนโด,Studio,31,,"9,500",,"อ่อนนุช, อุดมสุข, บางจาก","BTS บางจาก, BTS อ่อนนุช",https://www.livinginsider.com/istockdetail/DIoooI_CgfDoyo.html,,https://www.facebook.com/share/p/1AGCCPh5Bd/?mibextid=wwXIfr,https://www.facebook.com/share/p/1H3Y3YHc7k/?mibextid=wwXIfr,
PTP6784,ชีท,15/01/2026,Life Ladprao (ไลฟ์ ลาดพร้าว),คอนโด,1 Bed 1 Bath,,33,"16,000",,ลาดพร้าว,"BTS ห้าแยกลาดพร้าว, MRT พหลโยธิน, BTS พหลโยธิน 24",https://www.livinginsider.com/istockdetail/DIoooI_CjDejIC.html,,https://www.facebook.com/share/p/17nd1paYCe/?mibextid=wwXIfr,https://www.facebook.com/share/p/18AANnc8c4/?mibextid=wwXIfr,
PTP6783,ชีท,15/01/2026,Supalai Place Sukhumvit 39 (ศุภาลัย เพลส สุขุมวิท 39),คอนโด,2 Bed 2 Bath,97,7,"35,000","7,900,000","ทองหล่อ, อโศก, สุขุมวิท, พร้อมพงษ์",BTS พร้อมพงษ์,https://www.livinginsider.com/istockdetail/DIoooI_CjDfogo.html,,https://www.facebook.com/share/p/1APQJPQkAb/?mibextid=wwXIfr,https://www.facebook.com/share/p/1a43frNyLY/?mibextid=wwXIfr,
PTP6777,ชีท,15/01/2026,Destiny@63 Ekamai (เดสทินี แอท 63 เอกมัย),คอนโด,2 Bed 2 Bath,85,6,"79,000",,"เอกมัย, ทองหล่อ","BTS เอกมัย, BTS ทองหล่อ",https://www.facebook.com/groups/prakard/permalink/4064830573653076/?sale_post_id=4064830573653076,https://www.facebook.com/karan.narula.17/,https://www.facebook.com/share/p/1C6ZTyWoPi/?mibextid=wwXIfr,https://www.facebook.com/share/p/1HaWUaZ5Pz/?mibextid=wwXIfr,Destiny@63 Ekamai
PTP6772,ชีท,14/01/2026,ELIO Sukhumvit 64 (เอลลิโอ สุขุมวิท 64),คอนโด,1 Bed 1 Bath,30.45,7,,"2,200,000","อ่อนนุช, อุดมสุข, ปุณณวิถี","BTS ปุณณวิถี, BTS อุดมสุข",https://www.livinginsider.com/istockdetail/DIoooI_egCCfg.html,,https://www.facebook.com/share/p/1ARnzVjxDJ/?mibextid=wwXIfr,https://www.facebook.com/share/p/1AaJH1e6gB/?mibextid=wwXIfr,
PTP6771,ชีท,14/01/2026,Ashton Chula - Silom (แอชตัน จุฬา - สีลม),คอนโด,1 Bed 1 Bath,34,12,"26,000",,เจริญนคร,"BTS กรุงธนบุรี, BTS เจริญนคร",https://www.livinginsider.com/istockdetail/DIoooI_CjDDjCo.html,,https://www.facebook.com/share/p/14Nh11sqMFH/?mibextid=wwXIfr,https://www.facebook.com/share/p/1agbVP3ku5/?mibextid=wwXIfr,
PTP6770,ชีท,14/01/2026,IDEO Sukhumvit 93 (ไอดีโอ สุขุมวิท 93 ),คอนโด,1 Bed 1 Bath,31,6,"17,500",,"บางจาก, พระโขนง, สุขุมวิท, อ่อนนุช, อุดมสุข","BTS บางจาก, BTS อ่อนนุช",https://www.livinginsider.com/istockdetail/DIoooI_CjDDyjg.html,,https://www.facebook.com/share/p/1C2MxcyhjZ/?mibextid=wwXIfr,https://www.facebook.com/share/p/1AiqKU4Zac/?mibextid=wwXIfr,
PTP6765,ชีท,14/01/2026,My Space @ Chinatown (มาย สเปซ แอท ไชน่าทาวน์),พื้นที่ให้เช่า/ขาย,1 Bed 1 Bath,,,"17,000",,"เยาวราช บางลำพู, เจริญนคร","BTS กรุงธนบุรี, BTS เจริญนคร",https://www.livinginsider.com/istockdetail/DIoooI_CyyfgDD.html,,https://www.facebook.com/share/p/1FnS7T13Fs/?mibextid=wwXIfr,https://www.facebook.com/share/p/1MoGdEjV8N/?mibextid=wwXIfr,
PTP6763,ชีท,14/01/2026,U Delight Residence Riverfront Rama 3 (ยู ดีไลท์ เรสซิเด้นซ์ ริเวอร์ฟร้อนท์ พระราม 3),คอนโด,1 Bed 1 Bath,34,19,"13,000",,พระราม 3 สาธุประดิษฐ์,,https://www.livinginsider.com/istockdetail/DIoooI_CjDDyID.html,,https://www.facebook.com/share/p/18RgdGNwDK/?mibextid=wwXIfr,https://www.facebook.com/share/p/1CAuj9qTCS/?mibextid=wwXIfr,
PTP6759,ชีท,14/01/2026,Townhome Ladprao 15 (ทาวน์โฮมลาดพร้าว 15),บ้าน,3 Bed 4 Bath,200,3,"70,000",,"ลาดพร้าว, เจริญนคร","BTS กรุงธนบุรี, BTS เจริญนคร, BTS สายหลัก",https://www.livinginsider.com/istockdetail/DIoooI_CjDDDCC.html,https://www.facebook.com/chaiya.sapapporn/,https://www.facebook.com/share/p/1aNDxqjcNd/?mibextid=wwXIfr,https://www.facebook.com/share/p/1AVu98nuAL/?mibextid=wwXIfr,
PTP6758,ชีท,14/01/2026,Ketsara Village Phatthanakan 29 (หมู่บ้านเกษรา พัฒนาการ 29),บ้าน,4 Bed 3 Bath,,4,,"3,790,000","พัฒนาการ ศรีนครินทร์, เจริญนคร","BTS กรุงธนบุรี, BTS เจริญนคร, BTS สายหลัก",https://www.livinginsider.com/istockdetail/DIoooI_CjDoygy.html,,https://www.facebook.com/share/p/16j7czsbaq/?mibextid=wwXIfr,https://www.facebook.com/share/p/1CAtebVjcU/?mibextid=wwXIfr,
PTP6757,ชีท,13/01/2026,Home Office Lat Phrao–Ekkamai–Ramindra (โฮมออฟฟิศ ลาดพร้าว–เอกมัย–รามอินทรา),บ้าน,2 Bed 4 Bath,225,3.5,"50,000",,"เลียบทางด่วนรามอินทรา, เอกมัย, ทองหล่อ","BTS เอกมัย, BTS ทองหล่อ",https://www.livinginsider.com/istockdetail/DIoooI_bjojDIg.html,,https://m.facebook.com/story.php?story_fbid=pfbid0mF9ujDQzm6ayZN3YxRXzSh4jfPTPRcNkdgY1gsBQrv7vSGRPrKdGNkrSZt5k6syzl&id=100082316815815,https://m.facebook.com/story.php?story_fbid=pfbid0a8hrN35pcK8R8r15prx2wsBL7vDn7nEGFPkC7ixvhuk59GbtCuWKZDPCdyh6H7xjl&id=100090894242559,
PTP6756,ชีท,13/01/2026,Apartment Phahonyothin 48 (อพาร์ทเมนต์ ซอยพหลโยธิน 48),พื้นที่ให้เช่า/ขาย,24 Bed 24 Bath,,5,,"4,500,000","ลาดพร้าว, เจริญนคร","BTS กรุงธนบุรี, BTS เจริญนคร",https://www.livinginsider.com/istockdetail/DIoooI_CjDbeDy.html,,https://www.facebook.com/share/p/1bfE3LCXEj/?mibextid=wwXIfr,https://www.facebook.com/share/p/16vAQKGuc8/?mibextid=wwXIfr,ลบเครดิต
PTP6755,ชีท,13/01/2026,Up Ekamai (อัพ เอกมัย),คอนโด,1 Bed 1 Bath,43.62,6,,"3,900,000","ทองหล่อ, อโศก, สุขุมวิท, เอกมัย","BTS เอกมัย, BTS ทองหล่อ",https://www.livinginsider.com/istockdetail/DIoooI_CjDbyDI.html,,https://www.facebook.com/share/p/1Hp3U6sfL7/?mibextid=wwXIfr,https://www.facebook.com/share/p/14Q7NtfksFN/?mibextid=wwXIfr,
PTP6754,ชีท,13/01/2026,Whizdom @ Punnawithi Station (วิสซ์ดอม ปุณณวิถี สเตชั่น),คอนโด,2 Bed 2 Bath,60,5,"25,000",,เจริญนคร,"BTS กรุงธนบุรี, BTS เจริญนคร",https://www.livinginsider.com/istockdetail/DIoooI_CjDbjCe.html,,https://www.facebook.com/share/p/17gjZAMWsr/?mibextid=wwXIfr,https://www.facebook.com/share/p/19R5CTAEfs/?mibextid=wwXIfr,
PTP6753,ชีท,13/01/2026,The Trendy Condominium (เดอะ เทรนดี้ คอนโดมิเนียม),คอนโด,Studio,36.63,,,"3,500,000","นานา, อโศก","BTS นานา, BTS อโศก, MRT สุขุมวิท",https://www.livinginsider.com/istockdetail/DIoooI_CjDCbCj.html,,https://www.facebook.com/share/p/17kkxxNMK9/?mibextid=wwXIfr,https://www.facebook.com/share/p/1a9SyXG7Fi/?mibextid=wwXIfr,
PTP6752,ชีท,13/01/2026,NOBLE STATE 39 (โนเบิล สเตท 39),คอนโด,1 Bed 1 Bath,35,14,"30,000",,"ทองหล่อ, อโศก, สุขุมวิท, พร้อมพงษ์",BTS พร้อมพงษ์,https://www.livinginsider.com/istockdetail/DIoooI_CjDCbCy.html,,https://www.facebook.com/share/p/1BkrYxCwea/?mibextid=wwXIfr,https://www.facebook.com/share/p/1DUwPan3SX/?mibextid=wwXIfr,
PTP6751,ชีท,13/01/2026,Niche Mono Rama 9 (นิช โมโน พระราม 9),คอนโด,1 Bed 1 Bath,30,5,"14,000",,"พระราม 9, มักกะสัน","MRT พระราม 9, ARL มักกะสัน",https://www.facebook.com/groups/458098031664389/permalink/2219758125498362/?sale_post_id=2219758125498362,https://www.facebook.com/prawittra.chandrabha/,https://www.facebook.com/share/p/1B5hLJ9eHC/?mibextid=wwXIfr,https://www.facebook.com/share/p/1DDV81rWtV/?mibextid=wwXIfr,Niche Mono Rama9
PTP6748,ชีท,13/01/2026,Lumpini Suite Din Daeng - Ratchaprarop (ลุมพินี สวีท ดินแดง - ราชปรารภ ),คอนโด,1 Bed 1 Bath,28,,"16,000",,ราชเทวี พญาไท,BTS อนุสาวรีย์ชัยสมรภูมิ,https://www.livinginsider.com/istockdetail/DIoooI_CooCobj.html,,https://www.facebook.com/share/p/16wSsrdTC9/?mibextid=wwXIfr,https://www.facebook.com/share/p/17dguZEXRq/?mibextid=wwXIfr,
PTP6745,ชีท,13/01/2026,Aspire Sukhumvit–Rama 4 (แอสปาย สุขุมวิท–พระราม 4),คอนโด,Studio,26.5,10,"14,500",,"คลองเตย กล้วยน้ำไท, พระโขนง, เอกมัย, เจริญนคร","BTS พระโขนง, BTS เอกมัย, BTS กรุงธนบุรี",https://www.facebook.com/groups/2326304557587161/permalink/4111803685703897/?sale_post_id=4111803685703897,https://www.facebook.com/peerapatpoppy/,https://www.facebook.com/share/p/19i69SBcY4/?mibextid=wwXIfr,https://www.facebook.com/share/p/1Br5homX1b/?mibextid=wwXIfr,Aspire Sukhumvit-Rama 4
PTP6744,ชีท,13/01/2026,IDEO Mobi Phayathai (ไอดีโอ โมบิ พญาไท),คอนโด,Studio,22,,"16,000",,ราชเทวี พญาไท,"BTS พญาไท, BTS อนุสาวรีย์ชัยสมรภูมิ, BTS ราชเทวี",https://www.livinginsider.com/istockdetail/DIoooI_CjDCDCg.html,,https://www.facebook.com/share/p/1DSwPG6vJR/?mibextid=wwXIfr,https://www.facebook.com/share/p/17L1hwvoZj/?mibextid=wwXIfr,
PTP6741,ชีท,12/01/2026,IDEO Q Siam - Ratchathewi (ไอดีโอ คิว สยาม - ราชเทวี),คอนโด,1 Bed 1 Bath,34,19,"20,000",,ราชเทวี พญาไท,"BTS ราชเทวี, BTS พญาไท, BTS สยาม",https://www.facebook.com/groups/456957028207473/permalink/2056733038229856/,https://www.facebook.com/joy.kamolporn.7/,https://www.facebook.com/share/p/1JbUTN15Q7/?mibextid=wwXIfr,https://www.facebook.com/share/p/1AZNuPmswo/?mibextid=wwXIfr,IDEO Q SIAM-RATCHATHEWI
PTP6737,ชีท,12/01/2026,The Wellington Condo (เดอะ เวลลิงตัน คอนโด),คอนโด,2 Bed 2 Bath,106.1,7,,"4,600,000","รามคำแหง, เจริญนคร","MRT ศรีกรีฑา, ARL หัวหมาก, BTS กรุงธนบุรี",https://www.livinginsider.com/istockdetail/DIoooI_CjobIbC.html,,https://www.facebook.com/share/p/1PCGFL8CAX/?mibextid=wwXIfr,https://www.facebook.com/share/p/1HRRLNE8bJ/?mibextid=wwXIfr,
PTP6736,ชีท,12/01/2026,Centric Ratchada - Huai Khwang (เซ็นทริค รัชดา - ห้วยขวาง),คอนโด,1 Bed 1 Bath,27,14,"15,000",,"รัชดา, ห้วยขวาง","MRT ห้วยขวาง, MRT สุทธิสาร",https://www.livinginsider.com/istockdetail/DIoooI_CjDbCCj.html,,https://www.facebook.com/share/p/17eCqXFhER/?mibextid=wwXIfr,https://www.facebook.com/share/p/1BetKToFtb/?mibextid=wwXIfr,
PTP6732,ชีท,12/01/2026,Aspire Sukhumvit 48 (แอสปาย สุขุมวิท 48),คอนโด,1 Bed 1 Bath,38.5,26,"18,000",,"อ่อนนุช, อุดมสุข, พระโขนง","BTS พระโขนง, BTS อ่อนนุช",https://www.livinginsider.com/istockdetail/DIoooI_CjDoICe.html,,https://www.facebook.com/share/p/15VPMACQ1id/?mibextid=wwXIfr,https://www.facebook.com/share/p/1D6aLHEq75/?mibextid=wwXIfr,
PTP6726,ชีท,11/01/2026,Niche Pride Thonglor-Phetchaburi (นิช ไพรด์ ทองหล่อ - เพชรบุรี),คอนโด,1 Bed 1 Bath,59,7,"34,000",,"ทองหล่อ, เพชรบุรีตัดใหม่, RCA, โรงพยาบาลกรุงเทพ, มศว ประสานมิตร","MRT เพชรบุรี, BTS ทองหล่อ, ARL มักกะสัน",https://www.livinginsider.com/istockdetail/DIoooI_bDjfDjD.html,,https://www.facebook.com/share/p/1DEGWWKWhY/?mibextid=wwXIfr,https://www.facebook.com/share/p/1AWfzdLxka/?mibextid=wwXIfr,
PTP6715,ชีท,11/01/2026,Sun Palace Condominium (ซันพาเลซ คอนโดมิเนียม),คอนโด,3 Bed 2 Bath,170,,"60,000",,"เพชรบุรีตัดใหม่, RCA, พระราม 9",,https://www.livinginsider.com/istockdetail/DIoooI_bIeCjeg.html,,https://www.facebook.com/share/p/1JpJrQypcH/?mibextid=wwXIfr,https://www.facebook.com/share/p/1BzbQcirfk/?mibextid=wwXIfr,
PTP6714,ชีท,11/01/2026,Home Office Ruamrudee Soi 2 (โฮมออฟฟิศ ร่วมฤดี ซอย 2),บ้าน,4 Bed 5 Bath,400,4,"70,000",,"วิทยุ, ชิดลม, หลังสวน, เจริญนคร","BTS กรุงธนบุรี, BTS เจริญนคร, BTS สายหลัก",https://www.livinginsider.com/istockdetail/DIoooI_CjDoefo.html,,https://www.facebook.com/share/p/17s17mb9n6/?mibextid=wwXIfr,https://www.facebook.com/share/p/17wpf9NL3a/?mibextid=wwXIfr,
PTP6712,ชีท,10/01/2026,Noble Revolve Ratchada (โนเบิล รีวอลฟ์ รัชดา),คอนโด,1 Bed 1 Bath,27,30,,"3,500,000","รัชดา, ห้วยขวาง, พระราม 9","MRT ศูนย์วัฒนธรรมแห่งประเทศไทย, MRT พระราม 9",https://www.livinginsider.com/istockdetail/DIoooI_CjCIjbC.html,,https://www.facebook.com/share/p/1DNBWLSGff/?mibextid=wwXIfr,https://www.facebook.com/share/p/18DpoJ7XhK/?mibextid=wwXIfr,
PTP6709,ชีท,10/01/2026,Lumpini Place Rama 4 - Kluaynamthai (ลุมพินี เพลส พระราม 4 - กล้วยน้ำไท),คอนโด,2 Bed 2 Bath,56,,"25,000","5,200,000","คลองเตย กล้วยน้ำไท, เอกมัย",BTS เอกมัย,https://www.livinginsider.com/istockdetail/DIoooI_CjCjIgo.html,,https://www.facebook.com/share/p/1MhWtzr6JR/?mibextid=wwXIfr,https://www.facebook.com/share/p/1C8CiV8C8v/?mibextid=wwXIfr,
PTP6702,ชีท,10/01/2026,OKA HAUS Sukhumvit 36 (โอกะ เฮาส์ สุขุมวิท 36),คอนโด,1 Bed 1 Bath,27,12,,"3,790,000","ทองหล่อ, อโศก, สุขุมวิท","BTS ทองหล่อ, MRT ศูนย์ประชุมแห่งชาติสิริกิติ์",https://www.livinginsider.com/istockdetail/DIoooI_CoyCjeD.html,,https://www.facebook.com/share/p/1H4SX2X17P/?mibextid=wwXIfr,https://www.facebook.com/share/p/17xA1N8o5c/?mibextid=wwXIfr,
PTP6699,ชีท,10/01/2026,Chapter Thonglor 25 (แชปเตอร์ ทองหล่อ 25),คอนโด,1 Bed 1 Bath,35,,"25,000",,"ทองหล่อ, อโศก, สุขุมวิท, เอกมัย","BTS ทองหล่อ, BTS เอกมัย",https://www.livinginsider.com/istockdetail/DIoooI_bjIeCbe.html,,https://www.facebook.com/share/p/1H1tbSp437/?mibextid=wwXIfr,https://www.facebook.com/share/p/1DDZUxkL6J/?mibextid=wwXIfr,
PTP6697,ชีท,09/01/2026,The Parkland Bangna (เดอะ พาร์คแลนด์ บางนา),คอนโด,1 Bed 1 Bath,38,,"10,000",,บางนา,"MRT ศรีเอี่ยม, MRT ศรีอุดม",https://www.livinginsider.com/istockdetail/DIoooI_CjCyejD.html,,https://www.facebook.com/share/p/1C9Jsf5WGW/?mibextid=wwXIfr,https://www.facebook.com/share/p/17qTYAtyQK/?mibextid=wwXIfr,
PTP6696,ชีท,09/01/2026,,,,,,,,,,https://www.livinginsider.com/istockdetail/DIoooI_Cgfbjjy.html,,,,
PTP6695,ชีท,09/01/2026,Tanapirom Srinakarin–Wongwaen (ธนาภิรมย์ ศรีนครินทร์–วงแหวน),บ้าน,4 Bed 3 Bath,100,3,"18,000",,"สมุทรปราการ สำโรง, เจริญนคร","BTS กรุงธนบุรี, BTS เจริญนคร, BTS สายหลัก",https://www.livinginsider.com/istockdetail/DIoooI_CjCDCyy.html,,https://www.facebook.com/share/p/1Btc8syuiw/?mibextid=wwXIfr,https://www.facebook.com/share/p/17X3gPsDjU/?mibextid=wwXIfr,
PTP6694,ชีท,09/01/2026,The Key Prachachuen (เดอะ คีย์ ประชาชื่น),คอนโด,1 Bed 1 Bath,33,,"9,500",,"บางซื่อ วงศ์สว่าง เตาปูน, เจริญนคร","BTS กรุงธนบุรี, BTS เจริญนคร",https://www.livinginsider.com/istockdetail/DIoooI_CjCfIjy.html,,https://www.facebook.com/share/p/1BvinPWF49/?mibextid=wwXIfr,https://www.facebook.com/share/p/17dipnbALV/?mibextid=wwXIfr,
PTP6680,ชีท,08/01/2026,My Story Ladprao 71 (มาย สตอรี่ ลาดพร้าว 71),คอนโด,1 Bed 1 Bath,42,4,"15,000","2,900,000","ลาดพร้าว, เจริญนคร","BTS กรุงธนบุรี, BTS เจริญนคร",https://www.livinginsider.com/istockdetail/DIoooI_CjCyfgI.html,,https://www.facebook.com/share/p/1arTck4rvz/?mibextid=wwXIfr,https://www.facebook.com/share/p/1aqRGNULP4/?mibextid=wwXIfr,
PTP6679,ชีท,08/01/2026,The Amethyst Sukhumvit 39 (ดิ อเมทิส สุขุมวิท 39),คอนโด,1 Bed 1 Bath,43.2,2,"23,000","3,900,000","ทองหล่อ, อโศก, สุขุมวิท, พร้อมพงษ์",BTS พร้อมพงษ์,https://www.livinginsider.com/istockdetail/DIoooI_CjCyfjb.html,,https://www.facebook.com/share/p/1CCd5fSeJJ/?mibextid=wwXIfr,https://www.facebook.com/share/p/1APHK9g8Kx/?mibextid=wwXIfr,
PTP6678,ชีท,08/01/2026,HI 48 Sutthisan (ไฮ 48 สุทธิสาร),คอนโด,1 Bed 1 Bath,28,8,"16,000",,"รัชดา, ห้วยขวาง","MRT โชคชัย 4, MRT ภาวนา, MRT สุทธิสาร",https://www.livinginsider.com/istockdetail/DIoooI_CjCfDIe.html,,https://www.facebook.com/share/p/1B7JMvVvSc/?mibextid=wwXIfr,https://www.facebook.com/share/p/1C91m3Q1c2/?mibextid=wwXIfr,
PTP6673,ชีท,08/01/2026,Rhythm Sukhumvit 44/1 (ริทึ่ม สุขุมวิท 44/1),คอนโด,1 Bed 1 Bath,36,17,"21,000",,"อ่อนนุช, อุดมสุข, พระโขนง, เอกมัย","BTS พระโขนง, BTS เอกมัย",https://www.livinginsider.com/istockdetail/DIoooI_CgjIDfe.html,,https://www.facebook.com/share/p/1BGKdUu8bP/?mibextid=wwXIfr,https://www.facebook.com/share/p/1842KvQkUS/?mibextid=wwXIfr,
PTP6672,ชีท,08/01/2026,U Delight @ Huai Khwang Station (ยู ดีไลท์ @ ห้วยขวาง สเตชั่น),คอนโด,2 Bed 2 Bath,65,3,"26,000",,"รัชดา, ห้วยขวาง, เจริญนคร","BTS กรุงธนบุรี, BTS เจริญนคร, MRT ห้วยขวาง",https://www.livinginsider.com/istockdetail/DIoooI_CjCgIDe.html,,https://www.facebook.com/share/p/1D7wv7FzGS/?mibextid=wwXIfr,https://www.facebook.com/share/p/1AJh9rHagc/?mibextid=wwXIfr,
PTP6671,ชีท,08/01/2026,The Base Garden Rama 9 (เดอะ เบส การ์เดน พระราม 9),คอนโด,1 Bed 1 Bath,26.5,,"12,000","2,500,000","เพชรบุรีตัดใหม่, RCA, พระราม 9, รามคำแหง",ARL รามคำแหง,https://www.livinginsider.com/istockdetail/DIoooI_bCgoeIC.html,,https://www.facebook.com/share/p/17eyQ3ML4d/?mibextid=wwXIfr,https://www.facebook.com/share/p/1DkLwBaLTi/?mibextid=wwXIfr,
PTP6664,ชีท,07/01/2026,Waterford Diamond Sukhumvit 30/1 (วอเตอร์ฟอร์ด ไดมอนด์ สุขุมวิท 30/1),คอนโด,1 Bed 1 Bath,51.65,11,"5,490,000",,"ทองหล่อ, อโศก, สุขุมวิท, พร้อมพงษ์","BTS ทองหล่อ, BTS พร้อมพงษ์",https://www.livinginsider.com/istockdetail/DIoooI_CIIjyCC.html,,https://www.facebook.com/share/p/17oygwzVCB/?mibextid=wwXIfr,https://www.facebook.com/share/p/17vd9vXb5v/?mibextid=wwXIfr,
PTP6663,ชีท,07/01/2026,Commercial Building Charoennakhon 37 (อาคารพาณิชย์ เจริญนคร 37),บ้าน,6 Bed 4 Bath,808,4,"45,000",,"เจริญนคร, วงเวียนใหญ่","BTS กรุงธนบุรี, BTS เจริญนคร",https://www.livinginsider.com/istockdetail/DIoooI_CICIyCf.html,,https://www.facebook.com/share/p/1FzhQMLCnE/?mibextid=wwXIfr,https://www.facebook.com/share/p/17tANx4jSV/?mibextid=wwXIfr,
PTP6662,ชีท,07/01/2026,Life One Wireless (ไลฟ์ วัน ไวร์เลส),คอนโด,1 Bed 1 Bath,35.35,,,"6,200,000","วิทยุ, ชิดลม, หลังสวน, เพลินจิต","BTS เพลินจิต, BTS ชิดลม, ARL ราชปรารภ",https://www.livinginsider.com/istockdetail/DIoooI_CDbbejI.html,,https://www.facebook.com/share/p/1CZpyQYZff/?mibextid=wwXIfr,https://www.facebook.com/share/p/1BeNGynwAD/?mibextid=wwXIfr,
PTP6661,ชีท,07/01/2026,Chamber Onnut Station (แชมเบอร์ อ่อนนุช สเตชั่น),คอนโด,1 Bed 1 Bath,28,4,"16,000",,"อ่อนนุช, อุดมสุข, บางจาก, เจริญนคร","BTS อ่อนนุช, BTS บางจาก, BTS กรุงธนบุรี",https://www.livinginsider.com/istockdetail/DIoooI_bCfjgCf.html,,https://www.facebook.com/share/p/1FH1fryZDe/?mibextid=wwXIfr,https://www.facebook.com/share/p/1CdCxmtnnA/?mibextid=wwXIfr,
PTP6660,ชีท,07/01/2026,Single House Sukhumvit 101/1 (บ้านเดี่ยว สุขุมวิท 101/1),บ้าน,1 Bed 1 Bath,56,,,"4,590,000",เจริญนคร,"BTS กรุงธนบุรี, BTS เจริญนคร",https://www.livinginsider.com/istockdetail/DIoooI_CjCfICI.html,,https://www.facebook.com/share/p/17kNtEshyk/?mibextid=wwXIfr,https://www.facebook.com/share/p/1BKNZi6HvC/?mibextid=wwXIfr,
PTP6659,ชีท,07/01/2026,The Seed Musee Sukhumvit 26 (เดอะ ซี๊ด มูซี่ สุขุมวิท 26),คอนโด,1 Bed 1 Bath,,7,"23,000","5,500,000","ทองหล่อ, อโศก, สุขุมวิท, พร้อมพงษ์","BTS พร้อมพงษ์, BTS ทองหล่อ",https://www.livinginsider.com/istockdetail/DIoooI_CjCgooI.html,,https://www.facebook.com/share/p/1Gb696XKRy/?mibextid=wwXIfr,https://www.facebook.com/share/p/1N3F9WDXSo/?mibextid=wwXIfr,
PTP6652,ชีท,07/01/2026,Lumpini Park Rama 9 - Ratchada (ลุมพินี พาร์ค พระราม 9 - รัชดา),คอนโด,1 Bed 1 Bath,,,,,"เพชรบุรีตัดใหม่, RCA, พระราม 9",MRT พระราม 9,,,https://www.facebook.com/share/p/1HoCoerhj8/?mibextid=wwXIfr,https://www.facebook.com/share/p/17j4kwfRPt/?mibextid=wwXIfr,
PTP6645,ชีท,06/01/2026,Urbano Absolute Sathorn Taksin (เออร์บาโน่ แอ็บโซลูท สาทร-ตากสิน),คอนโด,Studio,30,20,"14,000",,"เจริญนคร, วงเวียนใหญ่, สาทร","BTS กรุงธนบุรี, BTS เจริญนคร, BTS สะพานตากสิน",https://www.livinginsider.com/istockdetail/DIoooI_CgfDIID.html,,https://www.facebook.com/share/p/17zg6X8DBj/?mibextid=wwXIfr,https://www.facebook.com/share/p/1A7UdXm4Wu/?mibextid=wwXIfr,
PTP6644,ชีท,06/01/2026,Life Ladprao (ไลฟ์ ลาดพร้าว),คอนโด,Studio,26,42,"16,000",,ลาดพร้าว,"BTS ห้าแยกลาดพร้าว, MRT พหลโยธิน, BTS พหลโยธิน 24",https://www.facebook.com/groups/456957028207473/permalink/2051791525390674/,https://www.facebook.com/bigweerawit/,https://www.facebook.com/share/p/17mpPrFnjn/?mibextid=wwXIfr,https://www.facebook.com/share/p/1DRUDEJGR7/?mibextid=wwXIfr,Life Ladprao
PTP6642,ชีท,06/01/2026,U Delight @ Onnut Station (ยู ดีไลท์ แอท อ่อนนุช สเตชั่น),คอนโด,1 Bed 1 Bath,31,8,"13,500",,"อ่อนนุช, อุดมสุข",BTS อ่อนนุช,https://www.facebook.com/groups/374078016708868/permalink/2072005133582806/,https://www.facebook.com/rookie.k.kung/,https://www.facebook.com/share/p/1GWzXmgsb8/?mibextid=wwXIfr,https://www.facebook.com/share/p/1Bhf3jr9Mz/?mibextid=wwXIfr,ยู ดีไลท์ แอท อ่อนนุช สเตชั่น
PTP6640,ชีท,06/01/2026,The Base Sukhumvit 77 (เดอะ เบส สุขุมวิท 77),คอนโด,1 Bed 1 Bath,37,15,,"3,800,000","อ่อนนุช, อุดมสุข",BTS อ่อนนุช,https://www.livinginsider.com/istockdetail/DIoooI_IDfCoI.html,,https://www.facebook.com/share/p/1AVv5jYyWz/?mibextid=wwXIfr,https://www.facebook.com/share/p/17ctjMUXYo/?mibextid=wwXIfr,
PTP6639,ชีท,06/01/2026,2-Storey House Samyan & Chulalongkorn (บ้าน 2 ชั้น ใกล้สามย่าน–จุฬาฯ),บ้าน,1 Bed 1 Bath,8,2,,"3,490,000","สามย่าน, เจริญนคร","BTS กรุงธนบุรี, BTS เจริญนคร",https://www.livinginsider.com/istockdetail/DIoooI_CjCDfyj.html,,https://www.facebook.com/share/p/1BvVve7GhH/?mibextid=wwXIfr,https://www.facebook.com/share/p/1KWyFDt3d5/?mibextid=wwXIfr,
PTP6638,ชีท,06/01/2026,Life Ladprao (ไลฟ์ ลาดพร้าว),คอนโด,2 Bed 2 Bath,52.2,12A,"38,000",,ลาดพร้าว,"BTS ห้าแยกลาดพร้าว, MRT พหลโยธิน, BTS พหลโยธิน 24",https://www.livinginsider.com/istockdetail/DIoooI_bDCIege.html,,https://www.facebook.com/share/p/181qEpVpZ9/?mibextid=wwXIfr,https://www.facebook.com/share/p/1FRRT1hwDL/?mibextid=wwXIfr,
PTP6637,ชีท,06/01/2026,Thru Thonglor (ทรู ทองหล่อ),คอนโด,1 Bed 1 Bath,31,5,"14,000",,"ทองหล่อ, เพชรบุรีตัดใหม่, RCA, โรงพยาบาลกรุงเทพ, มศว ประสานมิตร","BTS ทองหล่อ, MRT เพชรบุรี, ARL มักกะสัน",,,https://www.facebook.com/share/p/17ao97mpK1/,https://www.facebook.com/share/p/18TeuSCGFL/,
PTP6636,ชีท,06/01/2026,Thru Thonglor (ทรู ทองหล่อ),คอนโด,1 Bed 1 Bath,31,5,"14,000",,"ทองหล่อ, เพชรบุรีตัดใหม่, RCA, โรงพยาบาลกรุงเทพ, มศว ประสานมิตร","BTS ทองหล่อ, MRT เพชรบุรี, ARL มักกะสัน",,,https://www.facebook.com/share/p/14WJAbWwW2B/,https://www.facebook.com/share/p/1N2SJxZkR7/,
PTP6574,ชีท,30/12/2025,Noble Nue District R9 (โนเบิล นิว ดิสทริค อาร์ไนน์),คอนโด,1 Bed 1 Bath,30.2,29,"19,500",,"เพชรบุรีตัดใหม่, RCA, พระราม 9, มักกะสัน","MRT พระราม 9, ARL มักกะสัน",https://www.livinginsider.com/istockdetail/DIoooI_CjCbeDo.html,,https://www.facebook.com/share/p/17bGmGHfrG/?mibextid=wwXIfr,https://www.facebook.com/share/p/1DCx6GmLaA/?mibextid=wwXIfr,
PTP6573,ชีท,30/12/2025,Office Rama 4 – Phra Khanong (สำนักงาน พระราม 4 – พระโขนง),พื้นที่ให้เช่า/ขาย,1 Bed 1 Bath,110,2,"42,000",,"คลองเตย กล้วยน้ำไท, เจริญนคร","BTS กรุงธนบุรี, BTS เจริญนคร",https://www.livinginsider.com/istockdetail/DIoooI_CjCbDIg.html,,https://www.facebook.com/share/p/17gARbUsxg/?mibextid=wwXIfr,https://www.facebook.com/share/p/185gS9iFcm/?mibextid=wwXIfr,
PTP6572,ชีท,30/12/2025,Chateau in Town Ratchada 20-2 (ชาโตว์ อินทาวน์ รัชดา 20-2),คอนโด,1 Bed 1 Bath,32.5,8,"12,000",,"รัชดา, ห้วยขวาง","MRT สุทธิสาร, MRT รัชดาภิเษก",https://www.livinginsider.com/istockdetail/DIoooI_CjCbDIy.html,,https://www.facebook.com/share/p/17wFwsxcXZ/?mibextid=wwXIfr,https://www.facebook.com/share/p/17ozL7oCzA/?mibextid=wwXIfr,
PTP6569,ชีท,30/12/2025,Britloft Kaset–Phahol (บริทลอฟท์ เกษตร–พหล),คอนโด,3 Bed 4 Bath,280,3.5,"65,000","11,500,000","เกษตร นวมินทร์ ลาดปลาเค้า, เจริญนคร","BTS กรุงธนบุรี, BTS เจริญนคร",https://www.livinginsider.com/istockdetail/DIoooI_CjCbbbg.html,,https://www.facebook.com/share/p/163WfJVk6u/?mibextid=wwXIfr,https://www.facebook.com/share/p/16fLoFMX6k/?mibextid=wwXIfr,ลบเครดิต
PTP6568,ชีท,30/12/2025,Nara 9 by Eastern Star (นารา 9 บาย อีสเทอร์น สตาร์),คอนโด,2 Bed 2 Bath,66,,"40,000","10,500,000",สาทร,BTS ช่องนนทรี,https://www.livinginsider.com/istockdetail/DIoooI_CgIgIoI.html,,https://www.facebook.com/share/p/1AwiacBcZv/?mibextid=wwXIfr,https://www.facebook.com/share/p/17baHXjP76/?mibextid=wwXIfr,
PTP6567,ชีท,30/12/2025,Nara 9 by Eastern Star (นารา 9 บาย อีสเทอร์น สตาร์),คอนโด,2 Bed 2 Bath,66,10,"40,000","10,500,000",สาทร,BTS ช่องนนทรี,https://www.livinginsider.com/istockdetail/DIoooI_bgoIDCe.html,,https://www.facebook.com/share/p/1DHb1UUBZL/?mibextid=wwXIfr,https://www.facebook.com/share/p/17eH7b7nZN/?mibextid=wwXIfr,
PTP6566,ชีท,30/12/2025,Phetpailin Village Phra Ya Suren 35 (หมู่บ้านเพชรไพลิน พระยาสุเรนทร์ 35),บ้าน,3 Bed 2 Bath,31,,,"2,390,000","นวมินทร์ รามอินทรา, เจริญนคร","BTS กรุงธนบุรี, BTS เจริญนคร",https://www.livinginsider.com/istockdetail/DIoooI_CfgIjbC.html,,https://www.facebook.com/share/p/17z8ufeRJa/?mibextid=wwXIfr,https://www.facebook.com/share/p/1DEqzSv2AZ/?mibextid=wwXIfr,
PTP6560,ชีท,30/12/2025,Sense Sukhumvit (เซ้นส์ สุขุมวิท),คอนโด,1 Bed 1 Bath,42,2,,"2,580,000","อ่อนนุช, อุดมสุข, เจริญนคร","BTS อุดมสุข, BTS กรุงธนบุรี, BTS เจริญนคร",https://www.livinginsider.com/istockdetail/DIoooI_CfCDgID.html,,https://www.facebook.com/share/p/1DAe41HDWb/?mibextid=wwXIfr,https://www.facebook.com/share/p/17hi3t2c4h/?mibextid=wwXIfr,
PTP6559,ชีท,28/12/2025,Belle Grand Rama 9 (Belle Avenue) (เบล แกรนด์ พระราม 9 (เบล อเวนิว)),คอนโด,2 Bed 1 Bath,67,20,"35,000",,"เพชรบุรีตัดใหม่, RCA, พระราม 9, ห้วยขวาง","MRT พระราม 9, MRT ศูนย์วัฒนธรรมแห่งประเทศไทย",https://www.livinginsider.com/istockdetail/DIoooI_CjCoeej.html,,https://www.facebook.com/share/p/1BiteMyLmp/?mibextid=wwXIfr,https://www.facebook.com/share/p/1BzUPbKC6r/?mibextid=wwXIfr,
PTP6558,ชีท,28/12/2025,Life One Wireless (ไลฟ์ วัน ไวร์เลส),คอนโด,1 Bed 1 Bath,35,,"21,000",,"วิทยุ, ชิดลม, หลังสวน, เพลินจิต","BTS เพลินจิต, BTS ชิดลม, ARL ราชปรารภ",https://www.livinginsider.com/istockdetail/DIoooI_CjCofDC.html,,https://www.facebook.com/share/p/1Bp7FZ2k2D/?mibextid=wwXIfr,https://www.facebook.com/share/p/1X1LQwAbhB/?mibextid=wwXIfr,
PTP6557,ชีท,28/12/2025,Knightsbridge Collage Ramkhamhaeng (ไนท์บริดจ์ คอลลาจ รามคำแหง),คอนโด,1 Bed 1 Bath,26.4,12A,"12,000","2,800,000",รามคำแหง,"MRT แยกลำสาลี, MRT บางกะปิ",https://www.livinginsider.com/istockdetail/DIoooI_CjCojDo.html,,https://www.facebook.com/share/p/1GAbv8RSJm/?mibextid=wwXIfr,https://www.facebook.com/share/p/17j13RuCCb/?mibextid=wwXIfr,
PTP6556,ชีท,28/12/2025,Regent Home Bangna (New Project) รีเจ้นท์ โฮม บางนา (โครงการใหม่),คอนโด,1 Bed 1 Bath,,23,"19,000",,"บางนา, เจริญนคร","BTS บางนา, BTS กรุงธนบุรี, BTS เจริญนคร",https://www.livinginsider.com/istockdetail/DIoooI_CIDCybb.html,,https://www.facebook.com/share/p/172HfbFMX6/?mibextid=wwXIfr,https://www.facebook.com/share/p/163SyhD5pG/?mibextid=wwXIfr,
PTP6555,ชีท,28/12/2025,Diamond Sukhumvit Onnut (ไดมอนด์ สุขุมวิท อ่อนนุช),คอนโด,1 Bed 1 Bath,63,19,"28,000",,"อ่อนนุช, สุขุมวิท, พระโขนง, บางจาก","BTS อ่อนนุช, BTS พระโขนง, BTS บางจาก",https://www.facebook.com/groups/456957028207473/permalink/2046349875934839/,https://www.facebook.com/elaine.huang.752/,https://www.facebook.com/share/p/17bNGcoeSo/?mibextid=wwXIfr,https://www.facebook.com/share/p/1FkTr4LYH4/?mibextid=wwXIfr,Diamond Sukhumvit Onnut
PTP6550,ชีท,28/12/2025,Modern Detached House Chokchai 4 (บ้านเดี่ยวโมเดิร์น โชคชัย 4 – หมู่บ้านรวมโชค),บ้าน,5 Bed 5 Bath,350,2,"179,000",,"ลาดพร้าว, เจริญนคร","BTS กรุงธนบุรี, BTS เจริญนคร",https://www.livinginsider.com/istockdetail/DIoooI_byCDogC.html,,https://www.facebook.com/share/p/1CsFzB7avU/?mibextid=wwXIfr,https://www.facebook.com/share/p/1D7s2C9MpY/?mibextid=wwXIfr,
PTP6549,ชีท,28/12/2025,Life Sukhumvit 62 (ไลฟ์ สุขุมวิท 62),คอนโด,1 Bed 1 Bath,35,23,"25,000","4,800,000","อ่อนนุช, อุดมสุข, บางจาก, ปุณณวิถี, เจริญนคร","BTS บางจาก, BTS ปุณณวิถี, BTS กรุงธนบุรี",https://www.facebook.com/groups/prakard/permalink/4043218339147633/?sale_post_id=4043218339147633,https://www.facebook.com/nininisninin/,https://www.facebook.com/share/p/1DBvjBmVn8/?mibextid=wwXIfr,https://www.facebook.com/share/p/1ANczqqUU2/?mibextid=wwXIfr,Life Sukhumvit 62
PTP6548,ชีท,28/12/2025,Modiz Ratchada 32 (โมดิซ รัชดา 32),คอนโด,1 Bed 1 Bath,24.33,1,"12,000",,"รัชดา, ห้วยขวาง, ลาดพร้าว",MRT ลาดพร้าว,https://www.livinginsider.com/istockdetail/DIoooI_bjIgbbf.html,,https://www.facebook.com/share/p/1Gorb75f5R/?mibextid=wwXIfr,https://www.facebook.com/share/p/1BsGuuPrik/?mibextid=wwXIfr,
PTP6547,ชีท,28/12/2025,Tidy Deluxe Sukhumvit 34 (ไทดี้ ดีลักซ์ สุขุมวิท 34),คอนโด,2 Bed 1 Bath,50,1,"20,000",,"ทองหล่อ, อโศก, สุขุมวิท, พร้อมพงษ์","BTS พร้อมพงษ์, BTS ทองหล่อ",https://www.livinginsider.com/istockdetail/DIoooI_bDjjCbg.html,,https://www.facebook.com/share/p/17bG1829Mh/?mibextid=wwXIfr,https://www.facebook.com/share/p/1ByxVM876t/?mibextid=wwXIfr,
PTP6546,ชีท,28/12/2025,Home Resorts Charoen Nakhon (โฮม รีสอร์ท เจริญนคร),บ้าน,1 Bed 1 Bath,,,"25,000",,"เจริญนคร, วงเวียนใหญ่","BTS กรุงธนบุรี, BTS เจริญนคร, BTS สายหลัก",https://www.livinginsider.com/istockdetail/DIoooI_CjbjbbD.html,,https://www.facebook.com/share/p/1DMyz32bbA/?mibextid=wwXIfr,https://www.facebook.com/share/p/187UMVo4wt/?mibextid=wwXIfr,
PTP6545,ชีท,27/12/2025,Niche Pride Thonglor-Phetchaburi (นิช ไพรด์ ทองหล่อ - เพชรบุรี),คอนโด,1 Bed 1 Bath,31.33,6,"13,000",,"ทองหล่อ, เพชรบุรีตัดใหม่, RCA, โรงพยาบาลกรุงเทพ, มศว ประสานมิตร","MRT เพชรบุรี, BTS ทองหล่อ, ARL มักกะสัน",https://www.livinginsider.com/istockdetail/DIoooI_Cjbjyfy.html,,https://www.facebook.com/share/p/1BZ6CPLb78/?mibextid=wwXIfr,https://www.facebook.com/share/p/1Cm4RiCg9Y/?mibextid=wwXIfr,
PTP6534,ชีท,27/12/2025,Quintara Arte Sukhumvit 52 (ควินทารา อาเท่ สุขุมวิท 52),คอนโด,1 Bed 1 Bath,,,"20,000",,"อ่อนนุช, อุดมสุข, บางจาก, เจริญนคร","BTS อ่อนนุช, BTS บางจาก, BTS กรุงธนบุรี",https://www.livinginsider.com/istockdetail/DIoooI_CefIbCg.html,,https://www.facebook.com/share/1UUZsDNkbU/?mibextid=wwXIfr,https://www.facebook.com/share/p/1HAK6zmiDj/?mibextid=wwXIfr,
PTP6530,ชีท,27/12/2025,U Delight 3 Prachachuen – Bang Sue (ยู ดีไลท์ 3 ประชาชื่น – บางซื่อ),คอนโด,2 Bed 1 Bath,50,,"15,000",,"บางซื่อ วงศ์สว่าง เตาปูน, เจริญนคร","MRT สายสีม่วง บางซ่อน, BTS กรุงธนบุรี, BTS เจริญนคร",https://www.livinginsider.com/istockdetail/DIoooI_CjbyCDb.html,,https://www.facebook.com/share/p/1JhAjWhfzZ/?mibextid=wwXIfr,https://www.facebook.com/share/p/1BqxM2DtNF/?mibextid=wwXIfr,
PTP6529,ชีท,26/12/2025,Regent Home 18 (รีเจ้นท์ โฮม 18),คอนโด,1 Bed 1 Bath,30,11,"11,000",,,MRT หลักสี่,https://www.facebook.com/groups/456957028207473/permalink/2043331546236672/,https://www.facebook.com/chitter.cheez/,https://www.facebook.com/share/p/1CHFYZNEkR/?mibextid=wwXIfr,https://www.facebook.com/share/p/1amAaMKE6R/?mibextid=wwXIfr,Regent Home 18
PTP6528,ชีท,26/12/2025,Niche ID Sukhumvit 113 (นิช ไอดี สุขุมวิท 113),คอนโด,1 Bed 1 Bath,28,7,"9,000",,"แบริ่ง, สุขุมวิท",BTS แบริ่ง,https://www.facebook.com/groups/456957028207473/permalink/2043661476203679/,https://www.facebook.com/tangmowatermelonn/,https://www.facebook.com/share/p/17giQVSZA1/?mibextid=wwXIfr,https://www.facebook.com/share/p/1GevPHBtCT/?mibextid=wwXIfr,นิช ไอดี สุขุมวิท 113
PTP6526,ชีท,26/12/2025,Luxury House Huai Khwang,บ้าน,5 Bed 4 Bath,500,,"140,000",,ห้วยขวาง,MRT ห้วยขวาง,https://www.facebook.com/groups/456957028207473/permalink/2041756936394133/,https://www.facebook.com/angkana.tangdamrongkul/,https://www.facebook.com/share/p/1addWMX6iv/?mibextid=wwXIfr,https://www.facebook.com/share/p/17dEse86GH/?mibextid=wwXIfr,
PTP6525,ชีท,26/12/2025,Artisan Ratchada (อาร์ติซาน รัชดา),คอนโด,1 Bed 1 Bath,28,15,"15,000",,"รัชดา, ห้วยขวาง",MRT ศูนย์วัฒนธรรมแห่งประเทศไทย,https://www.facebook.com/groups/456957028207473/permalink/2043479049555255/,https://www.facebook.com/ninfear.prasanpod/,https://www.facebook.com/share/p/1Ma3sVZNz7/?mibextid=wwXIfr,https://www.facebook.com/share/p/1Ea7RuvtQb/?mibextid=wwXIfr,อาร์ติซาน รัชดา
PTP6521,ชีท,26/12/2025,IDEO Sukhumvit - Rama 4 (ไอดีโอ สุขุมวิท - พระราม 4),คอนโด,1 Bed 1 Bath,30,10,"22,900",,"คลองเตย กล้วยน้ำไท, พระโขนง, เอกมัย","BTS พระโขนง, BTS เอกมัย",https://www.livinginsider.com/istockdetail/DIoooI_Cffffyf.html,,https://www.facebook.com/share/p/1D6J2t38si/?mibextid=wwXIfr,https://www.facebook.com/share/p/1ANRBTBzKY/?mibextid=wwXIfr,
PTP6520,ชีท,26/12/2025,The Key Sathorn - Charoenrat (เดอะ คีย์ สาทร-เจริญราษฎร์),คอนโด,2 Bed 2 Bath,55,20,"24,000",,"สาทร, เจริญนคร","BTS กรุงธนบุรี, BTS เจริญนคร, BTS สุรศักดิ์",https://www.livinginsider.com/istockdetail/DIoooI_CjbIoyI.html,,https://www.facebook.com/share/p/1G34Fg7Awa/?mibextid=wwXIfr,https://www.facebook.com/share/p/1AKGJeUZCr/?mibextid=wwXIfr,
PTP6519,ชีท,26/12/2025,Ideo Ramkhamhaeng - Lam Sali Station (ไอดีโอ รามคำแหง - ลำสาลี สเตชั่น),คอนโด,1 Bed 1 Bath,35,,"18,000","3,700,000",เสรีไทย-นิด้า,"MRT แยกลำสาลี, MRT บางกะปิ",https://www.livinginsider.com/istockdetail/DIoooI_CjbICbC.html,,https://www.facebook.com/share/p/15WdhYpeZQW/?mibextid=wwXIfr,https://www.facebook.com/share/p/1DJYHTJRRZ/?mibextid=wwXIfr,ลบชื่อ
PTP6518,ชีท,26/12/2025,XT EKKAMAI (เอ็กซ์ที เอกมัย),คอนโด,1 Bed 1 Bath,30.34,32,"24,900",,"ทองหล่อ, อโศก, สุขุมวิท, เอกมัย",BTS เอกมัย,https://www.livinginsider.com/istockdetail/DIoooI_bjeoDgI.html,,https://www.facebook.com/share/p/17vPvrtHaG/?mibextid=wwXIfr,https://www.facebook.com/share/p/17L5BLWZz2/?mibextid=wwXIfr,
PTP6517,ชีท,26/12/2025,Supalai City Home Udomsuk (ศุภาลัย ซิตี้โฮม อุดมสุข),คอนโด,Studio,30,8,"8,000",,"อ่อนนุช, อุดมสุข, ปุณณวิถี, เจริญนคร","BTS อุดมสุข, BTS ปุณณวิถี, BTS กรุงธนบุรี",https://www.livinginsider.com/istockdetail/DIoooI_CjbICCe.html,,https://www.facebook.com/share/p/1BoCuKRHUW/?mibextid=wwXIfr,https://www.facebook.com/share/p/14RKbef44AH/?mibextid=wwXIfr,
PTP6516,ชีท,26/12/2025,OKA HAUS Sukhumvit 36 (โอกะ เฮาส์ สุขุมวิท 36),คอนโด,1 Bed 1 Bath,26.57,8,"16,000","3,500,000","ทองหล่อ, อโศก, สุขุมวิท","BTS ทองหล่อ, MRT ศูนย์ประชุมแห่งชาติสิริกิติ์",https://www.livinginsider.com/istockdetail/DIoooI_Cgjooyo.html,,https://www.facebook.com/share/p/16kypZ1ZV2/?mibextid=wwXIfr,https://www.facebook.com/share/p/18zjtRqci5/?mibextid=wwXIfr,
PTP6510,ชีท,25/12/2025,Ideo O2 Bangna (ไอดีโอ โอทู บางนา),คอนโด,1 Bed 1 Bath,32.74,31,"13,500","3,100,000","บางนา, อุดมสุข, เจริญนคร","BTS บางนา, BTS อุดมสุข, BTS กรุงธนบุรี",https://www.livinginsider.com/istockdetail/DIoooI_bgbDIII.html,,https://www.facebook.com/share/p/1AHV3xYHtp/?mibextid=wwXIfr,https://www.facebook.com/share/p/1D1VfNNfmE/?mibextid=wwXIfr,
PTP6509,ชีท,25/12/2025,H Sukhumvit 43 (เอช สุขุมวิท 43),คอนโด,4 Bed 4 Bath,238,30-31,"180,000","50,000,000","ทองหล่อ, อโศก, สุขุมวิท, พร้อมพงษ์",BTS พร้อมพงษ์,https://www.livinginsider.com/istockdetail/DIoooI_Cjbgbje.html,,https://www.facebook.com/share/p/1AH9xzHPVD/?mibextid=wwXIfr,https://www.facebook.com/share/p/1DhwfNW3wK/?mibextid=wwXIfr,
PTP6508,ชีท,25/12/2025,Baan Kaset (บ้านเกษตร),คอนโด,3 Bed 2 Bath,150,,"38,000",,"เกษตรศาสตร์ รัชโยธิน, เจริญนคร","BTS กรุงธนบุรี, BTS เจริญนคร",https://www.livinginsider.com/istockdetail/DIoooI_CIjCbfC.html,,https://www.facebook.com/share/p/1awdhaacXM/?mibextid=wwXIfr,https://www.facebook.com/share/p/1BtjHAL7Nc/?mibextid=wwXIfr,
PTP6507,ชีท,25/12/2025,The Season Phetkasem 69 (หมู่บ้านเดอะซีซั่น เพชรเกษม 69),บ้าน,3 Bed 2 Bath,50,2,,"4,190,000","บางแค เพชรเกษม, เจริญนคร","BTS กรุงธนบุรี, BTS เจริญนคร",https://www.livinginsider.com/istockdetail/DIoooI_CjbgDDo.html,,https://www.facebook.com/share/p/1GCL3c3M5J/?mibextid=wwXIfr,https://www.facebook.com/share/p/1F56QRTfnd/?mibextid=wwXIfr,
PTP6506,ชีท,25/12/2025,Supalai Lite Sathorn–Charoenrat (ศุภาลัย ไลท์ สาทร–เจริญราษฎร์),คอนโด,1 Bed 1 Bath,54,8,"16,900",,"สาทร, เจริญนคร","BTS สุรศักดิ์, BTS กรุงธนบุรี, BTS เจริญนคร",https://www.livinginsider.com/istockdetail/DIoooI_CIIDooy.html,,https://www.facebook.com/share/p/1AGw6wahbd/?mibextid=wwXIfr,https://www.facebook.com/share/p/1BvTERbcV9/?mibextid=wwXIfr,
PTP6505,ชีท,25/12/2025,Life @ Sukhumvit 67 (ไลฟ์ @ สุขุมวิท 67),คอนโด,2 Bed 2 Bath,59.07,8,,"5,750,000","อ่อนนุช, อุดมสุข, พระโขนง, เอกมัย, เจริญนคร","BTS พระโขนง, BTS เอกมัย, BTS กรุงธนบุรี",https://www.livinginsider.com/istockdetail/DIoooI_CDooefe.html,,https://www.facebook.com/share/p/19ej1R16Gj/?mibextid=wwXIfr,https://www.facebook.com/share/p/16gHoEumJF/?mibextid=wwXIfr,
PTP6504,ชีท,25/12/2025,Chateau in Town Sukhumvit 62/1 (ชาโตว์ อินทาวน์ สุขุมวิท 62/1),คอนโด,1 Bed 1 Bath,29.79,7,"11,000","3,190,000","เอกมัย, สุขุมวิท, ทองหล่อ","BTS เอกมัย, BTS ทองหล่อ",https://www.facebook.com/groups/456957028207473/permalink/2040248106545016/,https://www.facebook.com/p.bunphimpapha/,https://www.facebook.com/share/p/1JHdU2wv4v/?mibextid=wwXIfr,https://www.facebook.com/share/p/17xeRz8ikv/?mibextid=wwXIfr,ชาโตว์ อินทาวน์ สุขุมวิท 62/1
PTP6490,ชีท,24/12/2025,Estella Ekkamai (เอสเตลล่า เอกมัย),คอนโด,1 Bed 1 Bath,38.56,,,"4,100,000","ทองหล่อ, อโศก, สุขุมวิท, เอกมัย","BTS เอกมัย, BTS ทองหล่อ",https://www.livinginsider.com/istockdetail/DIoooI_CjbfgIg.html,,https://www.facebook.com/share/p/1DNnvMuQKy/?mibextid=wwXIfr,https://www.facebook.com/share/p/17jzVG5ZYF/?mibextid=wwXIfr,
PTP6489,ชีท,24/12/2025,IDEO Q Phayathai (ไอดีโอ คิว พญาไท),คอนโด,1 Bed 1 Bath,36.2,35,"20,000",,ราชเทวี พญาไท,"BTS พญาไท, BTS ราชเทวี, BTS อนุสาวรีย์ชัยสมรภูมิ",https://www.livinginsider.com/istockdetail/DIoooI_CjbgCyy.html,,https://www.facebook.com/share/p/14Qxwfw8ETS/?mibextid=wwXIfr,https://www.facebook.com/share/p/17eJDLxY5x/?mibextid=wwXIfr,
PTP6488,ชีท,24/12/2025,Supalai Veranda Ramkhamhaeng (ศุภาลัย เวอเรนด้า รามคำแหง ),คอนโด,Studio,28,17,"13,500",,"รามคำแหง, เจริญนคร","BTS กรุงธนบุรี, BTS เจริญนคร",https://www.livinginsider.com/istockdetail/DIoooI_CjbgCyI.html,,https://www.facebook.com/share/p/1EXYutsbqN/?mibextid=wwXIfr,https://www.facebook.com/share/p/1Bfpxt3Gwf/?mibextid=wwXIfr,
PTP6487,ชีท,24/12/2025,Perfect Park Bangna (เพอร์เฟค พาร์ค บางนา),คอนโด,3 Bed 3 Bath,73.7,2,,"7,300,000","บางนา, เจริญนคร","BTS กรุงธนบุรี, BTS เจริญนคร",https://www.livinginsider.com/istockdetail/DIoooI_Cfobbbo.html,,https://www.facebook.com/share/p/1BeVfTjik9/?mibextid=wwXIfr,https://www.facebook.com/share/p/1GscWQxzrD/?mibextid=wwXIfr,
PTP6481,ชีท,23/12/2025,28 Chidlom (ทเวนตี้เอท ชิดลม),คอนโด,1 Bed 1 Bath,44,25,"55,000",,ชิดลม,BTS ชิดลม,https://www.facebook.com/groups/prakard/permalink/4037422223060578/?sale_post_id=4037422223060578,https://www.facebook.com/thanchanok.chumaka/,https://www.facebook.com/share/p/17F22Pdarb/?mibextid=wwXIfr,https://www.facebook.com/share/p/1A99RZnhKP/?mibextid=wwXIfr,28 Chidlom
PTP6478,ชีท,23/12/2025,Chapter Charoennakorn – Riverside (แชปเตอร์ เจริญนคร – ริเวอร์ไซด์),คอนโด,1 Bed 1 Bath,26,31,"18,000",,"เจริญนคร, วงเวียนใหญ่","BTS กรุงธนบุรี, BTS เจริญนคร",https://www.livinginsider.com/istockdetail/DIoooI_bDIIyCj.html,,https://www.facebook.com/share/p/1CiP13NBV9/?mibextid=wwXIfr,https://www.facebook.com/share/p/17z1QQnpji/?mibextid=wwXIfr,ลบชื่อ
PTP6477,ชีท,23/12/2025,Voque Sukhumvit 16 (โว๊ค สุขุมวิท 16),คอนโด,1 Bed 1 Bath,40,7,,"4,400,000","ทองหล่อ, อโศก, สุขุมวิท","BTS อโศก, MRT สุขุมวิท",https://www.livinginsider.com/istockdetail/DIoooI_CfyCDIC.html,,https://www.facebook.com/share/p/179q6ZYSwK/?mibextid=wwXIfr,https://www.facebook.com/share/p/172fbWbtJE/?mibextid=wwXIfr,
PTP6471,ชีท,23/12/2025,Fifty Fifth Tower Thonglor (ฟิฟตี้ ฟิฟท์ ทาวเวอร์ ทองหล่อ),คอนโด,3 Bed 2 Bath,164.85,7,"70,000",,"ทองหล่อ, อโศก, สุขุมวิท, เอกมัย, พร้อมพงษ์","BTS ทองหล่อ, BTS เอกมัย, BTS พร้อมพงษ์",https://www.livinginsider.com/istockdetail/DIoooI_begyeeD.html,https://www.facebook.com/pannapak.pruek/,https://www.facebook.com/share/p/1FbaHNT6C1/?mibextid=wwXIfr,https://www.facebook.com/share/p/1JUH2Wiade/?mibextid=wwXIfr,
PTP6466,ชีท,22/12/2025,IDEO Rama 9 - Asoke (ไอดีโอ พระราม 9 - อโศก),คอนโด,Duplex 1 Bed 1 Bath,37,31,"28,000",,"เพชรบุรีตัดใหม่, RCA, พระราม 9, มักกะสัน","MRT พระราม 9, ARL มักกะสัน, MRT เพชรบุรี",https://www.facebook.com/groups/condoowner/permalink/767118839065058/,https://www.facebook.com/duangnapa.tomto/,https://www.facebook.com/share/p/17DfXGoDpU/?mibextid=wwXIfr,https://www.facebook.com/share/p/1Gyba4zFdN/?mibextid=wwXIfr,Ideo Rama 9 - Asoke
PTP6461,ชีท,22/12/2025,Baan Suan Thon Ratchada 36 (บ้านสวนธน รัชดา 36),คอนโด,1 Bed 1 Bath,50,5,"11,000",,"รัชดา, ห้วยขวาง, เจริญนคร","BTS กรุงธนบุรี, BTS เจริญนคร",https://www.livinginsider.com/istockdetail/DIoooI_bjyyfyC.html,,https://www.facebook.com/share/p/1ADvMrrvbD/?mibextid=wwXIfr,https://www.facebook.com/share/p/17azGvbq4M/?mibextid=wwXIfr,
PTP6460,ชีท,22/12/2025,Circle Condominium (เซอร์เคิล คอนโดมิเนียม),คอนโด,1 Bed 1 Bath,45.3,21,"22,000",,"เพชรบุรีตัดใหม่, RCA, พระราม 9, มักกะสัน, นานา","ARL มักกะสัน, MRT เพชรบุรี, BTS นานา",https://www.livinginsider.com/istockdetail/DIoooI_CjbDICf.html,,https://www.facebook.com/share/p/17sHX796HT/?mibextid=wwXIfr,https://www.facebook.com/share/p/1AFf3Kq3sL/?mibextid=wwXIfr,
PTP6459,ชีท,22/12/2025,Metro Luxe Rose Gold Sutthisan (เมโทร ลักซ์ โรสโกลด์ สุทธิสาร),คอนโด,1 Bed 1 Bath,34,,"13,500",,"รัชดา, ห้วยขวาง","BTS สะพานควาย, MRT สุทธิสาร",https://www.livinginsider.com/istockdetail/DIoooI_CeeoIeD.html,,https://www.facebook.com/share/p/15SzFAVfxwW/?mibextid=wwXIfr,https://www.facebook.com/share/p/1H52DjMDMW/?mibextid=wwXIfr,
PTP6454,ชีท,21/12/2025,Plum Sukhumvit 62 (พลัม สุขุมวิท 62),คอนโด,2 Bed 1 Bath,35,4,"18,000",,"อ่อนนุช, อุดมสุข, บางจาก, ปุณณวิถี","BTS บางจาก, BTS ปุณณวิถี",https://www.livinginsider.com/istockdetail/DIoooI_CjbbDgI.html,,https://www.facebook.com/share/p/1EZAnHXz5n/?mibextid=wwXIfr,https://www.facebook.com/share/p/17n3q7Mr9A/?mibextid=wwXIfr,
PTP6453,ชีท,21/12/2025,SOHO BANGKOK RATCHADA (โซโห​ แบงค็อก​ รัชดา),คอนโด,1 Bed 1 Bath,28,40,"18,000",,"รัชดา, ห้วยขวาง",MRT ห้วยขวาง,https://www.livinginsider.com/istockdetail/DIoooI_CyebbDy.html,,https://www.facebook.com/share/p/1C3ftqUU8z/?mibextid=wwXIfr,https://www.facebook.com/share/p/1A8oai2C7r/?mibextid=wwXIfr,
PTP6452,ชีท,21/12/2025,Skyrise Avenue Sukhumvit 64 (สกายไรส์ อเวนิว สุขุมวิท 64),คอนโด,Duplex 2 Bed 1 Bath,48,17,"40,000",,"อ่อนนุช, อุดมสุข, ปุณณวิถี, เจริญนคร","BTS ปุณณวิถี, BTS อุดมสุข, BTS กรุงธนบุรี",https://www.livinginsider.com/istockdetail/DIoooI_CICjyIo.html,,https://www.facebook.com/share/p/1KDzaZmkdz/?mibextid=wwXIfr,https://www.facebook.com/share/p/1GEqL6QUr3/?mibextid=wwXIfr,
PTP6451,ชีท,21/12/2025,One X Condo Sathorn–Sathupradit (วันเอ็กซ์ คอนโด สาทร–สาธุประดิษฐ์),คอนโด,1 Bed 1 Bath,31,8,,"2,390,000","สาทร, เจริญนคร","BTS กรุงธนบุรี, BTS เจริญนคร",https://www.livinginsider.com/istockdetail/DIoooI_CjbDojj.html,,https://www.facebook.com/share/p/1CcqAV2Qoc/?mibextid=wwXIfr,https://www.facebook.com/share/p/17qrEuhP5z/?mibextid=wwXIfr,
PTP6450,ชีท,21/12/2025,The Capital Ekamai - Thonglor (เดอะ แคปิตอล เอกมัย - ทองหล่อ),คอนโด,1 Bed 1 Bath,30,12A,"17,000",,"เอกมัย, ทองหล่อ","BTS เอกมัย, BTS ทองหล่อ",https://www.livinginsider.com/istockdetail/DIoooI_CjbDoyo.html,,https://www.facebook.com/share/p/1ABbLBRGT2/?mibextid=wwXIfr,https://www.facebook.com/share/p/14RKuML3SUT/?mibextid=wwXIfr,
PTP6448,ชีท,21/12/2025,Home Office Pattanakarn 39 (หมู่บ้านปรีชา 1),บ้าน,4 Bed 3 Bath,200,2,"44,000",,"พัฒนาการ ศรีนครินทร์, เจริญนคร","BTS กรุงธนบุรี, BTS เจริญนคร, BTS สายหลัก",https://www.livinginsider.com/istockdetail/DIoooI_CIyfyyI.html,,https://www.facebook.com/share/p/17hrMvtMua/?mibextid=wwXIfr,https://www.facebook.com/share/p/1DRDDG6r3s/?mibextid=wwXIfr,
PTP6447,ชีท,21/12/2025,Lumpini Suite Phetchaburi - Makkasan (ลุมพินี สวีท เพชรบุรี - มักกะสัน),คอนโด,2 Bed 1 Bath,41,23,"25,000",,"เพชรบุรีตัดใหม่, RCA, พระราม 9, มักกะสัน, เพลินจิต","ARL มักกะสัน, MRT เพชรบุรี, BTS เพลินจิต",https://www.livinginsider.com/istockdetail/DIoooI_CIjbIbI.html,,https://www.facebook.com/share/p/1ADMwidz6J/?mibextid=wwXIfr,https://www.facebook.com/share/p/17epknBvJZ/?mibextid=wwXIfr,
PTP6444,ชีท,21/12/2025,Rhythm Sukhumvit 44/1 (ริทึ่ม สุขุมวิท 44/1),คอนโด,2 Bed 1 Bath,53,20,"40,000","9,700,000","อ่อนนุช, อุดมสุข, พระโขนง, เอกมัย","BTS พระโขนง, BTS เอกมัย",https://www.livinginsider.com/istockdetail/DIoooI_bffeoye.html,,https://www.facebook.com/share/p/1DKzn5epKa/?mibextid=wwXIfr,https://www.facebook.com/share/p/1D7xFKFasQ/?mibextid=wwXIfr,
PTP6439,ชีท,20/12/2025,The Empire Place Condominium (ดิ เอ็มไพร์ เพลส),คอนโด,2 Bed 2 Bath,114.62,,"55,000",,เจริญนคร,"BTS กรุงธนบุรี, BTS เจริญนคร",https://www.livinginsider.com/istockdetail/DIoooI_CjofgIg.html,,https://www.facebook.com/share/p/1Cprm2zsBy/?mibextid=wwXIfr,https://m.facebook.com/story.php?story_fbid=pfbid02N3zrtyLRtu9ASGnEj7UaRintwXWKKtMEcxqY2phVXjws5TZCCmJQ2acpDZae7WHwl&id=100090894242559&mibextid=wwXIfr,
PTP6438,ชีท,20/12/2025,Land with Semi-Detached Townhouse Ladprao 101 Soi 19 (ที่ดิน ลาดพร้าว 101 ซอย 19),พื้นที่ให้เช่า/ขาย,,81,,,"5,990,000","ลาดพร้าว, เจริญนคร","BTS กรุงธนบุรี, BTS เจริญนคร",https://www.livinginsider.com/istockdetail/DIoooI_CffCfIy.html,,https://www.facebook.com/share/p/1XN5hNWELn/?mibextid=wwXIfr,https://www.facebook.com/share/p/1AcoLSwTQm/?mibextid=wwXIfr,
PTP6437,ชีท,20/12/2025,Life Ladprao Valley (ไลฟ์ ลาดพร้าว แวลลีย์),คอนโด,Studio,29,26,"19,000",,ลาดพร้าว,"BTS ห้าแยกลาดพร้าว, MRT พหลโยธิน, BTS พหลโยธิน 24",https://www.livinginsider.com/istockdetail/DIoooI_CIDIfjI.html,,https://www.facebook.com/share/p/1dGTeSwXX5/?mibextid=wwXIfr,,
PTP6436,ชีท,20/12/2025,OKA HAUS Sukhumvit 36 (โอกะ เฮาส์ สุขุมวิท 36),คอนโด,1 Bed 1 Bath,34,36,"23,000",,"ทองหล่อ, อโศก, สุขุมวิท","BTS ทองหล่อ, MRT ศูนย์ประชุมแห่งชาติสิริกิติ์",https://www.livinginsider.com/istockdetail/DIoooI_bIfgyyo.html,,https://www.facebook.com/share/p/1hinS1oWQG/?mibextid=wwXIfr,,
PTP6435,ชีท,20/12/2025,Townhouse Garden View (ลาดพร้าว 126),บ้าน,3 Bed 3 Bath,125,3,"23,000","5,500,000","ลาดพร้าว, เจริญนคร","BTS กรุงธนบุรี, BTS เจริญนคร",https://www.livinginsider.com/istockdetail/DIoooI_CjbCebf.html,,https://www.facebook.com/share/p/1CE6TQXDTd/?mibextid=wwXIfr,https://www.facebook.com/share/p/1DT8iQhjyb/?mibextid=wwXIfr,
PTP6425,ชีท,20/12/2025,Maestro 03 Ratchada - Rama 9 (มาเอสโตร 03 รัชดา - พระราม 9),คอนโด,2 Bed 2 Bath,66.5,3,"39,000",,"เพชรบุรีตัดใหม่, RCA, พระราม 9, ห้วยขวาง","MRT พระราม 9, MRT ศูนย์วัฒนธรรมแห่งประเทศไทย",https://www.livinginsider.com/istockdetail/DIoooI_Cjbbygy.html,,https://www.facebook.com/share/p/1UjKvmCnEf/?mibextid=wwXIfr,https://www.facebook.com/share/p/1DUHnzhwJG/?mibextid=wwXIfr,
PTP6424,ชีท,19/12/2025,Lumpini Mixx Thepharak–Srinakarin (ลุมพินี มิกซ์ เทพารักษ์–ศรีนครินทร์),คอนโด,2 Bed 2 Bath,43,3,"17,000",,"สมุทรปราการ สำโรง, เจริญนคร","MRT ศรีด่าน, MRT ศรีเทพา, BTS กรุงธนบุรี",https://www.livinginsider.com/istockdetail/DIoooI_CjbbIbI.html,,https://www.facebook.com/share/p/1AZVQq7qYT/?mibextid=wwXIfr,https://www.facebook.com/share/p/17D1vdnz26/?mibextid=wwXIfr,
PTP6423,ชีท,19/12/2025,Hive Taksin (ไฮฟ์ ตากสิน),คอนโด,2 Bed 2 Bath,67.3,8,"35,000",,"เจริญนคร, วงเวียนใหญ่","BTS กรุงธนบุรี, BTS วงเวียนใหญ่, BTS เจริญนคร",https://www.livinginsider.com/istockdetail/DIoooI_CIDjIDI.html,,https://www.facebook.com/share/p/1AJK4cTsby/?mibextid=wwXIfr,https://www.facebook.com/share/p/17aoSpHrge/?mibextid=wwXIfr,
PTP6422,ชีท,19/12/2025,Vtara Sukhumvit 36 (วีธารา สุขุมวิท 36),คอนโด,1 Bed 1 Bath,29.5,3,"17,500",,"ทองหล่อ, อโศก, สุขุมวิท, พร้อมพงษ์","BTS พร้อมพงษ์, BTS ทองหล่อ",https://www.livinginsider.com/istockdetail/DIoooI_gbbgIe.html,,https://www.facebook.com/share/p/14UvueVbQPs/?mibextid=wwXIfr,https://www.facebook.com/share/p/1AHZYe4AjM/?mibextid=wwXIfr,
PTP6416,ชีท,19/12/2025,Life Sukhumvit 48 (ไลฟ์ สุขุมวิท 48),คอนโด,2 Bed 2 Bath,,,"30,000",,"อ่อนนุช, อุดมสุข, พระโขนง","BTS พระโขนง, BTS อ่อนนุช",https://www.facebook.com/groups/prakard/permalink/4030579130411554/?sale_post_id=4030579130411554,https://www.facebook.com/piyaneeranat.s/,https://www.facebook.com/share/p/1DFZL6sL48/?mibextid=wwXIfr,https://www.facebook.com/share/p/1BsmHEmZRV/?mibextid=wwXIfr,Life @ sukhumvit 48
PTP6414,ชีท,19/12/2025,Modern Style House near Don Mueang (บ้านเดี่ยวสไตล์โมเดิร์น ดอนเมือง),บ้าน,3 Bed 2 Bath,120,,"17,000",,"วิภาวดี ดอนเมือง หลักสี่, เจริญนคร","BTS กรุงธนบุรี, BTS เจริญนคร, BTS สายหลัก",https://www.livinginsider.com/istockdetail/DIoooI_CjboeCC.html,,https://www.facebook.com/share/p/1AcjXjsHZy/?mibextid=wwXIfr,https://www.facebook.com/share/p/1DExxyiBCE/?mibextid=wwXIfr,
PTP6413,ชีท,19/12/2025,Whizdom Connect Sukhumvit (วิซดอม ค็อนเน็ค สุขุมวิท),คอนโด,2 Bed 1 Bath,39,,"25,000","6,000,000","อ่อนนุช, อุดมสุข, ปุณณวิถี, เจริญนคร","BTS ปุณณวิถี, BTS อุดมสุข, BTS กรุงธนบุรี",https://www.livinginsider.com/istockdetail/DIoooI_CjboegI.html,,https://www.facebook.com/share/p/17nAhdjUk4/?mibextid=wwXIfr,https://www.facebook.com/share/p/1AMmrrkSxD/?mibextid=wwXIfr,
PTP6409,ชีท,18/12/2025,Rhythm Asoke ll (ริทึ่ม อโศก 2),คอนโด,1 Bed 1 Bath,30.41,9,,"3,250,000","เพชรบุรีตัดใหม่, RCA, พระราม 9, มักกะสัน","MRT พระราม 9, ARL มักกะสัน, MRT เพชรบุรี",https://www.livinginsider.com/istockdetail/DIoooI_CIjfIbj.html,,https://www.facebook.com/share/p/17ZMuuD3Gn/?mibextid=wwXIfr,https://www.facebook.com/share/p/1Fnn8UmZ7H/?mibextid=wwXIfr,
PTP6394,ชีท,18/12/2025,MODIZ Sukhumvit 50 (โมดิซ สุขุมวิท 50),คอนโด,1 Bed 1 Bath,,,,,"อ่อนนุช, อุดมสุข",BTS อ่อนนุช,,,https://www.facebook.com/share/p/1DeyiV2BsE/?mibextid=wwXIfr,https://www.facebook.com/share/p/1BZi9bJrZL/?mibextid=wwXIfr,
PTP6395,ชีท,17/12/2025,Thru Thonglor (ทรู ทองหล่อ),คอนโด,1 Bed 1 Bath,31,28,"17,000",,"ทองหล่อ, เพชรบุรีตัดใหม่, RCA, โรงพยาบาลกรุงเทพ, มศว ประสานมิตร","BTS ทองหล่อ, MRT เพชรบุรี, ARL มักกะสัน",,,https://www.facebook.com/share/p/1D8BCaX77c/,https://www.facebook.com/share/p/1DYWvyQyyV/,
PTP6388,ชีท,17/12/2025,Verve Rama 9 (เวิร์ฟ พระราม 9),บ้าน,3 Bed 3 Bath,134,,,"4,690,000","พัฒนาการ ศรีนครินทร์, พระราม 9, มักกะสัน","MRT พระราม 9, ARL มักกะสัน",https://www.livinginsider.com/istockdetail/DIoooI_CeeDboy.html,,https://www.facebook.com/share/p/1Mz7xVyhAN/?mibextid=wwXIfr,https://www.facebook.com/share/p/1J2ibLj1K1/?mibextid=wwXIfr,
PTP6387,ชีท,17/12/2025,Townhouse Ramkhamhaeng 2,บ้าน,3 Bed 3 Bath,24,2,"15,000",,"มีนบุรี-ร่มเกล้า, เจริญนคร","BTS กรุงธนบุรี, BTS เจริญนคร",https://www.livinginsider.com/istockdetail/DIoooI_bfyfyjD.html,,https://www.facebook.com/share/p/17QpnYYAxb/?mibextid=wwXIfr,https://www.facebook.com/share/p/1Beqigzqo6/?mibextid=wwXIfr,
PTP6386,ชีท,17/12/2025,IDEO Q Siam - Ratchathewi (ไอดีโอ คิว สยาม - ราชเทวี),คอนโด,2 Bed 2 Bath,62,12A,"40,000","12,900,000",ราชเทวี พญาไท,"BTS ราชเทวี, BTS พญาไท, BTS สยาม",https://www.livinginsider.com/istockdetail/DIoooI_CjoyjIe.html,,https://www.facebook.com/share/p/15sDL9b8Zf/?mibextid=wwXIfr,https://www.facebook.com/share/p/1AXd8vVmeo/?mibextid=wwXIfr,
PTP6385,ชีท,17/12/2025,The Base Sukhumvit 77 (เดอะ เบส สุขุมวิท 77),คอนโด,1 Bed 1 Bath,30,11,"12,500",,"อ่อนนุช, อุดมสุข",BTS อ่อนนุช,https://www.livinginsider.com/istockdetail/DIoooI_CjoIIof.html,,https://www.facebook.com/share/p/18366vLszu/?mibextid=wwXIfr,https://www.facebook.com/share/p/1BnmRrpsak/?mibextid=wwXIfr,
PTP6384,ชีท,17/12/2025,Wynn Condo Ladprao–Chockchai 4 (วินน์ คอนโด ลาดพร้าว–โชคชัย 4),คอนโด,2 Bed 1 Bath,34.82,,"18,000",,"ลาดพร้าว, เจริญนคร","MRT โชคชัย 4, MRT ลาดพร้าว, BTS กรุงธนบุรี",https://www.livinginsider.com/istockdetail/DIoooI_CjojojI.html,,https://www.facebook.com/share/p/18uPJxegsx/?mibextid=wwXIfr,https://www.facebook.com/share/p/17wbEdpAyL/?mibextid=wwXIfr,
PTP6383,ชีท,17/12/2025,U Delight Ratchavipha (ยูดีไลท์ รัชวิภา),คอนโด,1 Bed 1 Bath,30.5,19,"9,000",,"เกษตรศาสตร์ รัชโยธิน, เจริญนคร","BTS กรุงธนบุรี, BTS เจริญนคร",https://www.livinginsider.com/istockdetail/DIoooI_CjojDgy.html,,https://www.facebook.com/share/p/1BNswdEKLP/?mibextid=wwXIfr,https://www.facebook.com/share/p/1EbQJcTTFx/?mibextid=wwXIfr,
PTP6380,ชีท,17/12/2025,Life Asoke Rama 9 (ไลฟ์ อโศก - พระราม 9),คอนโด,Studio,28.07,7,"18,000",,"อโศก, เพชรบุรีตัดใหม่, RCA, มศว ประสานมิตร, พระราม 9","MRT พระราม 9, ARL มักกะสัน, MRT เพชรบุรี",https://www.livinginsider.com/istockdetail/DIoooI_CCCoeeI.html,,https://www.facebook.com/share/p/1EbrUrvE6M/?mibextid=wwXIfr,https://www.facebook.com/share/p/17pko8dL7m/?mibextid=wwXIfr,
PTP6379,ชีท,17/12/2025,Vista 180 Ratchavipha (วิสต้า 180 รัชวิภา),บ้าน,3 Bed 3 Bath,148,2,"23,000",,"นนทบุรี บางใหญ่ บางบัวทอง, เจริญนคร","BTS กรุงธนบุรี, BTS เจริญนคร",https://www.livinginsider.com/istockdetail/DIoooI_bbDejyy.html,,https://www.facebook.com/share/p/16TpsMKH39/?mibextid=wwXIfr,,
PTP6378,ชีท,16/12/2025,Baan Klang Muang Urbanion Srinakarin (บ้านกลางเมือง เออร์บาเนี่ยน ศรีนครินทร์),บ้าน,3 Bed 3 Bath,185,3,"25,000",,"พัฒนาการ ศรีนครินทร์, เจริญนคร","BTS กรุงธนบุรี, BTS เจริญนคร",https://www.livinginsider.com/istockdetail/DIoooI_bffjgef.html,,https://www.facebook.com/share/p/1ALSnjUvWQ/?mibextid=wwXIfr,https://www.facebook.com/share/p/1DourzF9s9/?mibextid=wwXIfr,
PTP6377,ชีท,16/12/2025,Supalai Elite Phayathai (ศุภาลัย เอลีท พญาไท),คอนโด,2 Bed 2 Bath,105,14,"40,000",,ราชเทวี พญาไท,"ARL ราชปรารภ, BTS พญาไท, BTS อนุสาวรีย์ชัยสมรภูมิ",https://www.livinginsider.com/istockdetail/DIoooI_bDogfbI.html,,https://www.facebook.com/share/p/19yfBvsuzT/?mibextid=wwXIfr,https://www.facebook.com/share/p/1Ag2weqPnr/?mibextid=wwXIfr,
PTP6370,ชีท,16/12/2025,MARU EKKAMAI 2 (มารุ เอกมัย 2),คอนโด,2 Bed 2 Bath,61,,"60,000",,"ทองหล่อ, อโศก, สุขุมวิท, เอกมัย","BTS เอกมัย, BTS ทองหล่อ",https://www.livinginsider.com/istockdetail/DIoooI_CjoyoeI.html,,https://www.facebook.com/share/p/1AhWkuSyyW/?mibextid=wwXIfr,https://www.facebook.com/share/p/1G9qfuvqja/?mibextid=wwXIfr,
PTP6369,ชีท,16/12/2025,Indy 1 Bangna KM.7 (อินดี้ 1 บางนา กม.7),บ้าน,2 Bed 3 Bath,89,2,"22,000",,"บางนา, เจริญนคร","BTS กรุงธนบุรี, BTS เจริญนคร",https://www.livinginsider.com/istockdetail/DIoooI_CyCobgy.html,,https://www.facebook.com/share/p/16kZK4QjPR/?mibextid=wwXIfr,https://www.facebook.com/share/p/1ALRfEwJY8/?mibextid=wwXIfr,
PTP6368,ชีท,16/12/2025,Supalai Oriental Sukhumvit 39 (ศุภาลัย โอเรียนทัล สุขุมวิท 39),คอนโด,1 Bed 1 Bath,39,,"25,000","5,500,000","ทองหล่อ, อโศก, สุขุมวิท, เพชรบุรีตัดใหม่, พร้อมพงษ์","MRT เพชรบุรี, BTS พร้อมพงษ์",https://www.livinginsider.com/istockdetail/DIoooI_CjoyCCC.html,,https://www.facebook.com/share/p/1BehcWUzvg/?mibextid=wwXIfr,https://www.facebook.com/share/p/16kugAXWQM/?mibextid=wwXIfr,
PTP6367,ชีท,16/12/2025,Supalai Premier Charoen Nakhon (ศุภาลัย พรีเมียร์ เจริญนคร),คอนโด,1 Bed 1 Bath,48,12,"20,000",,"เจริญนคร, วงเวียนใหญ่",BTS เจริญนคร,https://www.livinginsider.com/istockdetail/DIoooI_CIeIDgo.html,,https://www.facebook.com/share/p/16KNiC2sxv/?mibextid=wwXIfr,https://www.facebook.com/share/p/1DKxrLswMQ/?mibextid=wwXIfr,
PTP6366,ชีท,16/12/2025,Centric Huai Khwang Station (เซ็นทริค ห้วยขวาง สเตชั่น),คอนโด,1 Bed 1 Bath,32,,,"3,400,000","รัชดา, ห้วยขวาง, เจริญนคร","BTS กรุงธนบุรี, BTS เจริญนคร, MRT ห้วยขวาง",https://www.livinginsider.com/istockdetail/DIoooI_Cjoyfyj.html,,https://www.facebook.com/share/p/17ZdpD5r7V/?mibextid=wwXIfr,https://www.facebook.com/share/p/16rUDCpS8z/?mibextid=wwXIfr,
PTP6365,ชีท,16/12/2025,Srivara Mansion 1 (ศรีวรา แมนชั่น 1),คอนโด,1 Bed 1 Bath,40,11,,"2,650,000","รัชดา, ห้วยขวาง",MRT ศูนย์วัฒนธรรมแห่งประเทศไทย,https://www.livinginsider.com/istockdetail/DIoooI_CjoygIC.html,,https://www.facebook.com/share/p/1CS58ECfpn/?mibextid=wwXIfr,https://www.facebook.com/share/p/17rXX51WvC/?mibextid=wwXIfr,
PTP6362,ชีท,14/12/2025,Noble Around Ari (โนเบิล อราวน์ อารีย์),คอนโด,1 Bed 1 Bath,27,29,"25,000",,"อารีย์, เจริญนคร","BTS อารีย์, BTS สนามเป้า, BTS กรุงธนบุรี",https://www.livinginsider.com/istockdetail/DIoooI_Cjogofo.html,,https://www.facebook.com/share/p/1CoSZcYDWV/?mibextid=wwXIfr,,
PTP6361,ชีท,14/12/2025,IDEO Mobi Rama 9 (ไอดีโอ โมบิ พระราม 9),คอนโด,Duplex 1 Bed 1 Bath,44,27-28,"24,000","6,200,000","เพชรบุรีตัดใหม่, RCA, พระราม 9, มักกะสัน","MRT พระราม 9, ARL มักกะสัน, MRT เพชรบุรี",https://www.livinginsider.com/istockdetail/DIoooI_Cjogeye.html,,https://www.facebook.com/share/p/16Wbt8M4Us/?mibextid=wwXIfr,https://www.facebook.com/share/p/1MHZKTqGPo/?mibextid=wwXIfr,
PTP6355,ชีท,14/12/2025,Townhome 4-Storey Bangna (ทาวน์โฮม 4 ชั้น บางนา),บ้าน,7 Bed 5 Bath,250,4,"42,000",,"บางนา, เจริญนคร","BTS กรุงธนบุรี, BTS เจริญนคร, BTS สายหลัก",https://www.livinginsider.com/istockdetail/DIoooI_CjoDfbe.html,,https://www.facebook.com/share/p/1MoBZjo8Mt/?mibextid=wwXIfr,https://www.facebook.com/share/p/1FzTe9nuvb/?mibextid=wwXIfr,
PTP6354,ชีท,14/12/2025,Plum Sukhumvit 62 (พลัม สุขุมวิท 62),คอนโด,2 Bed 1 Bath,35,4,"18,000",,"อ่อนนุช, อุดมสุข, บางจาก, ปุณณวิถี","BTS บางจาก, BTS ปุณณวิถี",https://www.livinginsider.com/istockdetail/DIoooI_Cjofobb.html,,https://www.facebook.com/share/p/17koDUAuBg/?mibextid=wwXIfr,https://www.facebook.com/share/p/1MrR9xqkoX/?mibextid=wwXIfr,พลัม
PTP6353,ชีท,14/12/2025,พนาสนธิ์วิลล่า 6 (Phanasan Villa 6),บ้าน,2 Bed 2 Bath,18,2,,"2,390,000","นวมินทร์ รามอินทรา, เจริญนคร","BTS กรุงธนบุรี, BTS เจริญนคร",https://www.livinginsider.com/istockdetail/DIoooI_CjofoeD.html,,https://www.facebook.com/share/p/1DJiHMN7Td/?mibextid=wwXIfr,https://www.facebook.com/share/p/16Ynstj39y/?mibextid=wwXIfr,
PTP6352,ชีท,14/12/2025,Tidy Thonglor (ไทดี้ ทองหล่อ),คอนโด,1 Bed 1 Bath,41,4,"25,000",,"ทองหล่อ, เอกมัย","BTS ทองหล่อ, BTS เอกมัย",https://www.livinginsider.com/istockdetail/DIoooI_CjofCyf.html,,https://www.facebook.com/share/p/192VH3e3SV/?mibextid=wwXIfr,https://www.facebook.com/share/p/14UBTuGatbw/?mibextid=wwXIfr,
PTP6351,ชีท,14/12/2025,บ้าน ณ นครินทร์ (Baan Na Nakarin),บ้าน,1 Bed 1 Bath,340,4,"32,000",,"พัฒนาการ ศรีนครินทร์, เจริญนคร","BTS กรุงธนบุรี, BTS เจริญนคร",https://www.livinginsider.com/istockdetail/DIoooI_CjofDfC.html,,https://www.facebook.com/share/p/1D9EnSsiVN/?mibextid=wwXIfr,https://www.facebook.com/share/p/12M9yKbXT3S/?mibextid=wwXIfr,
PTP6350,ชีท,14/12/2025,The Empire Place Condominium (ดิ เอ็มไพร์ เพลส),คอนโด,2 Bed 2 Bath,114.62,,"55,000","16,990,000",เจริญนคร,"BTS กรุงธนบุรี, BTS เจริญนคร",https://www.livinginsider.com/istockdetail/DIoooI_CjofgIg.html,,https://www.facebook.com/share/p/1VzDx79FwR/?mibextid=wwXIfr,https://www.facebook.com/share/p/1FEeQd8uMC/?mibextid=wwXIfr,
PTP6346,ชีท,13/12/2025,Areena Garden Village Onnut 44 (หมู่บ้านอารีน่าการ์เด้น อ่อนนุช 44),บ้าน,3 Bed 3:Bath,300,2,"38,000",,"อ่อนนุช, พระโขนง, บางจาก","BTS อ่อนนุช, BTS พระโขนง, BTS บางจาก",https://www.facebook.com/groups/3559933737655458/permalink/4161699017478924/,https://www.facebook.com/kanya.thanutanatip/,https://www.facebook.com/share/p/1bEJp1qjDr/?mibextid=wwXIfr,https://www.facebook.com/share/p/1DLLr2CJGU/?mibextid=wwXIfr,อารีน่าการ์เดนท์ อ่อนนุช 44
PTP6333,ชีท,12/12/2025,Thru Thonglor (ทรู ทองหล่อ),คอนโด,1 Bed 1 Bath,31,30,"18,000",,"ทองหล่อ, เพชรบุรีตัดใหม่, RCA, โรงพยาบาลกรุงเทพ, มศว ประสานมิตร","BTS ทองหล่อ, MRT เพชรบุรี, ARL มักกะสัน",,,https://www.facebook.com/share/p/1CKYntHn9a/,https://www.facebook.com/share/p/1Ecb96kW6t/,พี่เพลงติดต่อ
PTP6330,ชีท,12/12/2025,Supalai Townhome (ศุภาลัย ทาวน์โฮม),บ้าน,4 Bed 3 Bath,150,3,"19,000","4,200,000","เลียบทางด่วนรามอินทรา, เจริญนคร","BTS กรุงธนบุรี, BTS เจริญนคร",https://www.livinginsider.com/istockdetail/DIoooI_CIIfoCI.html,,https://www.facebook.com/share/p/17nVxtgaGn/?mibextid=wwXIfr,https://www.facebook.com/share/p/1KwMXitnZj/?mibextid=wwXIfr,
PTP6329,ชีท,12/12/2025,T.C. Green (ที.ซี. กรีน),คอนโด,1 Bed 1 Bath,41,30,"16,000","2,900,000","เพชรบุรีตัดใหม่, RCA, พระราม 9",MRT พระราม 9,https://www.livinginsider.com/istockdetail/DIoooI_CIoIbgI.html,,https://www.facebook.com/share/p/17NtEsA1NT/?mibextid=wwXIfr,https://www.facebook.com/share/p/1EeBSdqvVt/?mibextid=wwXIfr,
PTP6328,ชีท,12/12/2025,B Republic Sukhumvit 101/1 (บี รีพับบลิค สุขุมวิท 101/1),คอนโด,2 Bed 2 Bath,54,7,"20,000",,"อ่อนนุช, อุดมสุข, ปุณณวิถี, เจริญนคร","BTS ปุณณวิถี, BTS กรุงธนบุรี, BTS เจริญนคร",https://www.livinginsider.com/istockdetail/DIoooI_CDDejDe.html,,https://www.facebook.com/share/p/1DPcsHMNNH/?mibextid=wwXIfr,https://www.facebook.com/share/p/14SeTz7M4mV/?mibextid=wwXIfr,
PTP6327,ชีท,12/12/2025,โฮมออฟฟิศ ลาดพร้าววังหิน 76,บ้าน,1 Bed 1 Bath,300,3,,"11,000,000","เกษตรศาสตร์ รัชโยธิน, เจริญนคร","BTS กรุงธนบุรี, BTS เจริญนคร, BTS สายหลัก",https://www.livinginsider.com/istockdetail/DIoooI_CIjyIfe.html,,https://www.facebook.com/share/p/17mrJeph3a/?mibextid=wwXIfr,https://www.facebook.com/share/p/1Bzxdg7G7n/?mibextid=wwXIfr,บ้าน
PTP6326,ชีท,12/12/2025,Aspire Vibha-Victory (แอสปาย วิภา-วิคตอรี่),คอนโด,1 Bed 1 Bath,32.5,18,"17,500",,"อารีย์, เจริญนคร","BTS กรุงธนบุรี, BTS เจริญนคร",https://www.livinginsider.com/istockdetail/DIoooI_CjoCeCf.html,,https://www.facebook.com/share/p/18ALWm3eFG/?mibextid=wwXIfr,https://www.facebook.com/share/p/1RKoWzaZ7G/?mibextid=wwXIfr,Victory
PTP6325,ชีท,12/12/2025,Regal Sathorn–Narathiwas (รีเกิล สาทร–นราธิวาส),คอนโด,1 Bed 1 Bath,33,6,"18,000",,"สาทร, เจริญนคร","BTS ช่องนนทรี, BTS กรุงธนบุรี, BTS เจริญนคร",https://www.livinginsider.com/istockdetail/DIoooI_CjoCefb.html,,https://www.facebook.com/share/p/1QGsXsnyNW/?mibextid=wwXIfr,https://www.facebook.com/share/p/1Adbh85RBR/?mibextid=wwXIfr,รีเกิล
PTP6324,ชีท,12/12/2025,Indy 2 Bangna–Ramkhamhaeng 2 (อินดี้ 2 บางนา–รามคำแหง 2),บ้าน,3 Bed 3 Bath,124,3,"37,000",,"บางนา, เจริญนคร","BTS กรุงธนบุรี, BTS เจริญนคร",https://www.livinginsider.com/istockdetail/DIoooI_CjoCyye.html,,https://www.facebook.com/share/p/1C5QDwusk6/?mibextid=wwXIfr,https://www.facebook.com/share/p/1D4jzjgkaV/?mibextid=wwXIfr,
PTP6323,ชีท,12/12/2025,Noble Revo Silom (โนเบิล รีโว สีลม),คอนโด,1 Bed 1 Bath,34,14,"21,000",,สาทร,"BTS สุรศักดิ์, BTS สะพานตากสิน",https://www.livinginsider.com/istockdetail/DIoooI_bfDofyI.html,,https://www.facebook.com/share/p/17zJxELm3X/?mibextid=wwXIfr,https://www.facebook.com/share/p/1CLskGdGZ6/?mibextid=wwXIfr,โนเบิลรีโวล
PTP6320,ชีท,12/12/2025,Rhythm Sukhumvit 50 (ริทึ่ม สุขุมวิท 50),คอนโด,2 Bed 2 Bath,65,,"41,000",,"อ่อนนุช, อุดมสุข",BTS อ่อนนุช,https://www.facebook.com/groups/prakard/permalink/4021965834606217/?sale_post_id=4021965834606217,https://www.facebook.com/nuttaluk.polchan/,https://www.facebook.com/share/p/1Tw2KLx2sG/?mibextid=wwXIfr,https://www.facebook.com/share/p/1BfKVm34Gs/?mibextid=wwXIfr,ริทึ่ม สุขุมวิท 50
PTP6318,ชีท,12/12/2025,Quad Sathorn  (ควอด สาทร),คอนโด,Studio,28,4,"12,000",,"สาทร, เจริญนคร","BTS ช่องนนทรี, BTS สุรศักดิ์, BTS กรุงธนบุรี",https://www.livinginsider.com/istockdetail/DIoooI_CeDbCjI.html,,https://www.facebook.com/share/p/1Gf5EuJRmi/?mibextid=wwXIfr,https://www.facebook.com/share/p/1SdsM3z8GA/?mibextid=wwXIfr,ควอด
PTP6317,ชีท,11/12/2025,Thru Thonglor (ทรู ทองหล่อ),คอนโด,1 Bed 1 Bath,31,31,"18,000",,"ทองหล่อ, เพชรบุรีตัดใหม่, RCA, โรงพยาบาลกรุงเทพ, มศว ประสานมิตร","BTS ทองหล่อ, MRT เพชรบุรี, ARL มักกะสัน",,,https://www.facebook.com/share/p/1BU3rgQDnw/,https://www.facebook.com/share/p/1BdqkRVe6j/,พี่เพลงติดต่อ ห้อง 491
PTP6304,ชีท,11/12/2025,Townhome City Link Rama 9 – Srinakarin (ซิตี้ลิงก์ พระราม 9 - ศรีนครินทร์),บ้าน,3 Bed 4 Bath,197,3,"30,000",,"พัฒนาการ ศรีนครินทร์, พระราม 9, มักกะสัน","MRT พระราม 9, ARL มักกะสัน",https://www.livinginsider.com/istockdetail/DIoooI_CIjjfeo.html,,https://www.facebook.com/share/p/1KFitbUiYs/?mibextid=wwXIfr,https://www.facebook.com/share/p/1AQNjUmEz4/?mibextid=wwXIfr,
PTP6303,ชีท,11/12/2025,Flora Ville (ฟลอร่า วิลล์),คอนโด,3 Bed 3 Bath,162,28,"38,000",,"พัฒนาการ ศรีนครินทร์, เจริญนคร","MRT หัวหมาก ( สีเหลือง ), ARL หัวหมาก, BTS กรุงธนบุรี",https://www.livinginsider.com/istockdetail/DIoooI_CfoDDDo.html,,https://www.facebook.com/share/p/17hC7TTLGk/?mibextid=wwXIfr,https://www.facebook.com/share/p/1BjnHcFc72/?mibextid=wwXIfr,
PTP6302,ชีท,11/12/2025,Thru Thonglor (ทรู ทองหล่อ),คอนโด,2 Bed 2 Bath,62.4,18,"28,000",,"ทองหล่อ, เพชรบุรีตัดใหม่, RCA, โรงพยาบาลกรุงเทพ, มศว ประสานมิตร","BTS ทองหล่อ, MRT เพชรบุรี, ARL มักกะสัน",,,https://www.facebook.com/share/p/1H8JDiYtpQ/?mibextid=wwXIfr,https://www.facebook.com/share/p/1DoS5xbCoG/?mibextid=wwXIfr,
PTP6301,ชีท,10/12/2025,Thru Thonglor (ทรู ทองหล่อ),คอนโด,1 Bed 1 Bath,36.8,20,"18,000",,"ทองหล่อ, เพชรบุรีตัดใหม่, RCA, โรงพยาบาลกรุงเทพ, มศว ประสานมิตร","BTS ทองหล่อ, MRT เพชรบุรี, ARL มักกะสัน",,,https://www.facebook.com/share/p/1Fxzkn7GPE/,https://www.facebook.com/share/p/17pqJKauPd/,Line : พี่เพลง
PTP6299,ชีท,10/12/2025,Baan Chayada @Work (บ้านชญาดา @เวิร์ค),บ้าน,3 Bed 4 Bath,240,3,"28,000",,"บางนา, เจริญนคร","BTS กรุงธนบุรี, BTS เจริญนคร",https://www.livinginsider.com/istockdetail/DIoooI_bjjgyfy.html,,,,
PTP6298,ชีท,10/12/2025,U Delight @ Huay Kwang Station (ยู ดีไลท์ แอท ห้วยขวาง สเตชั่น),คอนโด,1 Bed 1 Bath,35,10,"12,000",,"รัชดา, ห้วยขวาง",MRT ห้วยขวาง,https://www.livinginsider.com/istockdetail/DIoooI_CjooDby.html,,https://www.facebook.com/share/p/1CBsWHPf6p/?mibextid=wwXIfr,https://www.facebook.com/share/p/17aN4cZdL3/?mibextid=wwXIfr,
PTP6297,ชีท,10/12/2025,Home Office (โฮมออฟฟิศ),บ้าน,1 Bed 1 Bath,235,3.5,"60,000",,"เลียบทางด่วนรามอินทรา, เจริญนคร","BTS กรุงธนบุรี, BTS เจริญนคร",https://www.livinginsider.com/istockdetail/DIoooI_bjebgog.html,,https://www.facebook.com/share/p/1BNLGM5bAL/?mibextid=wwXIfr,https://www.facebook.com/share/p/1GxeA5vTmq/?mibextid=wwXIfr,
PTP6293,ชีท,10/12/2025,The Privacy Rama 9 (เดอะ ไพรเวซี่ พระราม 9),คอนโด,1 Bed 1 Bath,27,8,"13,000",,"เพชรบุรีตัดใหม่, RCA, พระราม 9, รามคำแหง",ARL รามคำแหง,https://www.facebook.com/groups/456957028207473/permalink/2030291444207349/,https://www.facebook.com/profile.php?id=100009739509615,https://www.facebook.com/share/p/1ARDuS8k18/?mibextid=wwXIfr,https://www.facebook.com/share/p/1ALCLpDyJy/?mibextid=wwXIfr,เดอะไพรเวซี่ พระราม 9
PTP6289,ชีท,10/12/2025,Pentafield City Residence (เพนตาฟิลด์ ซิตี้ เรสซิเดนซ์),คอนโด,1 Bed 1 Bath,33.28,3,"16,000",,"อ่อนนุช, อุดมสุข, เจริญนคร","BTS กรุงธนบุรี, BTS เจริญนคร",https://www.livinginsider.com/istockdetail/DIoooI_CIjjfjg.html,,https://www.facebook.com/share/p/17TZW9n6wK/?mibextid=wwXIfr,https://www.facebook.com/share/p/1ACxrkuXsq/?mibextid=wwXIfr,
PTP6284,ชีท,10/12/2025,Townhouse หมู่บ้านทิพย์ ลาดพร้าว 101,บ้าน,3 Bed 2 Bath,20,2,,"29,900,000","ลาดพร้าว, เจริญนคร","BTS กรุงธนบุรี, BTS เจริญนคร",https://www.livinginsider.com/istockdetail/DIoooI_CjoobeI.html,,https://www.facebook.com/share/p/17c9JJBMpD/?mibextid=wwXIfr,https://www.facebook.com/share/p/1CohqvKKMQ/?mibextid=wwXIfr,
PTP6287,ชีท,09/12/2025,Thru Thonglor (ทรู ทองหล่อ),คอนโด,1 Bed 1 Bath,31,32,"15,000",,"ทองหล่อ, เพชรบุรีตัดใหม่, RCA, โรงพยาบาลกรุงเทพ, มศว ประสานมิตร","BTS ทองหล่อ, MRT เพชรบุรี, ARL มักกะสัน",,,https://www.facebook.com/pantip.property.2024/posts/pfbid02wK5afc22rodQc27CHGnvocQa4ExBDzRjgoMXHD9TWxRuxP4FEfigKnhaFrXy6o1Pl,,
PTP6286,ชีท,09/12/2025,Thru Thonglor (ทรู ทองหล่อ),คอนโด,1 Bed 1 Bath,36,28,"15,000",,"ทองหล่อ, เพชรบุรีตัดใหม่, RCA, โรงพยาบาลกรุงเทพ, มศว ประสานมิตร","BTS ทองหล่อ, MRT เพชรบุรี, ARL มักกะสัน",,,,,ไลน์เจ้าของ : Mookkirana 林宝珠
PTP6281,ชีท,09/12/2025,Pleno Sukhumvit Bangna 2 (พลีโน่ สุขุมวิท บางนา 2),บ้าน,3 Bed 2 Bath,106,,"35,000",,"บางนา, เจริญนคร","BTS กรุงธนบุรี, BTS เจริญนคร",https://www.facebook.com/groups/456957028207473/permalink/2029856737584153/,https://www.facebook.com/nana.pilaisomboon/,https://www.facebook.com/share/p/17V3t9eeLP/?mibextid=wwXIfr,https://www.facebook.com/share/p/1BtPMrZNnG/?mibextid=wwXIfr,PLENO Sukhumvit-Bangna 2
PTP6280,ชีท,09/12/2025,The Excel Hideaway Sukhumvit 50 (ดิ เอ็กซ์เซล ไฮด์ อะเวย์ สุขุมวิท 50),คอนโด,2 Bed 2 Bath,48,4,"22,000",,"อ่อนนุช, อุดมสุข, พระโขนง, เจริญนคร","BTS พระโขนง, BTS อ่อนนุช, BTS กรุงธนบุรี",https://www.facebook.com/groups/456957028207473/permalink/2024994841403676/,https://www.facebook.com/kai.mongphut/,https://www.facebook.com/share/p/1DCFGsp6NP/?mibextid=wwXIfr,https://www.facebook.com/share/p/17yymqHbyH/?mibextid=wwXIfr,The Excel Hideaway Sukhumvit 50
PTP6275,ชีท,09/12/2025,The Base Sukhumvit 77 (เดอะ เบส สุขุมวิท 77),คอนโด,1 Bed 1 Bath,32,19,"15,000",,"อ่อนนุช, อุดมสุข",BTS อ่อนนุช,https://www.livinginsider.com/istockdetail/DIoooI_CIICffj.html,,https://www.facebook.com/share/p/1JZbafyLSR/?mibextid=wwXIfr,https://www.facebook.com/share/p/1Yte3V8ii4/?mibextid=wwXIfr,
PTP6267,ชีท,07/12/2025,Motif Condo Sathorn–Wongwian Yai (โมทีฟ คอนโด สาทร–วงเวียนใหญ่),คอนโด,1 Bed 1 Bath,35,22,"12,000",,"เจริญนคร, วงเวียนใหญ่","BTS โพธิ์นิมิตร, BTS วงเวียนใหญ่, BTS กรุงธนบุรี",https://www.livinginsider.com/istockdetail/DIoooI_bybgyej.html,,https://www.facebook.com/share/p/1CjAxEUwyX/?mibextid=wwXIfr,https://www.facebook.com/share/p/17YT1Uh5jj/?mibextid=wwXIfr,
PTP6266,ชีท,07/12/2025,Niche Mono Ramkhamhaeng (นิช โมโน รามคำแหง),คอนโด,1 Bed 1 Bath,33.5,8,"13,500",,รามคำแหง,"MRT แยกลำสาลี, MRT บางกะปิ",https://www.livinginsider.com/istockdetail/DIoooI_CIjyjCe.html,,https://www.facebook.com/share/p/1AP16De7K5/?mibextid=wwXIfr,https://www.facebook.com/share/p/1CJxZtAH5G/?mibextid=wwXIfr,
PTP6265,ชีท,07/12/2025,Land with Building Rama 9 Soi 59 (ที่ดินพร้อมอาคาร พระราม 9 ซอย 59),บ้าน,1 Bed 1 Bath,79,,"150,000","22,500,000","เพชรบุรีตัดใหม่, RCA, พระราม 9, มักกะสัน","MRT พระราม 9, ARL มักกะสัน",https://www.livinginsider.com/istockdetail/DIoooI_CIjIoID.html,,https://www.facebook.com/share/p/1AKDSo7aHF/?mibextid=wwXIfr,https://www.facebook.com/share/p/14NuoGavBMW/?mibextid=wwXIfr,
PTP6264,ชีท,07/12/2025,Townhouse 2-Storey (ทาวน์เฮาส์ 2 ชั้น),บ้าน,3 Bed 3 Bath,150,2,"16,000",,"มีนบุรี-ร่มเกล้า, เจริญนคร","BTS กรุงธนบุรี, BTS เจริญนคร",https://www.livinginsider.com/istockdetail/DIoooI_CIjyfyD.html,,https://www.facebook.com/share/p/17j9g5SUFF/?mibextid=wwXIfr,https://www.facebook.com/share/p/1AnhLnpJqh/?mibextid=wwXIfr,
PTP6259,ชีท,07/12/2025,Ratchathinnamai Village (หมู่บ้านราชตฤณมัย),บ้าน,4 Bed 3 Bath,230,3,"40,000",,"เกษตรศาสตร์ รัชโยธิน, เจริญนคร","BTS กรุงธนบุรี, BTS เจริญนคร",https://www.livinginsider.com/istockdetail/DIoooI_CIgygCg.html,,https://www.facebook.com/share/p/17njeDjtmq/?mibextid=wwXIfr,https://www.facebook.com/share/p/1GJv6vsDi2/?mibextid=wwXIfr,
PTP6258,ชีท,07/12/2025,Baan Klang Mueang The Paris Ratchavipha (เดอะ ปารีส รัชวิภา),บ้าน,4 Bed 6 Bath,240,4,"7,200,000",,"เกษตรศาสตร์ รัชโยธิน, เจริญนคร","BTS กรุงธนบุรี, BTS เจริญนคร, BTS สายหลัก",https://www.livinginsider.com/istockdetail/DIoooI_CIjyybo.html,,https://www.facebook.com/share/p/1DaencSiYu/?mibextid=wwXIfr,https://www.facebook.com/share/p/1AeeXiEZXT/?mibextid=wwXIfr,
PTP6257,ชีท,07/12/2025,IDEO Morph 38 (ไอดีโอ มอร์ฟ 38),คอนโด,Duplex 1 Bed 1 Bath,34,6,"30,000",,"ทองหล่อ, อโศก, สุขุมวิท, เอกมัย","BTS ทองหล่อ, BTS เอกมัย",https://www.facebook.com/groups/456957028207473/permalink/2028592947710532/,https://www.facebook.com/inzaniti/,https://www.facebook.com/share/p/1ALP1WU9QL/?mibextid=wwXIfr,https://www.facebook.com/share/p/1E7sgUNcCP/?mibextid=wwXIfr,Ideo Morph 38
PTP6255,ชีท,07/12/2025,Modern Home Tower (โมเดิร์น โฮม ทาวเวอร์),คอนโด,2 Bed 1 Bath,84,12,"36,000",,"พระราม 3 สาธุประดิษฐ์, เจริญนคร","BTS กรุงธนบุรี, BTS เจริญนคร",https://www.livinginsider.com/istockdetail/DIoooI_CIIDCog.html,,https://www.facebook.com/share/p/17Y4JqnpKL/?mibextid=wwXIfr,https://www.facebook.com/share/p/1NVSKhhoDU/?mibextid=wwXIfr,
PTP6251,ชีท,06/12/2025,ที่ดินซอยทองหล่อ 25,พื้นที่ให้เช่า/ขาย,1 Bed 1 Bath,96,,,"52,800,000","ทองหล่อ, เอกมัย","BTS ทองหล่อ, BTS เอกมัย",https://www.livinginsider.com/istockdetail/DIoooI_CIjfggj.html,,https://www.facebook.com/share/p/1AB9i41vRT/?mibextid=wwXIfr,https://www.facebook.com/share/1AESEGQHE9/?mibextid=wwXIfr,
PTP6250,ชีท,06/12/2025,บ้านซอยจรัญสนิทวงศ์ 23,บ้าน,4 Bed 4 Bath,23,,,"3,790,000",เจริญนคร,"BTS กรุงธนบุรี, BTS เจริญนคร",https://www.livinginsider.com/istockdetail/DIoooI_CIjgyyy.html,,https://www.facebook.com/share/p/17cT87cMr9/?mibextid=wwXIfr,https://www.facebook.com/share/p/1DzLCsVXn7/?mibextid=wwXIfr,
PTP6244,ชีท,06/12/2025,Atmoz Ratchada - Huaikwang (แอทโมช รัชดา - ห้วยขวาง),คอนโด,1 Bed 1 Bath,24.45,6,"13,000",,"รัชดา, ห้วยขวาง",MRT ศูนย์วัฒนธรรมแห่งประเทศไทย,https://www.livinginsider.com/istockdetail/DIoooI_CIgfCyj.html,,https://www.facebook.com/share/p/16NpdDRpCe/?mibextid=wwXIfr,https://www.facebook.com/share/p/1KMAsfkB8M/?mibextid=wwXIfr,
PTP6243,ชีท,06/12/2025,Lumpini Place Rama 4 - Kluaynamthai (ลุมพินี เพลส พระราม 4 - กล้วยน้ำไท),คอนโด,1 Bed 1 Bath,28,,"13,000","2,800,000","คลองเตย กล้วยน้ำไท, เอกมัย",BTS เอกมัย,https://www.livinginsider.com/istockdetail/DIoooI_CIjgfCe.html,,https://www.facebook.com/share/p/1H5HLVxDgR/?mibextid=wwXIfr,https://www.facebook.com/share/p/1E2727k7dE/?mibextid=wwXIfr,
PTP6238,ชีท,04/12/2025,My Condo Sukhumvit 52 (มาย คอนโด สุขุมวิท 52),คอนโด,Studio,25,5,"11,000",,"อ่อนนุช, อุดมสุข, บางจาก, เจริญนคร","BTS อ่อนนุช, BTS บางจาก, BTS กรุงธนบุรี",https://www.livinginsider.com/istockdetail/DIoooI_bfbfjIg.html,,https://www.facebook.com/share/p/14VKKF16u31/?mibextid=wwXIfr,https://www.facebook.com/share/p/1Fih5Cr7Fv/?mibextid=wwXIfr,
PTP6237,ชีท,04/12/2025,Noble Revo Silom (โนเบิล รีโว สีลม),คอนโด,1 Bed 1 Bath,35,10,"20,000",,สาทร,"BTS สุรศักดิ์, BTS สะพานตากสิน",https://www.livinginsider.com/istockdetail/DIoooI_befgCoD.html,,https://www.facebook.com/share/p/1AhLqY78HM/?mibextid=wwXIfr,https://www.facebook.com/share/p/17Nx2gfRZK/?mibextid=wwXIfr,
PTP6234,ชีท,04/12/2025,Home Office Phetchaburi 47 – Rama 9 (โฮมออฟฟิศ เพชรบุรี 47 – พระราม 9),บ้าน,5 Bed 4 Bath,750,3,"79,000",,"เพชรบุรีตัดใหม่, RCA, พระราม 9, มักกะสัน","MRT พระราม 9, ARL มักกะสัน",https://www.livinginsider.com/istockdetail/DIoooI_CIbIgfj.html,,https://www.facebook.com/share/p/1Bv5n1FKB3/?mibextid=wwXIfr,https://www.facebook.com/share/p/1ZJSxJRNkU/?mibextid=wwXIfr,
PTP6233,ชีท,04/12/2025,The Coast Bangkok (เดอะ โคสต์ แบงค็อก),คอนโด,2 Bed 2 Bath,65,26,"26,000",,บางนา,BTS บางนา,https://www.livinginsider.com/istockdetail/DIoooI_CCgjDjy.html,,https://www.facebook.com/share/p/17AJXmauBz/?mibextid=wwXIfr,https://www.facebook.com/share/p/17iEpnQm9K/?mibextid=wwXIfr,
PTP6232,ชีท,04/12/2025,Supalai Elite Phayathai (ศุภาลัย เอลีท พญาไท),คอนโด,2 Bed 2 Bath,105,14,"40,000",,ราชเทวี พญาไท,"ARL ราชปรารภ, BTS พญาไท, BTS อนุสาวรีย์ชัยสมรภูมิ",https://www.livinginsider.com/istockdetail/DIoooI_bDogfbI.html,,https://www.facebook.com/share/p/17jfyjEPQj/?mibextid=wwXIfr,https://www.facebook.com/share/p/1aoDXFnfhA/?mibextid=wwXIfr,
PTP6231,ชีท,04/12/2025,The Privacy Rama 9 (เดอะ ไพรเวซี่ พระราม 9),คอนโด,2 Bed 1 Bath,35.43,24,"18,000",,"เพชรบุรีตัดใหม่, RCA, พระราม 9, รามคำแหง",ARL รามคำแหง,https://www.livinginsider.com/istockdetail/DIoooI_CIjfCob.html,,https://www.facebook.com/share/p/1aqQH4Qu3L/?mibextid=wwXIfr,https://www.facebook.com/share/p/19tbN31cFR/?mibextid=wwXIfr,
PTP6230,ชีท,04/12/2025,The Seed Musee Sukhumvit 26 (เดอะ ซี๊ด มูซี่ สุขุมวิท 26),คอนโด,2 Bed 2 Bath,65.01,4,"35,000",,"ทองหล่อ, อโศก, สุขุมวิท, พร้อมพงษ์","BTS พร้อมพงษ์, BTS ทองหล่อ",https://www.livinginsider.com/istockdetail/DIoooI_CIIegCe.html,,https://www.facebook.com/share/p/1JPayQdYP6/?mibextid=wwXIfr,https://www.facebook.com/share/p/17o9Crq7ig/?mibextid=wwXIfr,
PTP6229,ชีท,04/12/2025,IDEO New Rama 9 (ไอดีโอ นิว พระราม 9),คอนโด,1 Bed 1 Bath,37,21,"20,000",,"เพชรบุรีตัดใหม่, RCA, พระราม 9, มักกะสัน","MRT พระราม 9, ARL มักกะสัน",https://www.facebook.com/groups/1341493672621534/permalink/24619318674412372/,https://www.facebook.com/wonder.brandname/,https://www.facebook.com/share/p/1KD2cEi8D8/?mibextid=wwXIfr,https://www.facebook.com/share/p/1Cz6mi5Dwv/?mibextid=wwXIfr,IDEO NEW RAMA9
PTP6228,ชีท,04/12/2025,Silom Grand Terrace (สีลม แกรนด์เทอเรส),คอนโด,1 Bed 1 Bath,43,5,"30,000",,สีลม,"BTS ศาลาแดง, MRT สีลม",https://www.facebook.com/groups/456957028207473/permalink/2026525944583899/,https://www.facebook.com/pinkiiez/,https://www.facebook.com/share/p/14PznhEtSSq/?mibextid=wwXIfr,https://www.facebook.com/share/p/17TjNHAg5c/?mibextid=wwXIfr,Silom Grand Terrace
PTP6224,ชีท,04/12/2025,Golden Home Parkville (โกลเด้น โฮม พาร์ควิลล์),บ้าน,1 Bed 1 Bath,280,3,"70,000",,"พระราม 3 สาธุประดิษฐ์, เจริญนคร","BTS กรุงธนบุรี, BTS เจริญนคร, BTS สายหลัก",https://www.livinginsider.com/istockdetail/DIoooI_Cfjegoy.html,https://www.facebook.com/profile.php?id=100064870920753,https://www.facebook.com/share/p/1DNCFYYJ6e/?mibextid=wwXIfr,https://www.facebook.com/share/p/1Gv9ecYbbJ/?mibextid=wwXIfr,
PTP6217,ชีท,03/12/2025,Ketsara Classic Home (หมู่บ้านเกษราคลาสสิคโฮม),บ้าน,3 Bed 2 Bath,150,3,"20,000",,"เสรีไทย-นิด้า, เจริญนคร","BTS กรุงธนบุรี, BTS เจริญนคร",https://www.livinginsider.com/istockdetail/DIoooI_CIjbjfC.html,,https://www.facebook.com/share/p/19yxThwLff/?mibextid=wwXIfr,https://www.facebook.com/share/p/1GDCreNXPG/?mibextid=wwXIfr,
PTP6216,ชีท,03/12/2025,Noble Solo (โนเบิล โซโล),คอนโด,2 Bed 2 Bath,84.5,6,"56,000",,"ทองหล่อ, อโศก, สุขุมวิท",BTS ทองหล่อ,https://www.livinginsider.com/istockdetail/DIoooI_CIjCygg.html,,https://www.facebook.com/share/p/1BqLJLewS9/?mibextid=wwXIfr,https://www.facebook.com/share/p/1FHM9ALLdS/?mibextid=wwXIfr,
PTP6215,ชีท,03/12/2025,Life Ratchadapisek (ไลฟ์ รัชดาภิเษก),คอนโด,2 Bed 2 Bath,55,,"27,000",,"รัชดา, ห้วยขวาง","MRT ห้วยขวาง, MRT สุทธิสาร",https://www.livinginsider.com/istockdetail/DIoooI_CyCoofe.html,,https://www.facebook.com/share/p/16W9NqtHc1/?mibextid=wwXIfr,https://www.facebook.com/share/p/1BTGhjmJ9p/?mibextid=wwXIfr,
PTP6214,ชีท,03/12/2025,Tree Condo Sukhumvit 52 (ทรี คอนโด สุขุมวิท 52),คอนโด,2 Bed 2 Bath,84,4,"40,000",,เจริญนคร,"BTS กรุงธนบุรี, BTS เจริญนคร",https://www.livinginsider.com/istockdetail/DIoooI_CDDefIb.html,,https://www.facebook.com/share/p/17vaU6PkmE/?mibextid=wwXIfr,https://www.facebook.com/share/p/1aDtmozSjC/?mibextid=wwXIfr,
PTP6213,ชีท,03/12/2025,IDEO Q Phayathai (ไอดีโอ คิว พญาไท),คอนโด,1 Bed 1 Bath,41,16,"23,000",,ราชเทวี พญาไท,"BTS พญาไท, BTS ราชเทวี, BTS อนุสาวรีย์ชัยสมรภูมิ",https://www.livinginsider.com/istockdetail/DIoooI_CIoCDIe.html,,https://www.facebook.com/share/p/17WMWSeeV3/?mibextid=wwXIfr,https://www.facebook.com/share/p/14QFiwjTCyi/?mibextid=wwXIfr,
PTP6212,ชีท,03/12/2025,IDEO New Rama 9 (ไอดีโอ นิว พระราม 9),คอนโด,1 Bed 1 Bath,26,5,"17,000",,"เพชรบุรีตัดใหม่, RCA, พระราม 9, มักกะสัน","MRT พระราม 9, ARL มักกะสัน",https://www.livinginsider.com/istockdetail/DIoooI_CIjebey.html,,https://www.facebook.com/share/p/1Csn726Xpy/?mibextid=wwXIfr,https://www.facebook.com/share/p/1BnMv71MRi/?mibextid=wwXIfr,
PTP6211,ชีท,03/12/2025,Wimberly Home Sukhumvit 105 (วิมเบอร์ลี่โฮม สุขุมวิท 105),บ้าน,4 Bed 3 Bath,,3,"15,000","3,000,000","บางนา, เจริญนคร","BTS กรุงธนบุรี, BTS เจริญนคร",https://www.livinginsider.com/istockdetail/DIoooI_CIjeCIj.html,,https://www.facebook.com/share/p/1FTZJZ9WYh/?mibextid=wwXIfr,https://www.facebook.com/share/p/1Bohvg9MCy/?mibextid=wwXIfr,
PTP6208,ชีท,03/12/2025,The Tree Huamak (เดอะทรี หัวหมาก),คอนโด,1 Bed 1 Bath,27,4,"12,000",,,ARL หัวหมาก,https://www.facebook.com/groups/456957028207473/permalink/2025640224672471/,https://www.facebook.com/pupae.athitiya/,https://www.facebook.com/share/p/17er2Wq2c5/?mibextid=wwXIfr,https://www.facebook.com/share/p/16qSgcgbV7/?mibextid=wwXIfr,The Tree Huamak
PTP6197,ชีท,02/12/2025,Vtara Sukhumvit 36 (วีธารา สุขุมวิท 36),คอนโด,1 Bed 1 Bath,29.5,3,"18,000",,"ทองหล่อ, อโศก, สุขุมวิท, พร้อมพงษ์","BTS พร้อมพงษ์, BTS ทองหล่อ",https://www.livinginsider.com/re/611684,,https://www.facebook.com/share/p/16ngNukzfy/?mibextid=wwXIfr,https://www.facebook.com/share/p/1EcU8u3bTo/?mibextid=wwXIfr,
PTP6193,ชีท,02/12/2025,The Light New York Sukhumvit 64 (เดอะ ไลท์ นิวยอร์ก สุขุมวิท 64),คอนโด,2 Bed 1 Bath,42,8,"20,000",,"อ่อนนุช, อุดมสุข, ปุณณวิถี, บางจาก, เจริญนคร","BTS ปุณณวิถี, BTS บางจาก, BTS กรุงธนบุรี",https://www.facebook.com/groups/456957028207473/permalink/2024099338159893/,https://www.facebook.com/naammi/,https://www.facebook.com/share/p/15XUCTWHsZQ/?mibextid=wwXIfr,https://www.facebook.com/share/p/1Crd7Fu4Ba/?mibextid=wwXIfr,The Light New York สุขุมวิท 64
PTP6188,ชีท,01/12/2025,บ้านพร้อมที่ดิน พัฒนาการ 96,บ้าน,1 Bed 2 Bath,120,1,"55,000",,"พัฒนาการ ศรีนครินทร์, เจริญนคร","BTS กรุงธนบุรี, BTS เจริญนคร",https://www.livinginsider.com/istockdetail/DIoooI_CIjofby.html,,https://www.facebook.com/share/p/1ZnqGbKuE8/?mibextid=wwXIfr,https://www.facebook.com/share/p/1H7qReJXb6/?mibextid=wwXIfr,
PTP6187,ชีท,01/12/2025,Noble Revolve Ratchada 2 (โนเบิล รีวอลฟ์ รัชดา 2),คอนโด,1 Bed 1 Bath,26,20,"13,500",,"รัชดา, ห้วยขวาง, พระราม 9","MRT ศูนย์วัฒนธรรมแห่งประเทศไทย, MRT พระราม 9",https://www.livinginsider.com/istockdetail/DIoooI_CIjboIy.html,,https://www.facebook.com/share/p/1Dmc2zQ5ZP/?mibextid=wwXIfr,https://www.facebook.com/share/p/1dY1CjqdkU/?mibextid=wwXIfr,
PTP6186,ชีท,01/12/2025,Noble Ambience Sukhumvit 42 (โนเบิล แอมเบียนส์ สุขุมวิท 42),คอนโด,1 Bed 1 Bath,41.5,6,"25,000",,"ทองหล่อ, อโศก, สุขุมวิท, เอกมัย, พระโขนง","BTS เอกมัย, BTS พระโขนง, BTS ทองหล่อ",https://www.livinginsider.com/istockdetail/DIoooI_CIjbboD.html,,https://www.facebook.com/share/p/1Bja8zD8qs/?mibextid=wwXIfr,https://www.facebook.com/share/p/1LryPPKT6M/?mibextid=wwXIfr,
PTP6185,ชีท,01/12/2025,Niche Pride Thonglor-Phetchaburi (นิช ไพรด์ ทองหล่อ - เพชรบุรี),คอนโด,1 Bed 1 Bath,31.33,6,,"3,350,000","ทองหล่อ, เพชรบุรีตัดใหม่, RCA, โรงพยาบาลกรุงเทพ, มศว ประสานมิตร","MRT เพชรบุรี, BTS ทองหล่อ, ARL มักกะสัน",https://www.livinginsider.com/istockdetail/DIoooI_CIjbfoD.html,,https://www.facebook.com/share/p/1Bdsah6bPK/?mibextid=wwXIfr,,
PTP6161,ชีท,28/11/2025,Office / Home Office @ Sathorn Business Park,บ้าน,,230,4,,"40,000,000","เจริญนคร, วงเวียนใหญ่","BTS กรุงธนบุรี, BTS เจริญนคร",https://www.livinginsider.com/istockdetail/DIoooI_CIIjDoy.html,,https://www.facebook.com/share/p/1AstetYgqC/?mibextid=wwXIfr,,
PTP6157,ชีท,28/11/2025,Supalai Garden Ville Krungthep Kreetha – Motorway (ศุภาลัย การ์เดนวิลล์ กรุงเทพกรีฑา – มอเตอร์เวย์),บ้าน,4 Bed 3 Bath,210,2,"45,900",,"ลาดกระบัง สุวรรณภูมิ, เจริญนคร","BTS กรุงธนบุรี, BTS เจริญนคร",https://www.livinginsider.com/istockdetail/DIoooI_CIyDIyI.html,,https://www.facebook.com/share/p/1CZov9bbtX/?mibextid=wwXIfr,https://www.facebook.com/share/p/14P9WLQhUs4/?mibextid=wwXIfr,
PTP6156,ชีท,28/11/2025,UNiO Sukhumvit 72 Phase 2 (ยูนิโอ สุขุมวิท 72 เฟส 2),คอนโด,1 Bed 1 Bath,42,6,"17,000","2,800,000",เจริญนคร,"BTS กรุงธนบุรี, BTS เจริญนคร",https://www.livinginsider.com/istockdetail/DIoooI_CIfefeC.html,,https://www.facebook.com/share/p/17QJ6FJofk/?mibextid=wwXIfr,https://www.facebook.com/share/p/1CVHYwPtqn/?mibextid=wwXIfr,
PTP6152,ชีท,28/11/2025,Siamese RAMA 9 (Landmark @MRTA Station) ไซมิส พระราม 9 (แลนด์มาร์ค @MRTA Station),คอนโด,3 Bed 3 Bath,70,18,"60,000",,"เพชรบุรีตัดใหม่, RCA, พระราม 9, มักกะสัน","MRT พระราม 9, ARL มักกะสัน",https://www.livinginsider.com/istockdetail/DIoooI_CgoDbgg.html,,https://www.facebook.com/share/p/1AC5245Mzb/?mibextid=wwXIfr,,
PTP6150,ชีท,28/11/2025,My Place Sukhumvit 77 (มายเพลส สุขุมวิท 77),บ้าน,3 Bed 3 Bath,158,3,"40,000",,"อ่อนนุช, อุดมสุข, เจริญนคร","BTS กรุงธนบุรี, BTS เจริญนคร",https://www.livinginsider.com/istockdetail/DIoooI_CIIIoeb.html,,https://www.facebook.com/share/p/16ALS2nAUR/?mibextid=wwXIfr,https://www.facebook.com/share/p/1FpTfoYRtU/?mibextid=wwXIfr,
PTP6149,ชีท,28/11/2025,Supalai Park Kaset (ศุภาลัย ปาร์ค เกษตร),คอนโด,1 Bed 1 Bath,51,8,"16,000",,"เกษตรศาสตร์ รัชโยธิน, เจริญนคร","BTS ม.เกษตรศาสตร์, BTS เสนานิคม, BTS กรุงธนบุรี",https://www.livinginsider.com/istockdetail/DIoooI_CIIIfbj.html,,https://www.facebook.com/share/p/17B19SjRqp/?mibextid=wwXIfr,https://www.facebook.com/share/p/1BkJSMj7fq/?mibextid=wwXIfr,
PTP6147,ชีท,28/11/2025,IDEO O2 (ไอดีโอ โอทู),คอนโด,Studio,42,,"16,000",,"บางนา, อุดมสุข","BTS บางนา, BTS อุดมสุข",https://www.livinginsider.com/istockdetail/DIoooI_CIIIyee.html,,https://www.facebook.com/share/p/17oz6VqLWx/?mibextid=wwXIfr,https://www.facebook.com/share/p/19uupPPokh/?mibextid=wwXIfr,
PTP6141,ชีท,27/11/2025,บ้านเดี่ยวดอนเมือง – สรงประภา,บ้าน,4 Bed 4 Bath,300,,"45,000","9,500,000","วิภาวดี ดอนเมือง หลักสี่, เจริญนคร","BTS กรุงธนบุรี, BTS เจริญนคร, BTS สายหลัก",https://www.livinginsider.com/istockdetail/DIoooI_CIIyIoy.html,,https://www.facebook.com/share/p/1A6haBVMAD/?mibextid=wwXIfr,https://www.facebook.com/share/p/1A9pdkCdBj/?mibextid=wwXIfr,"ขายด้วยค่ะ 9,500,000 บาท"
PTP6140,ชีท,27/11/2025,Le Rich Ratchada Suthisan (เลอริช รัชดา‑สุทธิสาร),คอนโด,2 Bed 1 Bath,46.2,5,"15,000",,"รัชดา, ห้วยขวาง",MRT สุทธิสาร,https://www.livinginsider.com/istockdetail/DIoooI_Cefffoe.html,,https://www.facebook.com/share/p/1M44M8g8GN/?mibextid=wwXIfr,https://www.facebook.com/share/p/1JthUejP1f/?mibextid=wwXIfr,
PTP6134,ชีท,27/11/2025,Thru Thonglor (ทรู ทองหล่อ),คอนโด,2 Bed 2 Bath,65,25,"35,000",,"ทองหล่อ, เพชรบุรีตัดใหม่, RCA, โรงพยาบาลกรุงเทพ, มศว ประสานมิตร","BTS ทองหล่อ, MRT เพชรบุรี, ARL มักกะสัน",,,https://www.facebook.com/share/p/1BZLcMQwgN/?mibextid=wwXIfr,https://www.facebook.com/share/p/1KHUvdZZ91/?mibextid=wwXIfr,
PTP6133,ชีท,27/11/2025,TP Tower (ทีพี ทาวเวอร์),พื้นที่ให้เช่า/ขาย,1 Bed 1 Bath,330,,"42,000",,"รามคำแหง, เจริญนคร","BTS กรุงธนบุรี, BTS เจริญนคร",https://www.livinginsider.com/istockdetail/DIoooI_beyyDoD.html,,https://www.facebook.com/share/p/16ftjx2LBt/?mibextid=wwXIfr,https://www.facebook.com/share/p/17ZHjmyZsK/?mibextid=wwXIfr,
PTP6132,ชีท,26/11/2025,IDEO Ramkhamhaeng–Lamsalee Station (ไอดีโอ รามคำแหง–ลำสาลี สเตชั่น),คอนโด,2 Bed 2 Bath,64,22,"30,000",,เสรีไทย-นิด้า,"MRT แยกลำสาลี, MRT บางกะปิ",https://www.livinginsider.com/istockdetail/DIoooI_CIIggbg.html,,https://www.facebook.com/share/p/1BmbHGY8JL/?mibextid=wwXIfr,https://www.facebook.com/share/p/1JLku1WPnH/?mibextid=wwXIfr,
PTP6131,ชีท,26/11/2025,Townhome 3-Storey (พระรามเก้า 41 – รามคำแหง 24 แยก 24),บ้าน,2 Bed 1 Bath,31.36,11,"14,000",,"เพชรบุรีตัดใหม่, RCA, พระราม 9",,https://www.livinginsider.com/istockdetail/DIoooI_beoeojI.html,,https://www.facebook.com/share/p/1A4qpqWGyM/?mibextid=wwXIfr,https://www.facebook.com/share/p/1c9qXmwwuC/?mibextid=wwXIfr,
PTP6130,ชีท,26/11/2025,Ivy Sathorn 10 (ไอวี่ สาทร 10),คอนโด,1 Bed 1 Bath,39,25,"23,000",,"สาทร, สีลม","BTS ช่องนนทรี, BTS สุรศักดิ์, BTS ศาลาแดง",https://www.livinginsider.com/istockdetail/DIoooI_bDCyDyD.html,,https://www.facebook.com/share/p/17RWeXtsQQ/?mibextid=wwXIfr,https://www.facebook.com/share/p/1BPjoHzvzU/?mibextid=wwXIfr,
PTP6129,ชีท,26/11/2025,Navatanee Village (หมู่บ้านนวธานี),บ้าน,3 Bed 3 Bath,200,3,"65,000",,"นวมินทร์ รามอินทรา, เจริญนคร","BTS กรุงธนบุรี, BTS เจริญนคร",https://www.livinginsider.com/istockdetail/DIoooI_CIIyeDj.html,,https://www.facebook.com/share/p/1C1gsCcjE7/?mibextid=wwXIfr,https://www.facebook.com/share/p/14Rh4YEQuND/?mibextid=wwXIfr,
PTP6122,ชีท,26/11/2025,The Base Sukhumvit 77 (เดอะ เบส สุขุมวิท 77),คอนโด,1 Bed 1 Bath,30.34,18,,"3,190,000","อ่อนนุช, อุดมสุข",BTS อ่อนนุช,https://www.livinginsider.com/istockdetail/DIoooI_CIIfjgf.html,,https://www.facebook.com/share/p/1BcAMuDMqs/?mibextid=wwXIfr,https://www.facebook.com/share/p/1BSmAcLZRi/?mibextid=wwXIfr,
PTP6121,ชีท,26/11/2025,MODIZ Sukhumvit 50 (โมดิซ สุขุมวิท 50),คอนโด,1 Bed 1 Bath,37,12,"24,500",,"อ่อนนุช, อุดมสุข",BTS อ่อนนุช,https://www.livinginsider.com/istockdetail/DIoooI_CIIgCCy.html,,https://www.facebook.com/share/p/1BjAR3kWrk/?mibextid=wwXIfr,https://www.facebook.com/share/p/18vx6VPjVs/?mibextid=wwXIfr,
PTP6120,ชีท,26/11/2025,Blue Chips Thonglor,พื้นที่ให้เช่า/ขาย,1 Bed 1 Bath,245,1,"490,000",,"ทองหล่อ, อโศก, สุขุมวิท, เอกมัย","BTS ทองหล่อ, BTS เอกมัย",https://www.livinginsider.com/istockdetail/DIoooI_CIIgDgo.html,,https://www.facebook.com/share/p/1GjkpPbHZ9/?mibextid=wwXIfr,https://www.facebook.com/share/p/1CAPkMiAao/?mibextid=wwXIfr,
PTP6119,ชีท,26/11/2025,Modern Home Tower (โมเดิร์น โฮม ทาวเวอร์),คอนโด,2 Bed 1 Bath,84,12,"36,000",,"พระราม 3 สาธุประดิษฐ์, เจริญนคร","BTS กรุงธนบุรี, BTS เจริญนคร",https://www.livinginsider.com/istockdetail/DIoooI_CIIDCog.html,,https://www.facebook.com/share/p/1ArE18wFfP/?mibextid=wwXIfr,https://www.facebook.com/share/p/17cnB59mPL/?mibextid=wwXIfr,
PTP6118,ชีท,26/11/2025,ที่ดินทำเลอ่อนนุช,อื่นๆ,1 Bed 1 Bath,20,,,"9,500,000","อ่อนนุช, อุดมสุข, เจริญนคร","BTS กรุงธนบุรี, BTS เจริญนคร, BTS สายหลัก",https://www.livinginsider.com/istockdetail/DIoooI_CIIefDD.html,,https://www.facebook.com/share/p/14T7aDfA52F/?mibextid=wwXIfr,https://www.facebook.com/share/p/1EHGcKU9p2/?mibextid=wwXIfr,
PTP6117,ชีท,25/11/2025,The Base Park West Sukhumvit 77 (เดอะ เบส พาร์ค เวสต์ สุขุมวิท 77),คอนโด,1 Bed 1 Bath,25,3,"12,000",,"อ่อนนุช, อุดมสุข, พระโขนง","BTS อ่อนนุช, BTS พระโขนง",https://www.livinginsider.com/istockdetail/DIoooI_bbfgoIj.html,,https://www.facebook.com/share/p/1AU1kU4EpD/?mibextid=wwXIfr,https://www.facebook.com/share/p/17GQo65UUX/?mibextid=wwXIfr,
PTP6116,ชีท,25/11/2025,Tempo One Ramkhamhaeng - Rama 9 (เทมโป วัน รามคำแหง - พระราม9),คอนโด,2 Bed 1 Bath,37,5,"13,000","3,400,000","พระราม 9, มักกะสัน","MRT พระราม 9, ARL มักกะสัน",https://www.livinginsider.com/istockdetail/DIoooI_CIIDbjj.html,,https://www.facebook.com/share/p/1FmQQCbnuX/?mibextid=wwXIfr,https://www.facebook.com/share/p/17kujbFnBG/?mibextid=wwXIfr,
PTP6115,ชีท,25/11/2025,TAIT 12 Sathorn (เทตท์ สิบสอง สาทร),คอนโด,1 Bed 1 Bath,52,,"63,000",,"สาทร, เจริญนคร","BTS ช่องนนทรี, BTS สุรศักดิ์, BTS กรุงธนบุรี",https://www.livinginsider.com/istockdetail/DIoooI_CgfffIo.html,,https://www.facebook.com/share/p/1AaahvUzJh/?mibextid=wwXIfr,https://www.facebook.com/share/p/1G9iVgBbqv/?mibextid=wwXIfr,
PTP6114,ชีท,25/11/2025,WINSTON The Private Residence Collection (วินสตัน เดอะ ไพรเวท เรซิเดนซ์ คอลเลกชั่น),บ้าน,1 Bed 1 Bath,380,3,,"15,990,000","แจ้งวัฒนะ เมืองทอง, เจริญนคร","BTS กรุงธนบุรี, BTS เจริญนคร, BTS สายหลัก",https://www.livinginsider.com/istockdetail/DIoooI_CIIeCej.html,,https://www.facebook.com/share/p/1BaGkw2A3g/?mibextid=wwXIfr,https://www.facebook.com/share/p/1BpCctjC7H/?mibextid=wwXIfr,
PTP6113,ชีท,25/11/2025,Life Asoke Rama 9 (ไลฟ์ อโศก - พระราม 9),คอนโด,1 Bed 1 Bath,25,10,"15,000",,"อโศก, เพชรบุรีตัดใหม่, RCA, มศว ประสานมิตร, พระราม 9","MRT พระราม 9, ARL มักกะสัน, MRT เพชรบุรี",https://www.livinginsider.com/istockdetail/DIoooI_CIIefjC.html,,https://www.facebook.com/share/p/1Fjt3uAhrH/?mibextid=wwXIfr,https://www.facebook.com/share/p/1ADk7UPrXA/?mibextid=wwXIfr,
PTP6112,ชีท,25/11/2025,Supalai Townhome (ศุภาลัย ทาวน์โฮม),บ้าน,4 Bed 3 Bath,150,3,"19,000","4,200,000","เลียบทางด่วนรามอินทรา, เจริญนคร","BTS กรุงธนบุรี, BTS เจริญนคร",https://www.livinginsider.com/istockdetail/DIoooI_CIIfoCI.html,,https://www.facebook.com/share/p/1Bu9UvMyR1/?mibextid=wwXIfr,https://www.facebook.com/share/p/1DibVasRva/?mibextid=wwXIfr,
PTP6111,ชีท,25/11/2025,Noble Revolve Ratchada (โนเบิล รีวอลฟ์ รัชดา),คอนโด,1 Bed 1 Bath,25,12X,"16,000",,"รัชดา, ห้วยขวาง, พระราม 9","MRT ศูนย์วัฒนธรรมแห่งประเทศไทย, MRT พระราม 9",https://www.livinginsider.com/istockdetail/DIoooI_CIIfbjC.html,,https://www.facebook.com/share/p/17SiejWay8/?mibextid=wwXIfr,https://www.facebook.com/share/p/16x6r5jUMX/?mibextid=wwXIfr,
PTP6110,ชีท,25/11/2025,Thairong Tower (ไทยรงค์ ทาวเวอร์),คอนโด,1 Bed 1 Bath,41,11,,"1,490,000","พัฒนาการ ศรีนครินทร์, เจริญนคร","BTS กรุงธนบุรี, BTS เจริญนคร",https://www.livinginsider.com/istockdetail/DIoooI_CIIfCCy.html,,https://www.facebook.com/share/p/1FyBwy7NDx/?mibextid=wwXIfr,https://www.facebook.com/share/p/1Cm3PXRZN1/?mibextid=wwXIfr,
PTP6109,ชีท,25/11/2025,The City Ratchaphruek–Suanphak (เดอะ ซิตี้ ราชพฤกษ์–สวนผัก),บ้าน,4 Bed 5 Bath,309,1,"79,000",,เจริญนคร,"BTS กรุงธนบุรี, BTS เจริญนคร",https://www.livinginsider.com/istockdetail/DIoooI_bDDoCCI.html,,https://www.facebook.com/share/p/1ASoQt8s66/?mibextid=wwXIfr,https://www.facebook.com/share/p/1Bn5tYXENX/?mibextid=wwXIfr,
PTP6108,ชีท,25/11/2025,Baan Suan Thon Ratchada (บ้านสวนธน รัชดา),คอนโด,1 Bed 1 Bath,50,5,"11,000",,"รัชดา, ห้วยขวาง, เจริญนคร","BTS กรุงธนบุรี, BTS เจริญนคร",https://www.livinginsider.com/istockdetail/DIoooI_bjyyfyC.html,,https://www.facebook.com/share/p/1Swg4mMAxQ/?mibextid=wwXIfr,https://www.facebook.com/share/p/187DESk75p/?mibextid=wwXIfr,
PTP6105,ชีท,25/11/2025,The Room Sathorn–Taksin (เดอะ รูม สาทร–ตากสิน),คอนโด,2 Bed 2 Bath,68,7,"28,000",,"สาทร, ลุมพินี","BTS ช่องนนทรี, BTS สุรศักดิ์, MRT ลุมพินี",https://www.facebook.com/groups/360639508893447/permalink/1361903638767024/,https://www.facebook.com/pleng.ptr/,https://www.facebook.com/share/p/1VsraQzNvh/?mibextid=wwXIfr,https://www.facebook.com/share/p/1ZWGmCKBQ8/?mibextid=wwXIfr,The Room สาทร-ตากสิน
PTP6098,ชีท,24/11/2025,IDEO Sukhumvit 93 (ไอดีโอ สุขุมวิท 93 ),คอนโด,1 Bed 1 Bath,26.5,17,"14,500",,"บางจาก, พระโขนง, สุขุมวิท, อ่อนนุช, อุดมสุข","BTS บางจาก, BTS อ่อนนุช",https://www.livinginsider.com/istockdetail/DIoooI_CDjbIje.html,,https://www.facebook.com/share/p/1Ck2s3KQtG/?mibextid=wwXIfr,https://www.facebook.com/share/p/17TKhjVVeC/?mibextid=wwXIfr,
PTP6096,ชีท,24/11/2025,One Ratchada - Ladprao (วัน รัชดา - ลาดพร้าว),คอนโด,Studio,32,8,"12,000","2,400,000","รัชดา, ห้วยขวาง, ลาดพร้าว","MRT รัชดาภิเษก, MRT ลาดพร้าว",https://www.livinginsider.com/istockdetail/DIoooI_CIgygjy.html,,https://www.facebook.com/share/p/1AVZamDNiQ/?mibextid=wwXIfr,https://www.facebook.com/share/p/14QGqCWcp9t/?mibextid=wwXIfr,
PTP6095,ชีท,24/11/2025,The Base Sukhumvit 77 (เดอะ เบส สุขุมวิท 77),คอนโด,1 Bed 1 Bath,32,19,"15,000",,"อ่อนนุช, อุดมสุข",BTS อ่อนนุช,https://www.livinginsider.com/istockdetail/DIoooI_CIICffj.html,,https://www.facebook.com/share/p/1GVmVLh1Rz/?mibextid=wwXIfr,https://www.facebook.com/share/p/19oroZaamY/?mibextid=wwXIfr,
PTP6094,ชีท,24/11/2025,Urbano Absolute Sathorn Taksin (เออร์บาโน่ แอ็บโซลูท สาทร-ตากสิน),คอนโด,1 Bed 1 Bath,37,,"20,000",,"เจริญนคร, วงเวียนใหญ่, สาทร","BTS กรุงธนบุรี, BTS เจริญนคร, BTS สะพานตากสิน",https://www.livinginsider.com/istockdetail/DIoooI_CIefjgj.html,,https://www.facebook.com/share/p/1FkX68KVng/?mibextid=wwXIfr,https://www.facebook.com/share/p/17N4rbib3x/?mibextid=wwXIfr,
PTP6093,ชีท,24/11/2025,Supalai Lite Sathorn–Charoenrat (ศุภาลัย ไลท์ สาทร–เจริญราษฎร์),คอนโด,1 Bed 1 Bath,54,8,"17,999",,"สาทร, เจริญนคร","BTS สุรศักดิ์, BTS กรุงธนบุรี, BTS เจริญนคร",https://www.livinginsider.com/istockdetail/DIoooI_CIIDooy.html,,https://www.facebook.com/share/p/19tkzdU5Mj/?mibextid=wwXIfr,https://www.facebook.com/share/p/1BuXALAa3E/?mibextid=wwXIfr,
PTP6092,ชีท,24/11/2025,Baan Vipavee (บ้านวิภาวี),คอนโด,2 Bed 1 Bath,56,7,,"2,890,000","ลาดพร้าว, เจริญนคร","BTS กรุงธนบุรี, BTS เจริญนคร",https://www.livinginsider.com/istockdetail/DIoooI_CIIDbog.html,,https://www.facebook.com/share/p/1FZZR8vGDB/?mibextid=wwXIfr,https://www.facebook.com/share/p/1S5n9MguaT/?mibextid=wwXIfr,
PTP6091,ชีท,24/11/2025,The Niche Mono Sukhumvit 50 (เดอะ นิช โมโน สุขุมวิท 50),คอนโด,Studio,24,,,"2,200,000","อ่อนนุช, อุดมสุข",BTS อ่อนนุช,https://www.livinginsider.com/istockdetail/DIoooI_bIjgejo.html,,https://www.facebook.com/share/p/1FViDWbZpJ/?mibextid=wwXIfr,https://www.facebook.com/share/p/1CBeREGa7f/?mibextid=wwXIfr,
PTP6090,ชีท,24/11/2025,FYNN Asoke (ฟินน์ อโศก),คอนโด,1 Bed 1 Bath,38.58,,,"7,800,000","ทองหล่อ, อโศก, สุขุมวิท, นานา","BTS อโศก, BTS นานา, MRT สุขุมวิท",https://www.livinginsider.com/istockdetail/DIoooI_Cegoobf.html,,https://www.facebook.com/share/p/1BVy9KAqAh/?mibextid=wwXIfr,https://www.facebook.com/share/p/1F3tfFSzzC/?mibextid=wwXIfr,
PTP6089,ชีท,24/11/2025,Mayfair Place Sukhumvit 64 (เมย์แฟร์ เพลส สุขุมวิท 64),คอนโด,1 Bed 1 Bath,38,1,"13,000","3,300,000","อ่อนนุช, อุดมสุข, ปุณณวิถี","BTS ปุณณวิถี, BTS อุดมสุข",https://www.livinginsider.com/istockdetail/DIoooI_CIICICD.html,,https://www.facebook.com/share/p/1Fs4YCvirZ/?mibextid=wwXIfr,https://www.facebook.com/share/p/1ADvpPqPTb/?mibextid=wwXIfr,
PTP6087,ชีท,22/11/2025,M Jatujak (เอ็ม จตุจักร),คอนโด,1 Bed 1 Bath,28,8,"18,000",,สะพานควาย จตุจักร,"BTS สะพานควาย, MRT กำแพงเพชร, BTS หมอชิต",https://www.facebook.com/groups/owneronly/permalink/858737793180100/,https://www.facebook.com/kong.condo.2024/,https://www.facebook.com/share/p/16gFPWo48x/?mibextid=wwXIfr,https://www.facebook.com/share/p/14LAmeBXekh/?mibextid=wwXIfr,M Jatujak – Phahonyothin 18
PTP6080,ชีท,22/11/2025,The Trust Residence Ratchada–Rama 3 (เดอะ ทรัสต์ เรสซิเด้นซ์ รัชดา–พระราม 3),คอนโด,1 Bed 1 Bath,30,17,"11,000",,พระราม 3 สาธุประดิษฐ์,,https://www.livinginsider.com/istockdetail/DIoooI_CIIbgeI.html,,https://www.facebook.com/share/p/1C4xby2vXb/?mibextid=wwXIfr,https://www.facebook.com/share/p/1BbF9gbggs/?mibextid=wwXIfr,
PTP6079,ชีท,22/11/2025,The Tree Pattanakarn - Ekkamai (เดอะ ทรี พัฒนาการ - เอกมัย),คอนโด,2 Bed 2 Bath,55.96,8,"30,000",,"เพชรบุรีตัดใหม่, RCA, พระราม 9, รามคำแหง",ARL รามคำแหง,https://www.livinginsider.com/istockdetail/DIoooI_CIICbDe.html,,https://www.facebook.com/share/p/182LKUzS21/?mibextid=wwXIfr,https://www.facebook.com/share/p/1L7fh5iXHL/?mibextid=wwXIfr,
PTP6078,ชีท,22/11/2025,Supalai Veranda Ramkhamhaeng (ศุภาลัย เวอเรนด้า รามคำแหง ),คอนโด,1 Bed 1 Bath,29.58,17,"12,000",,"รามคำแหง, เจริญนคร","BTS กรุงธนบุรี, BTS เจริญนคร",https://www.livinginsider.com/istockdetail/DIoooI_CIICbyb.html,,https://www.facebook.com/share/p/1J4a8gxygV/?mibextid=wwXIfr,https://www.facebook.com/share/p/17CAVaQj4Z/?mibextid=wwXIfr,
PTP6077,ชีท,22/11/2025,Sukhumvit Suite (สุขุมวิท สวีท),คอนโด,1 Bed 1 Bath,40,,"14,000",,"นานา, อโศก","BTS นานา, MRT สุขุมวิท, BTS อโศก",https://www.livinginsider.com/istockdetail/DIoooI_bfIICgC.html,,https://www.facebook.com/share/p/1AGMAjXaFK/?mibextid=wwXIfr,https://www.facebook.com/share/p/19ho9uznrV/?mibextid=wwXIfr,
PTP6066,ชีท,21/11/2025,Baan Yuppayong (บ้านยุพยงค์),คอนโด,1 Bed 1 Bath,42.86,,,"1,960,000","รามคำแหง, เจริญนคร","BTS กรุงธนบุรี, BTS เจริญนคร",https://www.livinginsider.com/istockdetail/DIoooI_CIIooIf.html,,https://www.facebook.com/share/p/1ALgbqFJwn/?mibextid=wwXIfr,https://www.facebook.com/share/p/1BLjWHpRCQ/?mibextid=wwXIfr,
PTP6065,ชีท,21/11/2025,Lumpini Place Ratchayothin (ลุมพินี เพลส รัชโยธิน),คอนโด,1 Bed 1 Bath,28,6,"10,000",,เจริญนคร,"BTS กรุงธนบุรี, BTS เจริญนคร",https://www.livinginsider.com/istockdetail/DIoooI_CIIoCbg.html,,https://www.facebook.com/share/p/1Cj3U6jFAr/?mibextid=wwXIfr,https://www.facebook.com/share/p/1SJ7ZyH5WE/?mibextid=wwXIfr,
PTP6064,ชีท,21/11/2025,Chapter One Midtown Ladprao 24 (แชปเตอร์ วัน มิดทาวน์ ลาดพร้าว 24),คอนโด,Studio,31,,"13,000","3,200,000","ลาดพร้าว, รัชดา","MRT ลาดพร้าว, MRT รัชดาภิเษก",https://www.livinginsider.com/istockdetail/DIoooI_CIIoyjo.html,,https://www.facebook.com/share/p/19yreZa6Hm/?mibextid=wwXIfr,https://www.facebook.com/share/p/1BZs4W4sBX/?mibextid=wwXIfr,
PTP6063,ชีท,21/11/2025,IDEO Sukhumvit - Rama 4 (ไอดีโอ สุขุมวิท - พระราม 4),คอนโด,1 Bed 1 Bath,30,16,"20,000","4,890,000","คลองเตย กล้วยน้ำไท, พระโขนง, เอกมัย","BTS พระโขนง, BTS เอกมัย",https://www.livinginsider.com/istockdetail/DIoooI_CIIboDe.html,,https://www.facebook.com/share/p/1BcNAmSEtN/?mibextid=wwXIfr,https://www.facebook.com/share/p/1D91wuuDtQ/?mibextid=wwXIfr,
PTP6056,ชีท,20/11/2025,Regent home bangna (รีเจ้นท์ โฮม บางนา),คอนโด,Studio,28,,"10,000",,บางนา,BTS บางนา,https://www.livinginsider.com/istockdetail/DIoooI_CyfggfI.html,,https://www.facebook.com/share/p/1BxcvekWsh/?mibextid=wwXIfr,https://www.facebook.com/share/p/1AwmGtWkfP/?mibextid=wwXIfr,
PTP6055,ชีท,20/11/2025,Supalai Veranda Ramkhamhaeng (ศุภาลัย เวอเรนด้า รามคำแหง ),คอนโด,Studio,28,,"10,000",,"รามคำแหง, เจริญนคร","BTS กรุงธนบุรี, BTS เจริญนคร",https://www.livinginsider.com/istockdetail/DIoooI_CICIygb.html,,https://www.facebook.com/share/p/1BKavUjM3n/?mibextid=wwXIfr,https://www.facebook.com/share/p/1NFYawtr8o/?mibextid=wwXIfr,
PTP6054,ชีท,20/11/2025,บ้านเดี่ยว ตลาดบางใหญ่,บ้าน,4 Bed 4 Bath,230,2,,"9,500,000","นนทบุรี บางใหญ่ บางบัวทอง, เจริญนคร","BTS กรุงธนบุรี, BTS เจริญนคร, BTS สายหลัก",https://www.livinginsider.com/istockdetail/DIoooI_CIyyCgg.html,,https://www.facebook.com/share/p/15uiygrhnW/?mibextid=wwXIfr,https://www.facebook.com/share/p/1B81Y7yRWT/?mibextid=wwXIfr,
PTP6053,ชีท,20/11/2025,The Rich Rama 9 - Srinakarin (เดอะริช พระราม 9 - ศรีนครินทร์),คอนโด,1 Bed 1 Bath,26,14,"14,000",,"พระราม 9, มักกะสัน","MRT พระราม 9, ARL มักกะสัน",https://www.livinginsider.com/istockdetail/DIoooI_CDyejey.html,,https://www.facebook.com/share/p/1FJxBpDwrW/?mibextid=wwXIfr,https://www.facebook.com/share/p/1CbBzGszvz/?mibextid=wwXIfr,
PTP6052,ชีท,20/11/2025,Ideo Sukhumvit 115 (ไอดีโอ สุขุมวิท 115),คอนโด,1 Bed 1 Bath,28,33,"10,500",,"สมุทรปราการ สำโรง, เจริญนคร","BTS ปู่เจ้าสมิงพราย, BTS สำโรง, BTS กรุงธนบุรี",https://www.livinginsider.com/istockdetail/DIoooI_CICbfee.html,,https://www.facebook.com/share/p/1HxFRtCULS/?mibextid=wwXIfr,https://www.facebook.com/share/p/1Cupcd7Lzs/?mibextid=wwXIfr,
PTP6047,ชีท,20/11/2025,Tropical House Thonglor 25 (ทรอปิคอล เฮาส์ ทองหล่อ 25),บ้าน,5 Bed 5 Bath,400,5,"100,000",,"ทองหล่อ, เอกมัย","BTS ทองหล่อ, BTS เอกมัย",https://www.facebook.com/groups/456957028207473/permalink/2011468756089618/,https://www.facebook.com/VWWongg/,https://www.facebook.com/share/p/17nwYCu5Ha/?mibextid=wwXIfr,https://www.facebook.com/share/p/1D2sspzzXs/?mibextid=wwXIfr,Tropical House ทองหล่อ
PTP6045,ชีท,20/11/2025,บ้านเดี่ยว คลองถนน,บ้าน,4 Bed 2 Bath,335,2,"3,990,000",,,MRT คลองบางไผ่,https://www.facebook.com/groups/1432583150894979/permalink/2076112683208686/,https://www.facebook.com/chiwichit.toomnhoo/,https://www.facebook.com/share/p/1NFLKK3ntq/?mibextid=wwXIfr,https://www.facebook.com/share/p/17M28ofvvo/?mibextid=wwXIfr,
PTP6030,ชีท,19/11/2025,The Base Rama 9 - Ramkhamhaeng (เดอะ เบส พระราม 9 - รามคำแหง),คอนโด,Studio,26.5,23,"11,000",,"เพชรบุรีตัดใหม่, RCA, พระราม 9, รามคำแหง",ARL รามคำแหง,https://www.facebook.com/groups/456957028207473/permalink/2014843882418772/,https://www.facebook.com/sawitti.toonngern/,https://www.facebook.com/share/p/19nSLEsjV1/?mibextid=wwXIfr,https://www.facebook.com/share/p/17ksL4eXvY/?mibextid=wwXIfr,The Base rama9 - Ramkhamhaeing
PTP6028,ชีท,19/11/2025,Regent Sukhumvit 81 (รีเจ้นท์ สุขุมวิท 81),คอนโด,1 Bed 1 Bath,28,5,"12,000",,"อ่อนนุช, สุขุมวิท, พระโขนง","BTS อ่อนนุช, BTS พระโขนง",https://www.facebook.com/groups/456957028207473/permalink/2014880852415075/,https://www.facebook.com/pookky.pook.792/,https://www.facebook.com/share/p/1FAbjrMMvE/?mibextid=wwXIfr,https://www.facebook.com/share/p/1XVv32thBk/?mibextid=wwXIfr,รีเจ้นท์สุขุมวิท81
PTP6023,ชีท,18/11/2025,39 By Sansiri (39 บาย แสนสิริ),คอนโด,2 Bed 2 Bath,77.3,16,"55,000",,"ทองหล่อ, อโศก, สุขุมวิท, พร้อมพงษ์",BTS พร้อมพงษ์,https://www.livinginsider.com/istockdetail/DIoooI_CeDefjo.html,,https://www.facebook.com/share/p/17MVXisnKh/?mibextid=wwXIfr,https://www.facebook.com/share/p/1GZ46zrRUo/?mibextid=wwXIfr,
PTP6022,ชีท,18/11/2025,Supalai Wellington II (ศุภาลัย เวลลิงตัน 2),คอนโด,1 Bed 1 Bath,42,6,"17,000",,"เพชรบุรีตัดใหม่, RCA, พระราม 9",,https://www.livinginsider.com/istockdetail/DIoooI_CIygICb.html,,https://www.facebook.com/share/p/1AduRZrhXj/?mibextid=wwXIfr,https://www.facebook.com/share/p/19vv1ymrRf/?mibextid=wwXIfr,
PTP6021,ชีท,18/11/2025,IDEO Sukhumvit 93 (ไอดีโอ สุขุมวิท 93 ),คอนโด,Studio,26.5,17,"14,500",,"บางจาก, พระโขนง, สุขุมวิท, อ่อนนุช, อุดมสุข","BTS บางจาก, BTS อ่อนนุช",https://www.livinginsider.com/istockdetail/DIoooI_CDjbIje.html,,https://www.facebook.com/share/p/16fLGXZs1T/?mibextid=wwXIfr,https://www.facebook.com/share/p/17ZJPfeNCT/?mibextid=wwXIfr,
PTP6020,ชีท,18/11/2025,Life Asoke (ไลฟ์ อโศก),คอนโด,2 Bed 1 Bath,36,7,"21,000",,"อโศก, เพชรบุรีตัดใหม่, RCA, มศว ประสานมิตร, พระราม 9","MRT เพชรบุรี, ARL มักกะสัน, MRT พระราม 9",https://www.livinginsider.com/istockdetail/DIoooI_CIbjjCD.html,,https://www.facebook.com/share/p/17NgtoZTcx/?mibextid=wwXIfr,https://www.facebook.com/share/p/1BK9maQ3uX/?mibextid=wwXIfr,
PTP6019,ชีท,18/11/2025,Niche Mono Ramkhamhaeng (นิช โมโน รามคำแหง),คอนโด,1 Bed 1 Bath,29,30,"14,000",,รามคำแหง,"MRT แยกลำสาลี, MRT บางกะปิ",https://www.livinginsider.com/istockdetail/DIoooI_CIygjDf.html,,https://www.facebook.com/share/p/1AJ1fcoq4n/?mibextid=wwXIfr,https://www.facebook.com/share/p/1Ghh8pHUkY/?mibextid=wwXIfr,
PTP6017,ชีท,18/11/2025,OKA HAUS Sukhumvit 36 (โอกะ เฮาส์ สุขุมวิท 36),คอนโด,1 Bed 1 Bath,35,18,"26,500",,"ทองหล่อ, อโศก, สุขุมวิท","BTS ทองหล่อ, MRT ศูนย์ประชุมแห่งชาติสิริกิติ์",https://www.livinginsider.com/istockdetail/DIoooI_CfgoDgC.html,,https://www.facebook.com/share/p/1Lpt8RkseF/?mibextid=wwXIfr,https://www.facebook.com/share/p/1BBGzTDbRo/?mibextid=wwXIfr,
PTP6016,ชีท,18/11/2025,Niche Pride Thonglor-Phetchaburi (นิช ไพรด์ ทองหล่อ - เพชรบุรี),คอนโด,2 Bed 2 Bath,59,7,"34,000",,"ทองหล่อ, เพชรบุรีตัดใหม่, RCA, โรงพยาบาลกรุงเทพ, มศว ประสานมิตร","MRT เพชรบุรี, BTS ทองหล่อ, ARL มักกะสัน",https://www.livinginsider.com/istockdetail/DIoooI_bDjfDjD.html,,https://www.facebook.com/share/p/18P484dQwN/?mibextid=wwXIfr,,
PTP6015,ชีท,18/11/2025,Townhome 3 Floors Phahonyothin 59 (ทาวน์โฮม 3 ชั้น พหลโยธิน 59),บ้าน,4 Bed 4 Bath,240,3,,"4,500,000","เกษตรศาสตร์ รัชโยธิน, เจริญนคร","BTS กรุงธนบุรี, BTS เจริญนคร, BTS สายหลัก",https://www.livinginsider.com/istockdetail/DIoooI_CIygbyy.html,,https://www.facebook.com/share/p/1BUwBYKcyw/?mibextid=wwXIfr,https://www.facebook.com/share/p/1JX8XrowfX/?mibextid=wwXIfr,
PTP6014,ชีท,18/11/2025,Niche MONO Mega Space Bangna (นิช โมโน เมกะ สเปซ บางนา),คอนโด,1 Bed 1 Bath,35.41,4,"12,000",,"บางนา, เจริญนคร","MRT ศรีเอี่ยม, BTS กรุงธนบุรี, BTS เจริญนคร",https://www.livinginsider.com/istockdetail/DIoooI_CIyggye.html,,https://www.facebook.com/share/p/1AYXwPC3CR/?mibextid=wwXIfr,https://www.facebook.com/share/p/1JWjxPWsfx/?mibextid=wwXIfr,
PTP6012,ชีท,16/11/2025,Knightbridge Prime Sathorn (ไนท์บริดจ์ ไพร์ม สาทร),คอนโด,1 Bed 1 Bath,28,,"19,000",,"สาทร, เจริญนคร","BTS ช่องนนทรี, BTS กรุงธนบุรี, BTS เจริญนคร",https://www.livinginsider.com/istockdetail/DIoooI_CIDoyoj.html,,https://www.facebook.com/share/p/1AFCLPhET2/?mibextid=wwXIfr,https://www.facebook.com/share/p/17hTNZiYJj/?mibextid=wwXIfr,ไนท์บริดจ์ ไพร์ม สาทร
PTP6009,ชีท,16/11/2025,THE EXTRO Phayathai - Rangnam (ดิ เอ็กซ์โทร พญาไท - รางน้ำ),คอนโด,2 Bed 2 Bath,66.7,7,"62,000",,ราชเทวี พญาไท,"BTS อนุสาวรีย์ชัยสมรภูมิ, BTS พญาไท, ARL ราชปรารภ",https://www.livinginsider.com/istockdetail/DIoooI_CfbbgeI.html,,https://www.facebook.com/share/p/1AQSyyaeGT/?mibextid=wwXIfr,https://www.facebook.com/share/p/1CSWdkMAnF/?mibextid=wwXIfr,
PTP6008,ชีท,16/11/2025,Flexi Mega Space Bangna (เฟลกซี่ เมกะ สเปซ บางนา),คอนโด,Studio,23,7,"9,000",,"บางนา, เจริญนคร","BTS กรุงธนบุรี, BTS เจริญนคร",https://www.livinginsider.com/istockdetail/DIoooI_CIyeCDy.html,,https://www.facebook.com/share/p/1GsWJ617ha/?mibextid=wwXIfr,https://www.facebook.com/share/p/1CsZivtT3j/?mibextid=wwXIfr,
PTP6007,ชีท,16/11/2025,Charming Townhome Sathorn (ชาร์มมิ่ง ทาวน์โฮม สาทร),บ้าน,3 Bed 4 Bath,200,4,"65,000",,"สาทร, เจริญนคร","BTS กรุงธนบุรี, BTS เจริญนคร",https://www.livinginsider.com/istockdetail/DIoooI_CIyeCjb.html,,https://www.facebook.com/share/p/1JkhLVXuVj/?mibextid=wwXIfr,https://www.facebook.com/share/p/1FX4FHYVda/?mibextid=wwXIfr,
PTP6006,ชีท,16/11/2025,Eight Residence (เอท เรสซิเดนซ์),คอนโด,1 Bed 1 Bath,32-60,,"6,500-8,000",,"รัชดา, ห้วยขวาง, เจริญนคร","BTS กรุงธนบุรี, BTS เจริญนคร",https://www.livinginsider.com/istockdetail/DIoooI_CIyeDeD.html,,https://www.facebook.com/share/p/14MYaa6ECzd/?mibextid=wwXIfr,https://www.facebook.com/share/p/1WoqyUjRyF/?mibextid=wwXIfr,
PTP6005,ชีท,16/11/2025,IDEO Mobi Sukhumvit 66 (ไอดีโอ โมบิ สุขุมวิท 66),คอนโด,2 Bed 2 Bath,84.5,8,"65,000",,"อ่อนนุช, อุดมสุข, ปุณณวิถี, เจริญนคร","BTS อุดมสุข, BTS ปุณณวิถี, BTS กรุงธนบุรี",https://www.livinginsider.com/istockdetail/DIoooI_CIyeeoC.html,,https://www.facebook.com/share/p/1F5GYfnVhB/?mibextid=wwXIfr,https://www.facebook.com/share/p/1AGjTBARGV/?mibextid=wwXIfr,
PTP5997,ชีท,16/11/2025,Sukhumvit House (บ้านสุขุมวิท),บ้าน,3 Bed 4 Bath,55,3,"140,000",,"ทองหล่อ, อโศก, สุขุมวิท",,https://www.livinginsider.com/istockdetail/DIoooI_CDyjCfe.html,,https://www.facebook.com/share/p/16ccBgg8ZT/?mibextid=wwXIfr,https://www.facebook.com/share/p/1GezmSVfn2/?mibextid=wwXIfr,
PTP5996,ชีท,15/11/2025,The Parkland Bangna (เดอะ พาร์คแลนด์ บางนา),คอนโด,1 Bed 1 Bath,38,8,"9,000",,บางนา,"MRT ศรีเอี่ยม, MRT ศรีอุดม",https://www.livinginsider.com/istockdetail/DIoooI_bIIfjyD.html,,https://www.facebook.com/share/p/17NUMogM9Q/?mibextid=wwXIfr,,
PTP5995,ชีท,15/11/2025,The Oleander (เดอะ โอลีนเดอร์),คอนโด,2 Bed 2 Bath,122.4,11,"67,000",,"นานา, เพลินจิต, มักกะสัน","BTS เพลินจิต, BTS นานา, ARL มักกะสัน",https://www.livinginsider.com/istockdetail/DIoooI_CIyCDjI.html,,https://www.facebook.com/share/p/17mcregQbR/?mibextid=wwXIfr,https://www.facebook.com/share/p/1RFGvUeLTf/?mibextid=wwXIfr,
PTP5994,ชีท,15/11/2025,IDEO Mobi Rama 9 (ไอดีโอ โมบิ พระราม 9),คอนโด,1 Bed 1 Bath,44,27-28,"24,000","6,500,000","เพชรบุรีตัดใหม่, RCA, พระราม 9, มักกะสัน","MRT พระราม 9, ARL มักกะสัน, MRT เพชรบุรี",https://www.livinginsider.com/istockdetail/DIoooI_CIyCeby.html,,https://www.facebook.com/share/p/1BWmWyma1r/?mibextid=wwXIfr,,
PTP5993,ชีท,15/11/2025,The Editor Saphan Khwai (ดิ เอดิเตอร์ สะพานควาย),คอนโด,1 Bed 1 Bath,35,,"23,500",,สะพานควาย จตุจักร,"BTS สะพานควาย, MRT กำแพงเพชร, MRT จตุจักร",https://www.livinginsider.com/istockdetail/DIoooI_CIyogDe.html,,https://www.facebook.com/share/p/1ENd5Y4YEm/?mibextid=wwXIfr,https://www.facebook.com/share/p/1D6D31hhzj/?mibextid=wwXIfr,
PTP5992,ชีท,15/11/2025,Quintara Treehaus Sukhumvit 42 (ควินทารา ทรีเฮาส์ สุขุมวิท 42),คอนโด,1 Bed 1 Bath,32.1,3,"17,000",,"ทองหล่อ, อโศก, สุขุมวิท, เอกมัย, พระโขนง","BTS เอกมัย, BTS พระโขนง",https://www.livinginsider.com/istockdetail/DIoooI_CIyeooD.html,,https://www.facebook.com/share/p/1A1ZfzJBsG/?mibextid=wwXIfr,https://www.facebook.com/share/p/1DGKMeTipe/?mibextid=wwXIfr,
PTP5986,ชีท,15/11/2025,The Tree Sukhumvit 71 - Ekamai (เดอะ ทรี สุขุมวิท 71 - เอกมัย),คอนโด,1 Bed 1 Bath,30,20,"14,500",,"เพชรบุรีตัดใหม่, RCA, พระราม 9, รามคำแหง",ARL รามคำแหง,https://www.livinginsider.com/istockdetail/DIoooI_CyIbjCI.html,,https://www.facebook.com/share/p/1AvLMv1Ays/?mibextid=wwXIfr,https://www.facebook.com/share/p/17QZCHmyf7/?mibextid=wwXIfr,
PTP5985,ชีท,15/11/2025,Fynn Aree (ฟินน์ อารีย์),คอนโด,2 Bed 1 Bath,47,8,"32,000",,"อารีย์, เจริญนคร","BTS อารีย์, BTS สนามเป้า, BTS กรุงธนบุรี",https://www.livinginsider.com/istockdetail/DIoooI_bfeejCg.html,,https://www.facebook.com/share/p/1ALJLwS8kY/?mibextid=wwXIfr,https://www.facebook.com/share/p/1BYvjjvkYG/?mibextid=wwXIfr,
PTP5976,ชีท,14/11/2025,Supalai Oriental Sukhumvit 39 (ศุภาลัย โอเรียนทัล สุขุมวิท 39),คอนโด,1 Bed 1 Bath,46,5,"25,000",,"ทองหล่อ, อโศก, สุขุมวิท, เพชรบุรีตัดใหม่, พร้อมพงษ์","MRT เพชรบุรี, BTS พร้อมพงษ์",https://www.livinginsider.com/istockdetail/DIoooI_bjfbebj.html,,https://www.facebook.com/share/p/17ca4Hhv3G/?mibextid=wwXIfr,https://www.facebook.com/share/p/1APdzntcAN/?mibextid=wwXIfr,
PTP5975,ชีท,14/11/2025,Life @ Sathorn 10 (ไลฟ์ แอด สาทร 10),คอนโด,1 Bed 1 Bath,41,26-27,"20,000",,"สาทร, สีลม","BTS ช่องนนทรี, BTS สุรศักดิ์, BTS ศาลาแดง",https://www.livinginsider.com/istockdetail/DIoooI_beeoffD.html,,https://www.facebook.com/share/p/17ajHHE2ii/?mibextid=wwXIfr,https://www.facebook.com/share/p/1APdzntcAN/?mibextid=wwXIfr,
PTP5970,ชีท,14/11/2025,The President Sukhumvit 81 (เดอะ เพรสซิเดนท์ สุขุมวิท 81),คอนโด,1 Bed 1 Bath,35,15,"22,000",,"อ่อนนุช, อุดมสุข, บางจาก","BTS อ่อนนุช, BTS บางจาก",https://www.livinginsider.com/istockdetail/DIoooI_CIybyDj.html,,https://www.facebook.com/share/p/16fnJxm96e/?mibextid=wwXIfr,https://www.facebook.com/share/p/17URoMZUY6/?mibextid=wwXIfr,
PTP5968,ชีท,14/11/2025,Life Ladprao Valley (ไลฟ์ ลาดพร้าว แวลลีย์),คอนโด,Studio,29,26,"19,000",,ลาดพร้าว,"BTS ห้าแยกลาดพร้าว, MRT พหลโยธิน, BTS พหลโยธิน 24",https://www.livinginsider.com/istockdetail/DIoooI_CIDIfjI.html,,https://www.facebook.com/share/p/1Bg4QfZ93B/?mibextid=wwXIfr,https://www.facebook.com/share/p/16U9KrH22t/?mibextid=wwXIfr,
PTP5967,ชีท,13/11/2025,Onyx Home at Ladprao-Nakniwat (ออนิกซ์ โฮม ลาดพร้าว–นาคนิวาส),บ้าน,4 Bed 5 Bath,206,3,,"6,790,000","ลาดพร้าว, เจริญนคร","BTS กรุงธนบุรี, BTS เจริญนคร",https://www.livinginsider.com/istockdetail/DIoooI_bjbyfeI.html,,https://www.facebook.com/share/p/17SkeRUT1v/?mibextid=wwXIfr,https://www.facebook.com/share/p/1FhLKFcrgF/?mibextid=wwXIfr,
PTP5963,ชีท,13/11/2025,Noble Solo (โนเบิล โซโล),คอนโด,1 Bed 1 Bath,35,10,,"4,500,000","ทองหล่อ, อโศก, สุขุมวิท",BTS ทองหล่อ,https://www.livinginsider.com/istockdetail/DIoooI_CIybCyg.html,,https://www.facebook.com/share/p/162jUmhe4o/?mibextid=wwXIfr,https://www.facebook.com/share/p/1AncmLzoq8/?mibextid=wwXIfr,
PTP5962,ชีท,13/11/2025,Vtara Sukhumvit 36 (วีธารา สุขุมวิท 36),คอนโด,1 Bed 1 Bath,30,,,"4,290,000","ทองหล่อ, อโศก, สุขุมวิท, พร้อมพงษ์","BTS พร้อมพงษ์, BTS ทองหล่อ",https://www.livinginsider.com/istockdetail/DIoooI_CIybegf.html,,https://www.facebook.com/share/p/16xmRHnjVX/?mibextid=wwXIfr,https://www.facebook.com/share/p/17BYF4FdRU/?mibextid=wwXIfr,
PTP5960,ชีท,13/11/2025,Baan Thitiporn (บ้านฐิติพร),บ้าน,3 Bed 3 Bath,30,3,,"7,500,000","พัฒนาการ ศรีนครินทร์, เจริญนคร","BTS กรุงธนบุรี, BTS เจริญนคร",https://www.livinginsider.com/istockdetail/DIoooI_CefejfC.html,,https://www.facebook.com/share/p/1AELkfX36Q/?mibextid=wwXIfr,https://www.facebook.com/share/p/1BS9v7X2HL/?mibextid=wwXIfr,
PTP5959,ชีท,13/11/2025,Niche Mono Charoen Nakhon (นิช โมโน เจริญนคร),คอนโด,2 Bed 1 Bath,50,25,"27,000",,"เจริญนคร, วงเวียนใหญ่","BTS ตลาดพลู, BTS กรุงธนบุรี, BTS เจริญนคร",https://www.livinginsider.com/istockdetail/DIoooI_CfDCCDf.html,,https://www.facebook.com/share/p/1CwZtPH5E1/?mibextid=wwXIfr,https://www.facebook.com/share/p/1A5qtvUB4T/?mibextid=wwXIfr,
PTP5958,ชีท,13/11/2025,Premio Unic Ekkamai-Ramintra (พรีมิโอ ยูนิค เอกมัย-รามอินทรา),คอนโด,2 Bed 1 Bath,45,,"25,000","4,590,000","เลียบทางด่วนรามอินทรา, เอกมัย, ทองหล่อ","BTS เอกมัย, BTS ทองหล่อ",https://www.livinginsider.com/istockdetail/DIoooI_CIfeIoy.html,,https://www.facebook.com/share/p/16gPCo5eN1/?mibextid=wwXIfr,https://www.facebook.com/share/p/1FnV3NXLWg/?mibextid=wwXIfr,
PTP5952,ชีท,12/11/2025,Vibhavadee Suite (วิภาวดี สวีท),คอนโด,1 Bed 1 Bath,63.08,15,"16,900",,"วิภาวดี ดอนเมือง หลักสี่, เจริญนคร","MRT พหลโยธิน, BTS ห้าแยกลาดพร้าว, BTS กรุงธนบุรี",https://www.livinginsider.com/istockdetail/DIoooI_boyCbIC.html,,https://www.facebook.com/share/p/1G2Z9NAmoJ/?mibextid=wwXIfr,https://www.facebook.com/share/p/17iMcReRA4/?mibextid=wwXIfr,
PTP5951,ชีท,12/11/2025,บ้านเดี่ยว ลาดพร้าว–สังคมสงเคราะห์ 12,บ้าน,4 Bed 5 Bath,250,2,"65,000",,"ลาดพร้าว, เจริญนคร","BTS กรุงธนบุรี, BTS เจริญนคร",https://www.livinginsider.com/istockdetail/DIoooI_CejbDfb.html,,https://www.facebook.com/share/p/1A6v9v8GRG/?mibextid=wwXIfr,https://www.facebook.com/share/p/1ByRrLVJeg/?mibextid=wwXIfr,
PTP5950,ชีท,12/11/2025,The Tempo Ruamrudee (เดอะ เทมโป ร่วมฤดี),คอนโด,2 Bed 2 Bath,59,,"30,000","7,600,000","วิทยุ, ชิดลม, หลังสวน, เพลินจิต, นานา","BTS เพลินจิต, BTS นานา, BTS ชิดลม",https://www.livinginsider.com/istockdetail/DIoooI_CIyoojj.html,,https://www.facebook.com/share/p/1AMcT5AuFb/?mibextid=wwXIfr,https://www.facebook.com/share/p/1GA7tx85qt/?mibextid=wwXIfr,
PTP5949,ชีท,12/11/2025,Rhythm Asoke (ริทึ่ม อโศก),คอนโด,1 Bed 1 Bath,35,36,"18,000","4,800,000","เพชรบุรีตัดใหม่, RCA, พระราม 9, มักกะสัน","MRT พระราม 9, ARL มักกะสัน, MRT เพชรบุรี",https://www.livinginsider.com/istockdetail/DIoooI_CIyofyb.html,,https://www.facebook.com/share/p/16Yqrco2oP/?mibextid=wwXIfr,https://www.facebook.com/share/p/17nknNKmh2/?mibextid=wwXIfr,
PTP5948,ชีท,12/11/2025,REACH Phahon Yothin 52 (รีช พหลโยธิน 52),คอนโด,1 Bed 1 Bath,30,4,"10,000",,"วิภาวดี ดอนเมือง หลักสี่, เจริญนคร","BTS สะพานใหม่, BTS กรุงธนบุรี, BTS เจริญนคร",https://www.livinginsider.com/istockdetail/DIoooI_CIyogIf.html,,https://www.facebook.com/share/p/1D29dG6ou5/?mibextid=wwXIfr,https://www.facebook.com/share/p/1CnViDeKva/?mibextid=wwXIfr,
PTP5947,ชีท,12/11/2025,Supalai Veranda Ramkhamhaeng (ศุภาลัย เวอเรนด้า รามคำแหง ),คอนโด,2 Bed 2 Bath,,,,,"รามคำแหง, เจริญนคร","BTS กรุงธนบุรี, BTS เจริญนคร",https://www.livinginsider.com/istockdetail/DIoooI_CICIygb.html,,https://www.facebook.com/share/p/1Bj8SVUvEY/?mibextid=wwXIfr,https://www.facebook.com/share/p/1DLGu5L9uv/?mibextid=wwXIfr,
PTP5946,ชีท,12/11/2025,The Infinity Sathorn (ดิ อินฟินิตี้ สาทร),คอนโด,1 Bed 1 Bath,120,19,"65,000",,"สาทร, สีลม","BTS ช่องนนทรี, BTS ศาลาแดง, BTS สุรศักดิ์",https://www.livinginsider.com/istockdetail/DIoooI_byygDyy.html,,https://www.facebook.com/share/p/1Bj8SVUvEY/?mibextid=wwXIfr,https://www.facebook.com/share/p/1BZ1PGrNNE/?mibextid=wwXIfr,
PTP5945,ชีท,12/11/2025,Hyde Sukhumvit 13 (ไฮด์ สุขุมวิท 13),คอนโด,2 Bed 2 Bath,76.87,24,"45,000",,"นานา, อโศก","BTS นานา, BTS อโศก, MRT สุขุมวิท",https://www.livinginsider.com/istockdetail/DIoooI_CCCefoj.html,,https://www.facebook.com/share/p/1A33hpBKS1/?mibextid=wwXIfr,https://www.facebook.com/share/p/1Kcov4hFEp/?mibextid=wwXIfr,
PTP5944,ชีท,12/11/2025,Elio Del Ray (เอลลิโอ เดลเรย์),คอนโด,1 Bed 1 Bath,26,5,"12,000",,"อ่อนนุช, อุดมสุข, ปุณณวิถี, เจริญนคร","BTS ปุณณวิถี, BTS อุดมสุข, BTS กรุงธนบุรี",https://www.livinginsider.com/istockdetail/DIoooI_bIDDbDf.html,,https://www.facebook.com/share/p/1CgfCHBXPa/?mibextid=wwXIfr,https://www.facebook.com/share/p/1JiokpkDzf/?mibextid=wwXIfr,
PTP5943,ชีท,12/11/2025,Teal Sathorn-Taksin (ทีล สาทร-ตากสิน),คอนโด,3 Bed 3 Bath,110,27,"50,000",,"เจริญนคร, วงเวียนใหญ่","BTS วงเวียนใหญ่, BTS โพธิ์นิมิตร, BTS กรุงธนบุรี",https://www.livinginsider.com/istockdetail/DIoooI_bICeIyo.html,,https://www.facebook.com/share/p/1Bw7M5jWfw/?mibextid=wwXIfr,https://www.facebook.com/share/p/1GqUxaNMyw/?mibextid=wwXIfr,
PTP5940,ชีท,12/11/2025,Chapter Thonglor 25 (แชปเตอร์ ทองหล่อ 25),คอนโด,1 Bed 1 Bath,29,6,"20,000",,"ทองหล่อ, อโศก, สุขุมวิท, เอกมัย","BTS ทองหล่อ, BTS เอกมัย",https://www.facebook.com/groups/456957028207473/permalink/2005162816720212/,https://www.facebook.com/krit.rujisaran/,https://www.facebook.com/share/p/1A8mt2XneH/?mibextid=wwXIfr,https://www.facebook.com/share/p/16Yo5nEL2M/?mibextid=wwXIfr,แชปเตอร์ทองหล่อ
PTP5928,ชีท,11/11/2025,Condo One Ratchada-Ladprao (คอนโดวัน รัชดา ลาดพร้าว),คอนโด,Studio,30,8,"12,000","2,400,000","รัชดา, ห้วยขวาง, ลาดพร้าว","MRT รัชดาภิเษก, MRT ลาดพร้าว",https://www.livinginsider.com/istockdetail/DIoooI_CIgygjy.html,,https://www.facebook.com/share/p/17JBx3meXw/?mibextid=wwXIfr,https://www.facebook.com/share/p/1APmvWdM4v/?mibextid=wwXIfr,
PTP5927,ชีท,11/11/2025,ELIO Sukhumvit 64 (เอลลิโอ สุขุมวิท 64),คอนโด,Studio,23.94,6,"7,900",,"อ่อนนุช, อุดมสุข, ปุณณวิถี","BTS ปุณณวิถี, BTS อุดมสุข",https://www.livinginsider.com/istockdetail/DIoooI_bfeboey.html,,https://www.facebook.com/share/p/162SLJnGzA/?mibextid=wwXIfr,https://www.facebook.com/share/p/16aT3mjwNc/?mibextid=wwXIfr,
PTP5926,ชีท,11/11/2025,The Saint Residence (เดอะ เซนต์ เรสซิเดนซ์),คอนโด,2 Bed 2 Bath,70,26,"36,000",,"ลาดพร้าว, เจริญนคร","MRT พหลโยธิน, BTS ห้าแยกลาดพร้าว, BTS กรุงธนบุรี",https://www.livinginsider.com/istockdetail/DIoooI_CDeICDD.html,,https://www.facebook.com/share/p/1BjAZwp1o3/?mibextid=wwXIfr,https://www.facebook.com/share/p/16a1z9Vr9o/?mibextid=wwXIfr,
PTP5925,ชีท,11/11/2025,ทาวน์โฮม รามคำแหง 142,บ้าน,2 Bed 2 Bath,18,2,,"2,790,000","มีนบุรี-ร่มเกล้า, เจริญนคร","BTS กรุงธนบุรี, BTS เจริญนคร",https://www.livinginsider.com/istockdetail/DIoooI_CIgIbgD.html,,https://www.facebook.com/share/p/1G2MNPVuNc/?mibextid=wwXIfr,https://www.facebook.com/share/p/1KLtCe24Px/?mibextid=wwXIfr,
PTP5924,ชีท,11/11/2025,The Parkland Srinakarin (เดอะ พาร์คแลนด์ ศรีนครินทร์),คอนโด,2 Bed 1 Bath,51,5,"12,000",,"บางนา, เจริญนคร","MRT ศรีเอี่ยม, MRT ศรีอุดม, BTS กรุงธนบุรี",https://www.livinginsider.com/istockdetail/DIoooI_CIgICDC.html,,https://www.facebook.com/share/p/1Lzy1tc1ZS/?mibextid=wwXIfr,https://www.facebook.com/share/p/16yubxwPNN/?mibextid=wwXIfr,
PTP5922,ชีท,10/11/2025,Preecha Village 8 (หมู่บ้านปรีชา 8 ),บ้าน,2 Bed 2 Bath,17,2,,"2,600,000",เจริญนคร,"BTS กรุงธนบุรี, BTS เจริญนคร",https://www.livinginsider.com/istockdetail/DIoooI_CIggeII.html,,https://www.facebook.com/share/p/17N9hYVNQJ/?mibextid=wwXIfr,https://www.facebook.com/share/p/17QwHoFLQb/?mibextid=wwXIfr,
PTP5921,ชีท,10/11/2025,ทาวน์โฮม 3 ชั้น บางเขน,บ้าน,4 Bed 3 Bath,31,3,"40,000",,"เกษตรศาสตร์ รัชโยธิน, เจริญนคร","BTS กรุงธนบุรี, BTS เจริญนคร",https://www.livinginsider.com/istockdetail/DIoooI_CIgygCg.html,,https://www.facebook.com/share/p/1Kb8Nsr87Y/?mibextid=wwXIfr,https://www.facebook.com/share/p/1N2h9aV3Nw/?mibextid=wwXIfr,
PTP5920,ชีท,10/11/2025,Elio Del Ray (เอลลิโอ เดลเรย์),คอนโด,Studio,23.68,5,,"1.625,000","อ่อนนุช, อุดมสุข, ปุณณวิถี, เจริญนคร","BTS ปุณณวิถี, BTS อุดมสุข, BTS กรุงธนบุรี",https://www.livinginsider.com/istockdetail/DIoooI_CgfDeoI.html,,https://www.facebook.com/share/p/1Z3cwssZ9x/?mibextid=wwXIfr,https://www.facebook.com/share/p/17qXMGdWdo/?mibextid=wwXIfr,
PTP5919,ชีท,10/11/2025,U Delight @ Onnut Station (ยู ดีไลท์ แอท อ่อนนุช สเตชั่น),คอนโด,1 Bed 1 Bath,30,,"12,000",,"อ่อนนุช, อุดมสุข",BTS อ่อนนุช,https://www.livinginsider.com/istockdetail/DIoooI_CIgfjbC.html,,https://www.facebook.com/share/p/1FYodfs8Ed/?mibextid=wwXIfr,https://www.facebook.com/share/p/17dnuY7wcP/?mibextid=wwXIfr,
PTP5917,ชีท,10/11/2025,Elio Del Ray (เอลลิโอ เดลเรย์),คอนโด,2 Bed 1 Bath,47,3,"27,000",,"อ่อนนุช, อุดมสุข, ปุณณวิถี, เจริญนคร","BTS ปุณณวิถี, BTS อุดมสุข, BTS กรุงธนบุรี",https://www.facebook.com/groups/456957028207473/permalink/2007962843106876/,https://www.facebook.com/ma.ru.cxm.yuthth.tuta.thxng.yuthth.phph/,https://www.facebook.com/share/p/17hy5pBySx/?mibextid=wwXIfr,https://www.facebook.com/share/p/1BiXvy8eRS/?mibextid=wwXIfr,Elio Del Ray sukhumvit 64
PTP5908,ชีท,10/11/2025,Perfect Place Ramkhamhaeng 164 (เพอร์เฟคเพลส รามคำแหง 164),บ้าน,4 Bed 4 Bath,82,2,"70,000",,"มีนบุรี-ร่มเกล้า, เจริญนคร","BTS กรุงธนบุรี, BTS เจริญนคร",https://www.livinginsider.com/istockdetail/DIoooI_Ceejfoj.html,,https://www.facebook.com/share/p/1CU1jZL2Re/?mibextid=wwXIfr,https://www.facebook.com/share/p/1DQJz99qRq/?mibextid=wwXIfr,
PTP5906,ชีท,09/11/2025,Supalai Veranda Ramkhamhaeng (ศุภาลัย เวอเรนด้า รามคำแหง ),คอนโด,1 Bed 1 Bath,35,35,"16,000",,"รามคำแหง, เจริญนคร","BTS กรุงธนบุรี, BTS เจริญนคร",https://www.livinginsider.com/istockdetail/DIoooI_bDCIIoC.html,,https://www.facebook.com/share/p/1AAtsYGXJo/?mibextid=wwXIfr,https://www.facebook.com/share/p/1AK9SiaW48/?mibextid=wwXIfr,
PTP5905,ชีท,09/11/2025,Taka Haus Ekkamai (ทากะ เฮ้าส์ เอกมัย ),คอนโด,2 Bed 2 Bath,62,7,"42,000",,"ทองหล่อ, อโศก, สุขุมวิท, เอกมัย",BTS เอกมัย,https://www.livinginsider.com/istockdetail/DIoooI_bfeyCCD.html,,https://www.facebook.com/share/p/1F2pm8U21S/?mibextid=wwXIfr,https://www.facebook.com/share/p/1Cm6CHwHMR/?mibextid=wwXIfr,
PTP5904,ชีท,09/11/2025,Oasis Loft Sukhumvit 64 (โอเอซิส ลอฟท์ สุขุมวิท 64),บ้าน,,247,3,"65,500",,"ทองหล่อ, อโศก, สุขุมวิท, เอกมัย","BTS เอกมัย, BTS ทองหล่อ",https://www.livinginsider.com/istockdetail/DIoooI_CIfybDy.html,,https://www.facebook.com/share/p/17G8erYVw9/?mibextid=wwXIfr,https://www.facebook.com/share/p/16QNh6WKyH/?mibextid=wwXIfr,
PTP5903,ชีท,09/11/2025,Supalai Premier @ Asoke (ศุภาลัย พรีเมียร์ แอท อโศก),คอนโด,1 Bed 1 Bath,51,8,"24,500","6,250,000","เพชรบุรีตัดใหม่, RCA, พระราม 9, มักกะสัน","MRT เพชรบุรี, ARL มักกะสัน",https://www.livinginsider.com/istockdetail/DIoooI_CIgfbDf.html,,https://www.facebook.com/share/p/1JUtM5WwJX/?mibextid=wwXIfr,https://www.facebook.com/share/p/1KSxTQn4CC/?mibextid=wwXIfr,
PTP5902,ชีท,09/11/2025,Atmoz Ratchada - Huaikwang (แอทโมช รัชดา - ห้วยขวาง),คอนโด,1 Bed 1 Bath,24.45,6,"14,000",,"รัชดา, ห้วยขวาง",MRT ศูนย์วัฒนธรรมแห่งประเทศไทย,https://www.livinginsider.com/istockdetail/DIoooI_CIgfCyj.html,,https://www.facebook.com/share/p/1GzVqTt2JQ/?mibextid=wwXIfr,https://www.facebook.com/share/p/16knwZjz6s/?mibextid=wwXIfr,
PTP5901,ชีท,09/11/2025,Supalai Loft Prajadhipok–Wongwian Yai (ศุภาลัย ลอฟท์ ประชาธิปก–วงเวียนใหญ่),คอนโด,2 Bed 1 Bath,47.56,18,"25,000",,"เจริญนคร, วงเวียนใหญ่","BTS วงเวียนใหญ่, BTS กรุงธนบุรี, BTS เจริญนคร",https://www.livinginsider.com/istockdetail/DIoooI_bjDCCbf.html,,https://www.facebook.com/share/p/1ACJehejme/?mibextid=wwXIfr,https://www.facebook.com/share/p/1A46ubYB4e/?mibextid=wwXIfr,
PTP5900,ชีท,09/11/2025,Pleno Sukhumvit Bangna 2 (พลีโน่ สุขุมวิท บางนา 2),บ้าน,3 Bed 2 Bath,106,2,"40,000",,"บางนา, เจริญนคร","BTS กรุงธนบุรี, BTS เจริญนคร",https://www.livinginsider.com/istockdetail/DIoooI_CIgfgfj.html,,https://www.facebook.com/share/p/1CkHcApxvm/?mibextid=wwXIfr,https://www.facebook.com/share/p/1A2srV4ETc/?mibextid=wwXIfr,
PTP5899,ชีท,09/11/2025,Townhouse คู้บอน,บ้าน,2 Bed 2 Bath,120,2,,"1,599,999","นวมินทร์ รามอินทรา, เจริญนคร","BTS กรุงธนบุรี, BTS เจริญนคร",https://www.livinginsider.com/istockdetail/DIoooI_CIgfDIj.html,,https://www.facebook.com/share/p/1HECcEWv1Q/?mibextid=wwXIfr,https://www.facebook.com/share/p/1BJd2zLTH8/?mibextid=wwXIfr,
PTP5898,ชีท,09/11/2025,The Primary Kaset – Nawamin (เดอะ ไพรมารี เกษตร–นวมินทร์),บ้าน,3 Bed 4 Bath,230,4,"35,000",,"เกษตร นวมินทร์ ลาดปลาเค้า, เจริญนคร","BTS กรุงธนบุรี, BTS เจริญนคร, BTS สายหลัก",https://www.livinginsider.com/istockdetail/DIoooI_CIgfgoD.html,,https://www.facebook.com/share/p/1A6Avkyo39/?mibextid=wwXIfr,https://www.facebook.com/share/p/1BtmtEUUTR/?mibextid=wwXIfr,
PTP5894,ชีท,09/11/2025,iCondo Sukhumvit 105 (ไอคอนโด สุขุมวิท 105),คอนโด,1 Bed 1 Bath,48,,"14,000",,"บางนา, เจริญนคร","BTS กรุงธนบุรี, BTS เจริญนคร",https://www.livinginsider.com/istockdetail/DIoooI_CIgCCfD.html,,https://www.facebook.com/share/p/16Q9UCwFGJ/?mibextid=wwXIfr,https://www.facebook.com/share/p/14MkDX1ijJx/?mibextid=wwXIfr,
PTP5893,ชีท,09/11/2025,D' 65 (ดี' 65),คอนโด,1 Bed 1 Bath,63.66,,,"4,390,000","อ่อนนุช, อุดมสุข, เอกมัย, พระโขนง","BTS เอกมัย, BTS พระโขนง",https://www.livinginsider.com/istockdetail/DIoooI_CIgCfDg.html,,https://www.facebook.com/share/1CzxqSjW37/?mibextid=wwXIfr,https://www.facebook.com/share/p/1cAbRn9DsK/?mibextid=wwXIfr,
PTP5892,ชีท,08/11/2025,Sense Condo Sukhumvit 68 (เซนส์ คอนโด สุขุมวิท 68),คอนโด,1 Bed 1 Bath,43.19,2,"16,000",,"อ่อนนุช, อุดมสุข, เจริญนคร","BTS อุดมสุข, BTS กรุงธนบุรี, BTS เจริญนคร",https://www.livinginsider.com/istockdetail/DIoooI_Cyofgyy.html,,https://m.facebook.com/story.php?story_fbid=pfbid0TXEPvFCSuD1BRxpFg1ZhoyBr4x3RTVRV9SSNZLWGQf8YjLqPFso3uq1gXiK5i2wSl&id=100082316815815,https://www.facebook.com/share/p/17dUNPfNRM/?mibextid=wwXIfr,
PTP5891,ชีท,08/11/2025,Villa Sathorn (วิลล่า สาทร),คอนโด,Studio,40,7,"16,000",,"เจริญนคร, วงเวียนใหญ่","BTS กรุงธนบุรี, BTS เจริญนคร, BTS วงเวียนใหญ่",https://www.livinginsider.com/istockdetail/DIoooI_CgDCgyj.html,,https://m.facebook.com/story.php?story_fbid=pfbid02Tacft54CQtEBfGsvfYJoeG4ZaPzeKMA4fv7kexLtro5L7o3hwKzvxwg1mjEpsC1Tl&id=100082316815815,https://www.facebook.com/share/p/15iCjMFV5z/?mibextid=wwXIfr,
PTP5890,ชีท,08/11/2025,Living Nest Ramkhamhaeng (ลิฟวิ่ง เนสท์ รามคำแหง),คอนโด,1 Bed 1 Bath,37,2,"13,000",,รามคำแหง,"MRT แยกลำสาลี, MRT บางกะปิ",https://www.livinginsider.com/istockdetail/DIoooI_eIoIoj.html,,https://m.facebook.com/story.php?story_fbid=pfbid0ju9AzHXFhdup8qrmpYzproHbygvV9KwoC66f7ukYbAMkkN6TrB1NUqfPLZG6eHQhl&id=100082316815815,https://www.facebook.com/share/p/17QYaZZmUq/?mibextid=wwXIfr,
PTP5889,ชีท,08/11/2025,S.V. City Rama 3 (เอสวี ซิตี้ พระราม 3),คอนโด,3 Bed 2 Bath,95,,"20,000",,พระราม 3 สาธุประดิษฐ์,,https://www.livinginsider.com/istockdetail/DIoooI_CIgeIgC.html,,https://www.facebook.com/share/1ZBZrozZt3/?mibextid=wwXIfr,https://www.facebook.com/share/p/1HPDytPgMP/?mibextid=wwXIfr,
PTP5888,ชีท,08/11/2025,Denim Jatujak (เดนิม จตุจักร),คอนโด,1 Bed 1 Bath,28,,"13,900",,สะพานควาย จตุจักร,"BTS หมอชิต, MRT จตุจักร, BTS สะพานควาย",https://www.livinginsider.com/istockdetail/DIoooI_CIgCCjo.html,,https://m.facebook.com/story.php?story_fbid=pfbid055ZFht9mWEwSw4tfdwmL831mvidav819EhDKqDHSHr7jxhsnCXnxKZUZqzGJdg6ql&id=100082316815815,https://www.facebook.com/share/p/1JqYwRTH7F/?mibextid=wwXIfr,
PTP5887,ชีท,08/11/2025,Nakarin Villa (รอยัลนครินทร์วิลล่า),บ้าน,8 Bed 8 Bath,390,4,"30,000","9,500,000","พัฒนาการ ศรีนครินทร์, เจริญนคร","BTS กรุงธนบุรี, BTS เจริญนคร, BTS สายหลัก",https://www.livinginsider.com/istockdetail/DIoooI_CIgfofD.html,,https://m.facebook.com/story.php?story_fbid=pfbid02xoEKAaCPSNz16JeeqGKketHN6beYkP1w4RauxtkvpKSFbDbTpQLdvrbXaF2uJssWl&id=100082316815815,https://www.facebook.com/share/p/1Fd75ZHRK7/?mibextid=wwXIfr,
PTP5875,ชีท,07/11/2025,Life Ladprao 18 (ไลฟ์ ลาดพร้าว 18),คอนโด,1 Bed 1 Bath,,,,,ลาดพร้าว,"MRT ลาดพร้าว, BTS ห้าแยกลาดพร้าว",,,https://m.facebook.com/story.php?story_fbid=pfbid02srSiV8d7hjDyjf1aEonB9tTSx6nZuFUFL6QXE2gVNZvS3mVkCMB9w6Md6H66Hxdxl&id=100082316815815,https://www.facebook.com/share/p/1BjrHEwgyh/?mibextid=wwXIfr,
PTP5865,ชีท,07/11/2025,Klos Ratchada 7 (คลอส รัชดา 7),คอนโด,1 Bed 1 Bath,26,5,"17,000",,"รัชดา, ห้วยขวาง","MRT ศูนย์วัฒนธรรมแห่งประเทศไทย, MRT ห้วยขวาง",https://www.livinginsider.com/istockdetail/DIoooI_CIfeCDy.html,,https://m.facebook.com/story.php?story_fbid=pfbid02DmzoQnNcDCw2pzdNTT7FA2RMYbeiWZWnVbFdSwB7hAfbYcx9PbspkBCeN7X8a783l&id=100082316815815,https://www.facebook.com/share/p/17UjpEXh2g/?mibextid=wwXIfr,
PTP5864,ชีท,07/11/2025,ที่ดินพร้อมสำนักงาน ซอยศูนย์วิจัย,อื่นๆ,,430,,"240,000","115,000,000","ทองหล่อ, เพชรบุรีตัดใหม่, โรงพยาบาลกรุงเทพ, มศว ประสานมิตร, RCA","BTS ทองหล่อ, MRT เพชรบุรี, ARL มักกะสัน",https://www.livinginsider.com/istockdetail/DIoooI_bCDCDyC.html,,https://m.facebook.com/story.php?story_fbid=pfbid031oRLjpzvByDpZX1X3ZhMkJW6nz23LHuipHhMCuKpth4Asd4XzwKx7P85nk3oZt8xl&id=100082316815815,https://www.facebook.com/share/p/17M728cY9A/?mibextid=wwXIfr,
PTP5861,ชีท,31/10/2025,Thru Thonglor (ทรู ทองหล่อ),คอนโด,1 Bed 1 Bath,36,18,"19,000",,"ทองหล่อ, เพชรบุรีตัดใหม่, RCA, โรงพยาบาลกรุงเทพ, มศว ประสานมิตร","BTS ทองหล่อ, MRT เพชรบุรี, ARL มักกะสัน",,,https://www.facebook.com/share/p/17VXegSJFG/?mibextid=wwXIfr,https://m.facebook.com/story.php?story_fbid=pfbid02kEUAXzeoEKFhkVcrPTHWWdkjHAPiNCm5nNQRqKgJgACXjGjfaZ3y8zf8dF7MHPwal&id=100090894242559,
PTP5860,ชีท,31/10/2025,Supalai Veranda Rama 9 (ศุภาลัย เวอเรนด้า พระราม 9),คอนโด,1 Bed 1 Bath,37.5,6,,"2,850,000","เพชรบุรีตัดใหม่, RCA, พระราม 9, มักกะสัน","MRT พระราม 9, ARL มักกะสัน",https://www.livinginsider.com/istockdetail/DIoooI_bIDbeey.html,,https://www.facebook.com/share/p/1P7P9mNiYe/?mibextid=wwXIfr,https://m.facebook.com/story.php?story_fbid=pfbid0x9YxPhWoPUxsPrtgnxgW8ZZWKQ2sarprzpvaLNRyjj6akqiGiaMZduLAfj5QYXtZl&id=100090894242559,
PTP5858,ชีท,31/10/2025,UNiO Sukhumvit 72 Phase 2 (ยูนิโอ สุขุมวิท 72 เฟส 2),คอนโด,1 Bed 1 Bath,42,6,"18,000","2,900,000",เจริญนคร,"BTS กรุงธนบุรี, BTS เจริญนคร",https://www.livinginsider.com/istockdetail/DIoooI_CIfeogC.html,,https://www.facebook.com/share/p/1BYfWrhJRj/?mibextid=wwXIfr,https://m.facebook.com/story.php?story_fbid=pfbid0347dxTy1XoKFsXpZuHZkEwnsE5pJvjkRTgTLPctPPEDAcR1yEMrrPx79ZyJSD8p8Wl&id=100090894242559,
PTP5856,ชีท,31/10/2025,Premier Place (พรีเมียร์ เพลส),คอนโด,2 Bed 2 Bath,74.9,5,"35,000",,"เพชรบุรีตัดใหม่, RCA, พระราม 9",,https://www.livinginsider.com/istockdetail/DIoooI_bfCgeyg.html,,https://www.facebook.com/share/p/1BkDGyghEj/?mibextid=wwXIfr,https://m.facebook.com/story.php?story_fbid=pfbid04FPZESzrBP2KgdEwow7W2vg4YSo4tKoW4cXxAdh5J5AFXh14JMUo1AywiBFSfDYAl&id=100090894242559,
PTP5851,ชีท,31/10/2025,Ideo Rama 9–Lamsalee Station (ไอดีโอ รามฯ-ลำสาลี สเตชั่น),คอนโด,1 Bed 1 Bath,35,15,"20,000",,"เสรีไทย-นิด้า, พระราม 9, มักกะสัน","MRT พระราม 9, ARL มักกะสัน",https://www.livinginsider.com/istockdetail/DIoooI_CIfDofy.html,,https://www.facebook.com/share/p/1VgvWKuCPs/?mibextid=wwXIfr,https://m.facebook.com/story.php?story_fbid=pfbid02b71qDaabnABvvyCfYvRvmYBuXNBSGP1edrJSYp8x7JAxRMa3RU2mLFVGFbgetx7Pl&id=100090894242559,
PTP5850,ชีท,31/10/2025,Rhythm Ekkamai (ริทึ่ม เอกมัย),คอนโด,Studio,31,7,"22,000",,"ทองหล่อ, อโศก, สุขุมวิท, เอกมัย","BTS เอกมัย, BTS ทองหล่อ",https://www.livinginsider.com/istockdetail/DIoooI_CCoICIb.html,,https://www.facebook.com/share/p/1bqPdfCUBB/?mibextid=wwXIfr,https://m.facebook.com/story.php?story_fbid=pfbid02cDZK27zJc4osj5wwZYqQQKycx89b9gM9CtbNeZVoEw5jCKTKYQ6D81q1nQGmnzLPl&id=100090894242559,
PTP5849,ชีท,31/10/2025,Chapter One Midtown Ladprao 24 (แชปเตอร์ วัน มิดทาวน์ ลาดพร้าว 24),คอนโด,1 Bed 1 Bath,29.92,33,"15,000","4,080,000","ลาดพร้าว, รัชดา","MRT ลาดพร้าว, MRT รัชดาภิเษก",https://www.livinginsider.com/istockdetail/DIoooI_CIfDIfj.html,,https://www.facebook.com/share/p/17JVkoLiU6/?mibextid=wwXIfr,https://m.facebook.com/story.php?story_fbid=pfbid0m1niPSedDhqkfAnwYxL7tdniRXTb7kjD3bufCfvuskoiC3sb6N3Rc7g7DVFbQB23l&id=100090894242559,
PTP5847,ชีท,31/10/2025,Villa Rachatewi (วิลล่า ราชเทวี),คอนโด,Duplex 1 Bed 2 Bath,70,,"38,000",,ราชเทวี พญาไท,"BTS ราชเทวี, BTS พญาไท, BTS สนามกีฬาแห่งชาติ",https://www.facebook.com/groups/prakard/permalink/3961236834012451/?sale_post_id=3961236834012451,https://www.facebook.com/TiPPPFY/,https://www.facebook.com/share/p/1FkDTz7wC3/?mibextid=wwXIfr,https://m.facebook.com/story.php?story_fbid=pfbid0fC7Qko1Uhgke6f4sqbcwbjVMrFyNhoumhmnDYwrtT9s8PGn8etp5FRmREWtU2bHol&id=100090894242559,วิลล่า ราชเทวี
PTP5842,ชีท,30/10/2025,Niche Mono Charoennakorn (นิช โมโน เจริญนคร),คอนโด,2 Bed 2 Bath,62.5,7,"30,000","6,500,000","เจริญนคร, วงเวียนใหญ่","BTS ตลาดพลู, BTS กรุงธนบุรี, BTS เจริญนคร",https://www.livinginsider.com/istockdetail/DIoooI_CICboof.html,,https://www.facebook.com/share/p/19v3pLANKP/?mibextid=wwXIfr,https://m.facebook.com/story.php?story_fbid=pfbid09NmYcK9A8caNRUYqx6bdHdiqUESVJLMqVp2DC4DTWunj9ANebjoh3Q3tSE6gecJXl&id=100090894242559,
PTP5841,ชีท,30/10/2025,Baan Klang Krung Siam - Pathumwan (บ้าน กลางกรุง สยาม - ปทุมวัน),คอนโด,1 Bed 1 Bath,55,,"27,900","7,770,000",ราชเทวี พญาไท,"BTS ราชเทวี, BTS พญาไท, BTS สนามกีฬาแห่งชาติ",https://www.livinginsider.com/istockdetail/DIoooI_CIegojC.html,,https://www.facebook.com/share/p/1KGXwR4xJ7/?mibextid=wwXIfr,https://m.facebook.com/story.php?story_fbid=pfbid017mq4eWk9AyeudtkMqLtevsYE1LYJBSDFVTGd7TSYPyEULRT7MWFHwN5C2ZkGhNLl&id=100090894242559,
PTP5840,ชีท,30/10/2025,Seri-Onnut 16 Village (บ้านเดี่ยว หมู่บ้านเสรี-อ่อนนุช ซอย 16),บ้าน,3 Bed 2 Bath,168,1.5,,"5,750,000","พัฒนาการ ศรีนครินทร์, เจริญนคร","BTS กรุงธนบุรี, BTS เจริญนคร",https://www.livinginsider.com/istockdetail/DIoooI_Ceeobeg.html,,https://www.facebook.com/share/p/16SRULUxyX/?mibextid=wwXIfr,https://m.facebook.com/story.php?story_fbid=pfbid0v568F3HUqhwsYUaDu26DxDpJ9H248Ap8NBHHe9bhRgYURptRtuMsTK8pA4h1pnrvl&id=100090894242559,
PTP5839,ชีท,30/10/2025,Salintara (สลิลธารา),คอนโด,2 Bed 2 Bath,126,,"38,000",,"พระราม 3 สาธุประดิษฐ์, เจริญนคร","BTS กรุงธนบุรี, BTS เจริญนคร",https://www.livinginsider.com/istockdetail/DIoooI_CIfbyoI.html,,https://www.facebook.com/share/p/16aEKFa1VM/?mibextid=wwXIfr,https://m.facebook.com/story.php?story_fbid=pfbid02y8mnbZLds6W7AC831vTy1oUrxAspZZuzowSn6jTjLBCQtpoK37ssjHD2mu1fcFTdl&id=100090894242559,
PTP5838,ชีท,30/10/2025,PARK ORIGIN RATCHATHEWI (พาร์ค ออริจิ้น ราชเทวี),คอนโด,2 Bed 1 Bath,46,,,"9,690,000",ราชเทวี พญาไท,"BTS ราชเทวี, BTS พญาไท, BTS สนามกีฬาแห่งชาติ",https://www.livinginsider.com/istockdetail/DIoooI_CIfCDgo.html,,https://www.facebook.com/share/p/17mFmixhwt/?mibextid=wwXIfr,https://m.facebook.com/story.php?story_fbid=pfbid0kcJqedjynJfGWNgUfh7qyUsiZHTJGru2uRgzxbpR8nUpmETRyHVco1BY29kQ3zJBl&id=100090894242559,
PTP5831,ชีท,29/10/2025,Plum Condo Ramkhamhaeng Station (พลัม คอนโด รามคำแหง สเตชั่น),คอนโด,2 Bed 1 Bath,39,15,"22,500",,"เพชรบุรีตัดใหม่, RCA, พระราม 9, รามคำแหง","ARL รามคำแหง, MRT รามคำแหง",https://www.livinginsider.com/istockdetail/DIoooI_bIoIIjC.html,,https://www.facebook.com/share/p/1Ae9jxafkt/?mibextid=wwXIfr,https://m.facebook.com/story.php?story_fbid=pfbid0m8T2S6maLMBiqHZkFNdbAGqV1rLEuCvs1TNFcAmGaRkAZchQ7om1KNu1Lya6xYDpl&id=100090894242559,
PTP5830,ชีท,29/10/2025,Sammakorn S9 Condominium (สัมมากร เอสเก้า คอนโดมิเนียม),คอนโด,2 Bed 1 Bath,45.3,,"13,500","1,950,000","พระราม 5 ราชพฤกษ์ บางกรวย, เจริญนคร","MRT สายสีม่วง บางรักใหญ่, BTS กรุงธนบุรี, BTS เจริญนคร",https://www.livinginsider.com/istockdetail/DIoooI_CfyDgfj.html,,https://www.facebook.com/share/p/14LZZ4LKmrr/?mibextid=wwXIfr,https://m.facebook.com/story.php?story_fbid=pfbid0SCfnUtB2Mqt5bAVaefd4dDhTkL7tXJ2p54iLnKVvsdMBwxXy4mJa65KumcMHEzpbl&id=100090894242559,
PTP5829,ชีท,29/10/2025,One9Five Asoke - Rama 9 (วันไนน์ไฟว์ อโศก - พระราม 9),คอนโด,1 Bed 1 Bath,"27,5",,"21,000",,"เพชรบุรีตัดใหม่, RCA, พระราม 9, มักกะสัน","MRT พระราม 9, MRT เพชรบุรี, ARL มักกะสัน",https://www.livinginsider.com/istockdetail/DIoooI_CIfbeDC.html,,https://www.facebook.com/share/p/1A3UyPrTVS/?mibextid=wwXIfr,https://m.facebook.com/story.php?story_fbid=pfbid0XXBtLewSquSHVwCoEGzezpA4SkD4K41dXRQURn3jzbE4bPq3tWY36XNVbu8tR1bCl&id=100090894242559,
PTP5828,ชีท,29/10/2025,Commercial Building Sathorn (อาคารสำนักงาน ย่านสาทร),บ้าน,,275,5,"220,000",,เจริญนคร,"BTS กรุงธนบุรี, BTS เจริญนคร",https://www.livinginsider.com/istockdetail/DIoooI_CIoCyyy.html,,https://www.facebook.com/share/1ANP3fjhMK/?mibextid=wwXIfr,https://m.facebook.com/story.php?story_fbid=pfbid0dHNUHanhpK65eLMtnhN5Awxo83b3ucUiFXV1mwtSj3VXNh2CW7RcmKJgxRoDFdpcl&id=100090894242559,
PTP5826,ชีท,29/10/2025,Life Asoke Rama 9 (ไลฟ์ อโศก - พระราม 9),คอนโด,1 Bed 1 Bath,32,10,"16,000","3,900,000","อโศก, เพชรบุรีตัดใหม่, RCA, มศว ประสานมิตร, พระราม 9","MRT พระราม 9, ARL มักกะสัน, MRT เพชรบุรี",https://www.livinginsider.com/istockdetail/DIoooI_CIejIeo.html,,https://www.facebook.com/share/p/16uYBdSp4c/?mibextid=wwXIfr,,
PTP5825,ชีท,29/10/2025,PG 2 Rama 9 (พีจี 2 พระราม 9),คอนโด,Studio,25.28,6,"9,000",,"เพชรบุรีตัดใหม่, RCA, พระราม 9, มักกะสัน","MRT พระราม 9, ARL มักกะสัน, MRT เพชรบุรี",https://www.livinginsider.com/istockdetail/DIoooI_CIejjby.html,,https://www.facebook.com/share/p/16B2R4Qbo3/?mibextid=wwXIfr,,
PTP5824,ชีท,29/10/2025,บ้านเดี่ยว ซอยโชคอำนวย,บ้าน,5 Bed 4 Bath,500,2,"180,000",,"รัชดา, ห้วยขวาง, เจริญนคร","BTS กรุงธนบุรี, BTS เจริญนคร",https://www.livinginsider.com/istockdetail/DIoooI_CIfoCbD.html,,https://m.facebook.com/story.php?story_fbid=pfbid034gHc8ye39Gwmo7c9qT64oDi47ZA6f2zSvwbZoZiEA9XJjQCwY7epxw32sWEgF7Gpl&id=100082316815815,https://www.facebook.com/share/p/1FERrmn12E/?mibextid=wwXIfr,
PTP5823,ชีท,29/10/2025,Edge Sukhumvit 23 (เอดจ์ สุขุมวิท 23),คอนโด,1 Bed 1 Bath,32,21,"25,000",,"ทองหล่อ, อโศก, สุขุมวิท, นานา","BTS อโศก, MRT สุขุมวิท, BTS นานา",https://www.livinginsider.com/istockdetail/DIoooI_CIfoIDe.html,,https://m.facebook.com/story.php?story_fbid=pfbid02wutrHZEhg6Duyq2CesfFk3rLw8EiaGrhiXzzmdAA1zzw9BAPdgZJMJC8ZHzeHcNSl&id=100082316815815,https://www.facebook.com/share/p/1FTTom2eDP/?mibextid=wwXIfr,
PTP5822,ชีท,29/10/2025,THE LINE Jatujak - Mochit (เดอะ ไลน์ จตุจักร - หมอชิต),คอนโด,2 Bed 2 Bath,59,37,"48,000","11,990,000",สะพานควาย จตุจักร,"MRT จตุจักร, BTS หมอชิต, MRT พหลโยธิน",https://www.livinginsider.com/istockdetail/DIoooI_CIfbCbe.html,,https://www.facebook.com/share/p/1Chyxkp5D3/?mibextid=wwXIfr,https://m.facebook.com/story.php?story_fbid=pfbid0F2HkCsxAUNcvMbrQQfL7P357fQHFjbbVH7NGenWGEzFSW4j51cq6gp4P9YwxL6m9l&id=100090894242559,
PTP5811,ชีท,28/10/2025,U Delight @ Huamak Station (ยู ดีไลท์ แอท หัวหมาก สเตชั่น),คอนโด,1 Bed 1 Bath,30,15,"10,000","1,900,000",รามคำแหง,"MRT ศรีกรีฑา, ARL หัวหมาก",https://www.facebook.com/groups/953439065689897/permalink/1519551502411981/,https://www.facebook.com/ing.nuchjaree/,https://www.facebook.com/share/p/178Lb5SsKQ/?mibextid=wwXIfr,https://m.facebook.com/story.php?story_fbid=pfbid02hizkrTJtQduFwm94UKZhYgdMkYVitZw6DcNR1pqDwPv9q8nQg17zEEayjN1gGN7zl&id=100090894242559,ยู ดีไลท์ @หัวหมากสเตชั่น
PTP5809,ชีท,28/10/2025,Q House Sathorn (คิวเฮ้าส์ สาทร),คอนโด,2 Bed 2 Bath,71,33,"34,000",,"เจริญนคร, วงเวียนใหญ่","BTS กรุงธนบุรี, BTS เจริญนคร, BTS วงเวียนใหญ่",https://www.livinginsider.com/istockdetail/DIoooI_CgoIeDf.html,,https://www.facebook.com/share/p/1DvABBYm7w/?mibextid=wwXIfr,https://m.facebook.com/story.php?story_fbid=pfbid0kVyS1eKx6VsErKcQojPJPHRxBbixFSgLGFhHgn9dqJmiczu4muxTXRsUkB77PpNGl&id=100090894242559,
PTP5808,ชีท,28/10/2025,IDEO Mobi Asoke (ไอดีโอ โมบิ อโศก),คอนโด,1 Bed 1 Bath,35,14,"26,000",,"เพชรบุรีตัดใหม่, RCA, พระราม 9, มักกะสัน","MRT เพชรบุรี, ARL มักกะสัน, MRT พระราม 9",https://www.livinginsider.com/istockdetail/DIoooI_CIejDfe.html,,https://www.facebook.com/share/p/17XkcWELCv/?mibextid=wwXIfr,https://m.facebook.com/story.php?story_fbid=pfbid02RS7QGCyuzbvJYgsrrWS4RH7NF6jeZzeBiMpThXBKrqJFTA1BUiTA9dRYi2Bci1m8l&id=100090894242559,
PTP5807,ชีท,28/10/2025,Star View (สตาร์ วิว),คอนโด,2 Bed 1 Bath,78,42,"35,000",,พระราม 3 สาธุประดิษฐ์,,https://www.livinginsider.com/istockdetail/DIoooI_CIejDge.html,,https://www.facebook.com/share/p/16LBi7zpbo/?mibextid=wwXIfr,https://m.facebook.com/story.php?story_fbid=pfbid02AsUnDYDr9QzLxmX29gryWM2CFdgDytvigw4mjUYn8x5jmCz2BBxSZUVtB1gKBCyGl&id=100090894242559,
PTP5806,ชีท,28/10/2025,Manhattan Chidlom (แมนฮัตตั้น ชิดลม),คอนโด,1 Bed 1 Bath,,,,,"วิทยุ, ชิดลม, หลังสวน, เพลินจิต","BTS ชิดลม, ARL ราชปรารภ, BTS เพลินจิต",https://www.livinginsider.com/istockdetail/DIoooI_CIejejy.html,,https://www.facebook.com/share/p/1CfJbM6Nh4/?mibextid=wwXIfr,,
PTP5805,ชีท,28/10/2025,The Element Rama 9 (ดิ เอเลเมนท์ พระราม 9),บ้าน,5 Bed 6 Bath,450,5,"150,000","40,000,000","เพชรบุรีตัดใหม่, RCA, พระราม 9, มักกะสัน","MRT พระราม 9, ARL มักกะสัน",https://www.livinginsider.com/istockdetail/DIoooI_CIejgyo.html,,https://www.facebook.com/share/p/1AEF2VELX8/?mibextid=wwXIfr,,
PTP5801,ชีท,27/10/2025,Wish Signature Midtown Siam (วิช ซิกเนเจอร์ มิดทาวน์ สยาม),คอนโด,1 Bed 1 Bath,33,18,"25,000",,"ราชเทวี พญาไท, เจริญนคร","BTS กรุงธนบุรี, BTS เจริญนคร, BTS ราชเทวี",https://www.livinginsider.com/istockdetail/DIoooI_CfbyoDy.html,,https://www.facebook.com/share/p/1FEumN5vCX/?mibextid=wwXIfr,https://m.facebook.com/story.php?story_fbid=pfbid0fEHwo7Qc2eJBtch2HYyBKSGAqCGriC5jgKJGtA5defm29UWPYznw8QqCZwt38YUyl&id=100090894242559,
PTP5791,ชีท,27/10/2025,SOHO BANGKOK RATCHADA (โซโห​ แบงค็อก​ รัชดา),คอนโด,Studio,26,,"17,000",,"รัชดา, ห้วยขวาง",MRT ห้วยขวาง,https://www.livinginsider.com/istockdetail/DIoooI_CyCjgyI.html,,https://www.facebook.com/share/p/17UvXYhJzW/?mibextid=wwXIfr,https://m.facebook.com/story.php?story_fbid=pfbid02c358XQ7mvQK5QdeWpNefWjwPQ7EhGSXepebdkq7nLm39BfRNidEpXW4sRcyAH2Lbl&id=100090894242559,
PTP5790,ชีท,27/10/2025,Siamese Exclusive Sukhumvit 42 (ไซมิส เอ๊กซ์คลูซีพ สุขุมวิท 42),คอนโด,2 Bed 2 Bath,70,14,"59,999","14,900,000","ทองหล่อ, อโศก, สุขุมวิท, เอกมัย, พระโขนง","BTS เอกมัย, BTS พระโขนง",https://www.livinginsider.com/istockdetail/DIoooI_bfCbjfb.html,,https://www.facebook.com/share/p/1Ci6S9UFbm/?mibextid=wwXIfr,https://m.facebook.com/story.php?story_fbid=pfbid0YoZNHQVoW7RfeEzdcUvH28Daiq8AmjnWws3XhP3s1P5W6v3Qkee4LiGUGF8yVbP8l&id=100090894242559,
PTP5789,ชีท,27/10/2025,THE PRIVACY S101 (เดอะ ไพรเวซี่ เอส 101),คอนโด,1 Bed 1 Bath,28,5,"16,000",,"อ่อนนุช, อุดมสุข, ปุณณวิถี, เจริญนคร","BTS ปุณณวิถี, BTS กรุงธนบุรี, BTS เจริญนคร",https://www.livinginsider.com/istockdetail/DIoooI_CyooyjD.html,,https://www.facebook.com/share/p/169zsDECsZ/?mibextid=wwXIfr,https://m.facebook.com/story.php?story_fbid=pfbid032R89eJnYcWENK4cXRHgQJcUUQsGhoePtQ4dfLdXhafhKysCKxdz57wUzSCGzQAKnl&id=100090894242559,
PTP5788,ชีท,27/10/2025,Noble BE 19 (โนเบิล บี 19),คอนโด,1 Bed 1 Bath,35,8,"27,000",,"ทองหล่อ, อโศก, สุขุมวิท, นานา","BTS นานา, MRT สุขุมวิท, BTS อโศก",https://www.livinginsider.com/istockdetail/DIoooI_CIeIgbI.html,,https://www.facebook.com/share/p/17HiGSwfx3/?mibextid=wwXIfr,https://m.facebook.com/story.php?story_fbid=pfbid021A4e1wmUxySmB8srgekAoUXKkLU3Mt7J1LAriHeHkHbNkJXBKaaEUuTYetVMw76Yl&id=100090894242559,
PTP5786,ชีท,26/10/2025,NUE NOBLE CENTRE BANGNA (นิว โนเบิล เซ็นเตอร์ บางนา),คอนโด,2 Bed 1 Bath,37.5,4,"21,000","4,000,000","บางนา, เจริญนคร","MRT ศรีเอี่ยม, BTS กรุงธนบุรี, BTS เจริญนคร",https://www.livinginsider.com/istockdetail/DIoooI_CIeDoDC.html,,https://m.facebook.com/story.php?story_fbid=pfbid02WvtmVHznW9xmJ7RKZRujSxiEMTAmiDAGBpcasHUqqomQToNGtnAXKdDA7hbmcL8Sl&id=100082316815815,https://m.facebook.com/story.php?story_fbid=pfbid01RF8G6wDbpeQnZR4cok75QXVJyA1V2RTmCMqCQ4oqBR4wsxatWTssS9sCqqkX4tkl&id=100090894242559,
PTP5785,ชีท,26/10/2025,Rhythm Rangnam (ริธึ่ม รางน้ำ),คอนโด,1 Bed 1 Bath,35,,"25,000",,ราชเทวี พญาไท,"BTS อนุสาวรีย์ชัยสมรภูมิ, BTS พญาไท, ARL ราชปรารภ",https://www.livinginsider.com/istockdetail/DIoooI_CIeIbIj.html,,https://www.facebook.com/share/p/1CWu8rbqv1/?mibextid=wwXIfr,https://m.facebook.com/story.php?story_fbid=pfbid02aSMMes4v4JCWU31DmvzNbZM1CpNPzDhZBWRqGq9DN6QwYjdPicEsBtAJihLmamDzl&id=100090894242559,
PTP5781,ชีท,26/10/2025,Skyrise Avenue Sukhumvit 64 (สกายไรส์ อเวนิว สุขุมวิท 64),คอนโด,1 Bed 1 Bath,28,40,"18,000",,"อ่อนนุช, อุดมสุข, ปุณณวิถี, เจริญนคร","BTS ปุณณวิถี, BTS อุดมสุข, BTS กรุงธนบุรี",https://www.livinginsider.com/istockdetail/DIoooI_CICjyIo.html,,https://www.facebook.com/share/p/1DRcZn74yi/?mibextid=wwXIfr,https://m.facebook.com/story.php?story_fbid=pfbid02xMZHVvBaH7xhGizt4QePyG46itjFvbzxa4nVysiHcvj1TLqCRmaWTmGHnmoYLRJEl&id=100090894242559,
PTP5780,ชีท,26/10/2025,The Terrace Ramindra 65 (เดอะ เทอเรซ รามอินทรา 65),บ้าน,5 Bed 4 Bath,172,3,"35,000",,"นวมินทร์ รามอินทรา, เจริญนคร","MRT รามอินทรา, BTS กรุงธนบุรี, BTS เจริญนคร",https://www.livinginsider.com/istockdetail/DIoooI_CICjgIy.html,,https://www.facebook.com/share/p/1BSbd8tsCu/?mibextid=wwXIfr,https://m.facebook.com/story.php?story_fbid=pfbid02DojgGESKuxPhP67buiTEJT1SpQYKFKkMnofk5G6K8amcq69rHRGmPeZZysuvKcjdl&id=100090894242559,
PTP5769,ชีท,25/10/2025,Condolette Midst Rama 9 (คอนโดเลต มิสท์ พระราม 9),คอนโด,2 Bed 2 Bath,57,11,"34,000",,"เพชรบุรีตัดใหม่, RCA, พระราม 9, มักกะสัน","MRT พระราม 9, ARL มักกะสัน, MRT เพชรบุรี",https://www.livinginsider.com/istockdetail/DIoooI_Cbeyyje.html,,https://www.facebook.com/share/p/1WX8rfjyb5/?mibextid=wwXIfr,https://m.facebook.com/story.php?story_fbid=pfbid02Tt5ijB5fUTk3LctZ2UW9YSzv7WyZ45RJcpzAjA4mwywQvayLaSMFvdqtpY3uunNAl&id=100090894242559,
PTP5768,ชีท,25/10/2025,Urbano Absolute Sathorn Taksin (เออร์บาโน่ แอ็บโซลูท สาทร-ตากสิน),คอนโด,1 Bed 1 Bath,37,,"20,000",,"เจริญนคร, วงเวียนใหญ่, สาทร","BTS กรุงธนบุรี, BTS เจริญนคร, BTS สะพานตากสิน",https://www.livinginsider.com/istockdetail/DIoooI_CIefjgj.html,,https://www.facebook.com/share/p/17G7Mqevav/?mibextid=wwXIfr,https://m.facebook.com/story.php?story_fbid=pfbid04MHRrRRDEVXBxc8Lfhpe4xJBDGF3kuvjDA9QuKBhqDoX2DFWMYxR3w2VCkmmpM9Hl&id=100090894242559,
PTP5767,ชีท,25/10/2025,The Life Bangna (เดอะ ไลฟ์ บางนา),บ้าน,3 Bed 2 Bath,29,2,,"3,390,000","สมุทรปราการ สำโรง, เจริญนคร","BTS กรุงธนบุรี, BTS เจริญนคร",https://www.livinginsider.com/istockdetail/DIoooI_CIegDgC.html,,https://www.facebook.com/share/p/1CfJVPtKAM/?mibextid=wwXIfr,https://m.facebook.com/story.php?story_fbid=pfbid0YdWbdXRSFgJSwNU1zmKvGRCTC4wtH6Byo7ogjYiVZri2N6vPLwFW9wJBnQpuL6yxl&id=100090894242559,
PTP5766,ชีท,25/10/2025,Origin Play Sri Udom Station (ออริจิ้น เพลย์ ศรีอุดม สเตชั่น),คอนโด,Studio,24,4,"11,000",,"อ่อนนุช, อุดมสุข, เจริญนคร","BTS กรุงธนบุรี, BTS เจริญนคร",https://www.livinginsider.com/istockdetail/DIoooI_CIegfge.html,,https://www.facebook.com/share/p/1GHrXtn8KX/?mibextid=wwXIfr,https://m.facebook.com/story.php?story_fbid=pfbid02uF9D77MtcWMGXBJEgtkvHprkkqjRRsMZq1CECqrZmeV3sLBrrHZSudQ28WepYotdl&id=100090894242559,
PTP5765,ชีท,25/10/2025,Indy 2 Bangna–Ramkhamhaeng 2 (อินดี้ 2 บางนา–รามคำแหง 2),บ้าน,3 Bed 3 Bath,140,3,"49,000",,"บางนา, เจริญนคร","BTS กรุงธนบุรี, BTS เจริญนคร",https://www.livinginsider.com/istockdetail/DIoooI_CIegIIf.html,,https://www.facebook.com/share/p/1Bp35MhEd3/?mibextid=wwXIfr,https://m.facebook.com/story.php?story_fbid=pfbid0P4WEnLDgSYye97r92n2PBc4wfFV8uF4knsTHTdMKWLpV3utgWHt16KMWtvE5UDaJl&id=100090894242559,
PTP5764,ชีท,25/10/2025,The Nest Sukhumvit 71 (เดอะ เนสท์ สุขุมวิท 71),คอนโด,2 Bed 2 Bath,47.5,5,"30,000",,"อ่อนนุช, อุดมสุข, พระโขนง, เจริญนคร","BTS พระโขนง, BTS อ่อนนุช, BTS กรุงธนบุรี",https://www.livinginsider.com/istockdetail/DIoooI_CIefeDI.html,,https://www.facebook.com/share/p/1BKU6WFzSG/?mibextid=wwXIfr,https://m.facebook.com/story.php?story_fbid=pfbid02SPojkJUouH3dsGycHhP3K3WK7chGa8aLLGoGjVev2d6XnhYYYeZPEwHVxybP6cE8l&id=100090894242559,
PTP5748,ชีท,24/10/2025,Nue Noble Ratchada-Ladprao (นิว โนเบิล รัชดา – ลาดพร้าว),คอนโด,2 Bed 1 Bath,35,34,"20,500",,"ลาดพร้าว, รัชดา","MRT รัชดาภิเษก, MRT ลาดพร้าว, MRT ภาวนา",https://www.livinginsider.com/istockdetail/DIoooI_CIeeyoj.html,,https://www.facebook.com/share/p/1He6Z51mr5/?mibextid=wwXIfr,https://www.facebook.com/share/p/1MPxGEXCKj/?mibextid=wwXIfr,
PTP5747,ชีท,24/10/2025,Life Sukhumvit 48 (ไลฟ์ สุขุมวิท 48),คอนโด,2 Bed 1 Bath,44,23,"27,000",,"อ่อนนุช, อุดมสุข, พระโขนง","BTS พระโขนง, BTS อ่อนนุช",https://www.livinginsider.com/istockdetail/DIoooI_bobjCbj.html,,https://www.facebook.com/share/p/16Qe7BEuHn/?mibextid=wwXIfr,https://www.facebook.com/share/p/1AiMBgXjuS/?mibextid=wwXIfr,
PTP5746,ชีท,24/10/2025,Central City Bangna East Tower (เซ็นทรัลซิตี้ บางนา อีสทาวเวอร์),คอนโด,2 Bed 2 Bath,115,,"35,000",,"บางนา, เจริญนคร","BTS กรุงธนบุรี, BTS เจริญนคร",https://www.livinginsider.com/istockdetail/DIoooI_CIefoDC.html,,https://www.facebook.com/share/p/1ACgU9jtE4/?mibextid=wwXIfr,https://m.facebook.com/story.php?story_fbid=pfbid02uwmTCoCkT2xZvyWmH3VNefhEXC89HdY2xQg5oy97VVjvuY43tpraHAaBHNrHV9P6l&id=100090894242559,
PTP5745,ชีท,24/10/2025,The Base Sukhumvit 77 (เดอะ เบส สุขุมวิท 77),คอนโด,1 Bed 1 Bath,36,37,"18,500",,"อ่อนนุช, อุดมสุข",BTS อ่อนนุช,https://www.livinginsider.com/istockdetail/DIoooI_CIefoDI.html,,https://www.facebook.com/share/p/17czZpP8uN/?mibextid=wwXIfr,https://www.facebook.com/share/p/1GjD1zE1dd/?mibextid=wwXIfr,
PTP5743,ชีท,24/10/2025,Thru Thonglor (ทรู ทองหล่อ),คอนโด,2 Bed 2 Bath,62,24,"30,000",,"ทองหล่อ, เพชรบุรีตัดใหม่, RCA, โรงพยาบาลกรุงเทพ, มศว ประสานมิตร","BTS ทองหล่อ, MRT เพชรบุรี, ARL มักกะสัน",,https://www.facebook.com/siriporn.saksitpornchai/,https://www.facebook.com/share/p/17KwQjmsJh/?mibextid=wwXIfr,https://www.facebook.com/share/p/1BTawojjTE/?mibextid=wwXIfr,Focus ใส่รหัสใหม่เลย
PTP5738,ชีท,23/10/2025,Aspire Onnut Station (แอสปาย อ่อนนุช สเตชั่น),คอนโด,1 Bed 1 Bath,31,,"20,000",,"อ่อนนุช, อุดมสุข, เจริญนคร","BTS กรุงธนบุรี, BTS เจริญนคร, BTS อ่อนนุช",https://www.livinginsider.com/istockdetail/DIoooI_CIeDgbI.html,,https://www.facebook.com/share/p/1A2nEmhtnv/?mibextid=wwXIfr,https://www.facebook.com/share/p/1ANLzVi81F/?mibextid=wwXIfr,
PTP5737,ชีท,23/10/2025,Thonglor Tower (ทองหล่อ ทาวเวอร์),คอนโด,2 Bed 1 Bath,50,,"17,000",,ทองหล่อ,"BTS ทองหล่อ, BTS เอกมัย",https://www.livinginsider.com/istockdetail/DIoooI_CIeDIeI.html,,https://www.facebook.com/share/p/1FuX2CMJ9D/?mibextid=wwXIfr,https://www.facebook.com/share/p/1JQ3BYNEK9/?mibextid=wwXIfr,
PTP5736,ชีท,23/10/2025,IDEO Ramkhamhaeng–Lamsalee Station (ไอดีโอ รามคำแหง–ลำสาลี สเตชั่น),คอนโด,1 Bed 1 Bath,24,20,"12,000",,เสรีไทย-นิด้า,"MRT แยกลำสาลี, MRT บางกะปิ",https://www.livinginsider.com/istockdetail/DIoooI_CyCyejI.html,,https://www.facebook.com/share/p/14RfpB21LR1/?mibextid=wwXIfr,https://www.facebook.com/share/p/1JQ3BYNEK9/?mibextid=wwXIfr,
PTP5735,ชีท,23/10/2025,PG Rama IX (พีจี พระราม 9),คอนโด,1 Bed 1 Bath,41,10,"17,000",,"เพชรบุรีตัดใหม่, RCA, พระราม 9, มักกะสัน","MRT พระราม 9, MRT เพชรบุรี, ARL มักกะสัน",https://www.livinginsider.com/istockdetail/DIoooI_CIeeeeb.html,,https://www.facebook.com/share/p/1JhLcMeCTC/?mibextid=wwXIfr,https://www.facebook.com/share/p/17UPn1qbUZ/?mibextid=wwXIfr,
PTP5734,ชีท,23/10/2025,Chapter One Midtown Ladprao 24 (แชปเตอร์ วัน มิดทาวน์ ลาดพร้าว 24),คอนโด,1 Bed 1 Bath,30,29,"15,000",,"ลาดพร้าว, รัชดา","MRT ลาดพร้าว, MRT รัชดาภิเษก",https://www.livinginsider.com/istockdetail/DIoooI_CIeeeof.html,,https://www.facebook.com/share/p/1AEgaTgdkQ/?mibextid=wwXIfr,https://www.facebook.com/share/p/1a39hYxaUn/?mibextid=wwXIfr,
PTP5729,ชีท,23/10/2025,The Waterford Sukhumvit 50 (เดอะ วอเตอร์ฟอร์ด สุขุมวิท 50),คอนโด,1 Bed 1 Bath,45.72,2,"16,000","2,500,000","อ่อนนุช, อุดมสุข, พระโขนง","BTS อ่อนนุช, BTS พระโขนง",https://www.livinginsider.com/istockdetail/DIoooI_Cgygbyj.html,,https://www.facebook.com/share/p/17fL3rXnK3/?mibextid=wwXIfr,https://www.facebook.com/share/p/17UiFZoiRk/?mibextid=wwXIfr,Waterford s50
PTP5728,ชีท,23/10/2025,Sathorn Prime Residence (สาทร ไพร์ม เรสซิเดนซ์),คอนโด,1 Bed 1 Bath,60,25,"30,000",,"สาทร, เจริญนคร","BTS ช่องนนทรี, BTS กรุงธนบุรี, BTS เจริญนคร",https://www.livinginsider.com/istockdetail/DIoooI_CygybyC.html,,https://www.facebook.com/share/p/1BKU76hKUJ/?mibextid=wwXIfr,https://www.facebook.com/share/p/15wEttL8un/?mibextid=wwXIfr,
PTP5727,ชีท,23/10/2025,Krystal Court (คริสตัล คอร์ต),คอนโด,2 Bed 2 Bath,166,,"67,000",,"นานา, เจริญนคร","BTS กรุงธนบุรี, BTS เจริญนคร",https://www.livinginsider.com/istockdetail/DIoooI_CIeCfCe.html,,https://www.facebook.com/share/p/17FVYEshGz/?mibextid=wwXIfr,https://www.facebook.com/share/p/17FyPEdUSk/?mibextid=wwXIfr,
PTP5726,ชีท,22/10/2025,Phyll Phahol 34 (ฟีล พหล 34),คอนโด,1 Bed 1 Bath,35,3,"16,500",,เกษตรศาสตร์ รัชโยธิน,"BTS เสนานิคม, BTS ม.เกษตรศาสตร์, BTS รัชโยธิน",https://www.livinginsider.com/istockdetail/DIoooI_CIeCfgf.html,,https://www.facebook.com/share/p/17E9NJtUEK/?mibextid=wwXIfr,https://www.facebook.com/share/p/1BD3XZtvtx/?mibextid=wwXIfr,
PTP5725,ชีท,22/10/2025,Dolce Udomsuk (โดว์เช่ อุดมสุข),คอนโด,1 Bed 1 Bath,31,,"12,000",,"อ่อนนุช, อุดมสุข, เจริญนคร","BTS อุดมสุข, BTS กรุงธนบุรี, BTS เจริญนคร",https://www.livinginsider.com/istockdetail/DIoooI_CIeCyfj.html,,https://www.facebook.com/share/p/1Dsae3qqM5/?mibextid=wwXIfr,https://www.facebook.com/share/p/1KJ3qF3aBx/?mibextid=wwXIfr,
PTP5724,ชีท,22/10/2025,Life Ladprao Valley (ไลฟ์ ลาดพร้าว แวลลีย์),คอนโด,Studio,29,22,"19,500",,ลาดพร้าว,"BTS ห้าแยกลาดพร้าว, MRT พหลโยธิน, BTS พหลโยธิน 24",https://www.livinginsider.com/istockdetail/DIoooI_CIeDobe.html,,https://www.facebook.com/share/p/1a7JYLhztq/?mibextid=wwXIfr,https://www.facebook.com/share/p/17YyhPDPcz/?mibextid=wwXIfr,
PTP5720,ชีท,22/10/2025,Indy 2 Bangna–Ramkamhaeng  2 (อินดี้ 2 บางนา-รามคำแหง 2),คอนโด,3 Bed 3 Bath,134,3,"55,000",,"บางนา, เจริญนคร","BTS กรุงธนบุรี, BTS เจริญนคร",https://www.livinginsider.com/istockdetail/DIoooI_CfICbbI.html,,https://www.facebook.com/share/p/1BLpD38z7P/?mibextid=wwXIfr,https://www.facebook.com/share/p/1BKeKDWD7m/?mibextid=wwXIfr,
PTP5719,ชีท,22/10/2025,S1 Rama 9 (เอส วัน พระราม 9),คอนโด,2 Bed 1 Bath,33.23,5,"18,000",,"พระราม 9, มักกะสัน","MRT พระราม 9, ARL มักกะสัน",https://www.livinginsider.com/istockdetail/DIoooI_CIeCjgf.html,,https://www.facebook.com/share/p/14QFZe8xk5F/?mibextid=wwXIfr,https://www.facebook.com/share/p/1cv8DAKeQZ/?mibextid=wwXIfr,
PTP5718,ชีท,22/10/2025,Life Asoke Rama 9 (ไลฟ์ อโศก - พระราม 9),คอนโด,Studio,26,21,"18,000",,"อโศก, เพชรบุรีตัดใหม่, RCA, มศว ประสานมิตร, พระราม 9","MRT พระราม 9, ARL มักกะสัน, MRT เพชรบุรี",https://www.livinginsider.com/istockdetail/DIoooI_CIeDbgC.html,,https://www.facebook.com/share/p/1XtjqBdz2D/?mibextid=wwXIfr,https://www.facebook.com/share/p/1CfPdK5GoW/?mibextid=wwXIfr,
PTP5717,ชีท,22/10/2025,IDEO Rama 9 - Asoke (ไอดีโอ พระราม 9 - อโศก),คอนโด,1 Bed 1 Bath,37,34,"32,000",,"เพชรบุรีตัดใหม่, RCA, พระราม 9, มักกะสัน","MRT พระราม 9, ARL มักกะสัน, MRT เพชรบุรี",https://www.livinginsider.com/istockdetail/DIoooI_Cgfgbje.html,,https://www.facebook.com/share/p/1CoLKjPq67/?mibextid=wwXIfr,https://www.facebook.com/share/p/18thEZxXfQ/?mibextid=wwXIfr,
PTP5716,ชีท,22/10/2025,House with Land Phaholyothin 63 (ขายบ้านพร้อมที่ดิน พหลโยธิน 63),คอนโด,4 Bed 3 Bath,100,2,,"12,000,000","เกษตรศาสตร์ รัชโยธิน, เจริญนคร","BTS กรุงธนบุรี, BTS เจริญนคร",https://www.livinginsider.com/istockdetail/DIoooI_bjoyCDb.html,,https://www.facebook.com/share/p/1ATi5TySgH/?mibextid=wwXIfr,https://www.facebook.com/share/p/16Rvz1RMy4/?mibextid=wwXIfr,
PTP5713,ชีท,22/10/2025,The Base Park West Sukhumvit 77 (เดอะ เบส พาร์ค เวสต์ สุขุมวิท 77),คอนโด,1 Bed 1 Bath,26,36,"15,000",,"อ่อนนุช, อุดมสุข, พระโขนง","BTS อ่อนนุช, BTS พระโขนง",https://www.livinginsider.com/istockdetail/DIoooI_CIeCjff.html,,https://www.facebook.com/share/p/1BZT4qfStX/?mibextid=wwXIfr,https://www.facebook.com/share/p/16ES7rbotU/?mibextid=wwXIfr,
PTP5712,ชีท,22/10/2025,Nue Noble Ratchada-Ladprao (นิว โนเบิล รัชดา – ลาดพร้าว),คอนโด,2 Bed 1 Bath,34.8,25,"23,000",,"ลาดพร้าว, รัชดา","MRT รัชดาภิเษก, MRT ลาดพร้าว, MRT ภาวนา",https://www.livinginsider.com/istockdetail/DIoooI_CCogjje.html,,https://www.facebook.com/share/p/17e4GT3duj/?mibextid=wwXIfr,https://www.facebook.com/share/p/1A5RV4H6hD/?mibextid=wwXIfr,
PTP5711,ชีท,21/10/2025,Noble Revo Silom (โนเบิล รีโว สีลม),คอนโด,1 Bed 1 Bath,35,10,"20,000",,สาทร,"BTS สุรศักดิ์, BTS สะพานตากสิน",https://www.livinginsider.com/istockdetail/DIoooI_befgCoD.html,,https://www.facebook.com/share/p/17bb6xaUaP/?mibextid=wwXIfr,https://www.facebook.com/share/p/19yyZMr7QD/?mibextid=wwXIfr,
PTP5709,ชีท,21/10/2025,The Tree Pattanakarn - Ekkamai (เดอะ ทรี พัฒนาการ - เอกมัย),คอนโด,Duplex 1 Bed 1 Bath,34,25,"24,000",,"เพชรบุรีตัดใหม่, RCA, พระราม 9, รามคำแหง",ARL รามคำแหง,https://www.livinginsider.com/istockdetail/DIoooI_CIeoIeo.html,,https://www.facebook.com/share/p/1HyZc7vD3Q/?mibextid=wwXIfr,https://www.facebook.com/share/p/1HJUrjCUdV/?mibextid=wwXIfr,
PTP5708,ชีท,21/10/2025,Ratchada Orchid (รัชดา ออร์คิด),คอนโด,1 Bed 1 Bath,30,18,"12,000",,"รัชดา, ห้วยขวาง","MRT สุทธิสาร, MRT ห้วยขวาง",https://www.livinginsider.com/istockdetail/DIoooI_CIeojob.html,,https://www.facebook.com/share/p/1P4iyXnBHa/?mibextid=wwXIfr,https://www.facebook.com/share/p/16vzMy7qDB/?mibextid=wwXIfr,
PTP5707,ชีท,21/10/2025,Noble Reveal (โนเบิล รีวิล),คอนโด,1 Bed 1 Bath,42.53,6,"17,500","5,800,000","ทองหล่อ, อโศก, สุขุมวิท, เอกมัย, พระโขนง","BTS เอกมัย, BTS ทองหล่อ, BTS พระโขนง",https://www.livinginsider.com/istockdetail/DIoooI_bobgeyg.html,,https://www.facebook.com/share/p/1BRQBhiHRt/?mibextid=wwXIfr,https://www.facebook.com/share/p/1AXWGFcVZN/?mibextid=wwXIfr,
PTP5706,ชีท,21/10/2025,Wish Signature Midtown Siam (วิช ซิกเนเจอร์ มิดทาวน์ สยาม),คอนโด,1 Bed 1 Bath,35,15,"24,000",,"ราชเทวี พญาไท, เจริญนคร","BTS กรุงธนบุรี, BTS เจริญนคร, BTS ราชเทวี",https://www.livinginsider.com/istockdetail/DIoooI_CIebefe.html,,https://www.facebook.com/share/p/1PcrkBhhEg/?mibextid=wwXIfr,https://www.facebook.com/share/p/19hgE4zxe7/?mibextid=wwXIfr,
PTP5683,ชีท,21/10/2025,Supalai Garden Ville Krung Thep Kritha - Motorway (ศุภาลัย การ์เด้นวิลล์ กรุงเทพกรีฑาตัดใหม่ - มอเตอร์เวย์),บ้าน,4 Bed 3 Bath,210,2,"48,000",,"ลาดกระบัง สุวรรณภูมิ, เจริญนคร","BTS กรุงธนบุรี, BTS เจริญนคร",https://www.livinginsider.com/istockdetail/DIoooI_CIeoCob.html,,https://www.facebook.com/share/p/17gV8qZiYs/?mibextid=wwXIfr,https://www.facebook.com/share/p/15U9b3SNFj/?mibextid=wwXIfr,
PTP5688,ชีท,20/10/2025,Casa City Bangna KM.7 Townhome (คาซ่า ซิตี้ บางนา กม.7),บ้าน,1 Bed 1 Bath,130,2,"35,000",,"สมุทรปราการ สำโรง, เจริญนคร","BTS กรุงธนบุรี, BTS เจริญนคร",https://www.livinginsider.com/istockdetail/DIoooI_Cefgjjo.html,,https://www.facebook.com/share/p/17bgo2t4Zs/?mibextid=wwXIfr,https://www.facebook.com/share/p/17WQfxNERj/?mibextid=wwXIfr,
PTP5686,ชีท,20/10/2025,Hive Taksin (ไฮฟ์ ตากสิน),คอนโด,2 Bed 2 Bath,67.3,8,"35,000","7,500,000","เจริญนคร, วงเวียนใหญ่","BTS กรุงธนบุรี, BTS วงเวียนใหญ่, BTS เจริญนคร",https://www.livinginsider.com/istockdetail/DIoooI_CIDjIDI.html,,https://www.facebook.com/share/p/1YsukJpn9n/?mibextid=wwXIfr,https://www.facebook.com/share/p/1CYWePocP7/?mibextid=wwXIfr,
PTP5681,ชีท,19/10/2025,Supalai Park Srinakarin (ศุภาลัย พาร์ค ศรีนครินทร์),คอนโด,2 Bed 1 Bath,94,8,"20,000",,,BTS ศรีเอี่ยม,https://www.facebook.com/groups/456957028207473/permalink/1980331749203319/,https://www.facebook.com/g.rabiiz/,https://www.facebook.com/share/p/16HEe5bsbS/?mibextid=wwXIfr,https://m.facebook.com/story.php?story_fbid=pfbid02phPyb2CTiw4U6NWAB9LMc91PFHpD2ZVN1uiVLydmFzEWWRedenPmT6zgdWk3DZhLl&id=100090894242559,Supalai Park Srinakarin
PTP5675,ชีท,19/10/2025,IDEO Mobi Rangnam (ไอดีโอ โมบิ รางน้ำ),คอนโด,Studio,35,29,"22,000","5,500,000",ราชเทวี พญาไท,"BTS อนุสาวรีย์ชัยสมรภูมิ, BTS พญาไท, ARL ราชปรารภ",https://www.livinginsider.com/istockdetail/DIoooI_CIDyoCj.html,,https://www.facebook.com/share/p/1BoHGXLPkA/?mibextid=wwXIfr,https://m.facebook.com/story.php?story_fbid=pfbid0DT6NuGaHAfGmm8Z8uWqZsh1PKfiG4mteTJpvFjFpa3SKo3MqSaicDxSrp47U6Zaul&id=100090894242559,
PTP5674,ชีท,19/10/2025,The Metro Rama 9 (เดอะ เมทโทร พระราม 9),บ้าน,3 Bed 3 Bath,165,3,"45,000","5,900,000","ลาดกระบัง สุวรรณภูมิ, พระราม 9, มักกะสัน","MRT พระราม 9, ARL มักกะสัน",https://www.livinginsider.com/istockdetail/DIoooI_CIDIybb.html,,https://www.facebook.com/share/p/1Bi6u3rqTE/?mibextid=wwXIfr,https://m.facebook.com/story.php?story_fbid=pfbid02LAs46bxrvbXAABrcQzJo173wz5LoZwgyJWKRBZaRufFmcTABHnUMC3M9azKFZ4hJl&id=100090894242559,
PTP5673,ชีท,19/10/2025,Noble Revolve Ratchada 2 (โนเบิล รีวอลฟ์ รัชดา 2),คอนโด,Studio,23,11,"14,000",,"รัชดา, ห้วยขวาง, พระราม 9","MRT ศูนย์วัฒนธรรมแห่งประเทศไทย, MRT พระราม 9",https://www.livinginsider.com/istockdetail/DIoooI_CIDjoCD.html,,https://www.facebook.com/share/p/1BCwf8f8tD/?mibextid=wwXIfr,https://m.facebook.com/story.php?story_fbid=pfbid02SD6mKKkzNDyf91CVNJksCFYnXgCxdxfUMZhoxQtPE6PrMMM7HHmSai8VwQ3sbpg4l&id=100090894242559,
PTP5672,ชีท,19/10/2025,Townhome Ladprao 35 (ทาวน์โฮม ลาดพร้าว 35),บ้าน,5 Bed 4 Bath,303,4,,"11,900,000","ลาดพร้าว, เจริญนคร","BTS กรุงธนบุรี, BTS เจริญนคร",https://www.livinginsider.com/istockdetail/DIoooI_CIDjbeC.html,,https://www.facebook.com/share/p/1J4bHXK6xj/?mibextid=wwXIfr,https://m.facebook.com/story.php?story_fbid=pfbid04EjCqcf2euj1VsU4VBczLySUQM5XMPzp3UCs1gS2rME4a8bXkN29DkYEU8dEVGnBl&id=100090894242559,
PTP5671,ชีท,19/10/2025,Baan Chan (บ้าน จันทร์),คอนโด,1 Bed 1 Bath,50,2,"26,000",,"ทองหล่อ, อโศก, สุขุมวิท, พร้อมพงษ์","BTS ทองหล่อ, BTS พร้อมพงษ์",https://www.livinginsider.com/istockdetail/DIoooI_IfCCyb.html,,https://www.facebook.com/share/p/1EUYSNwFht/?mibextid=wwXIfr,https://m.facebook.com/story.php?story_fbid=pfbid0CS7wd4f5giYFP1NH4FoKSwULcKwkZy8adzk4Dv43nhamjwjASujaFPYXyFQqTgXbl&id=100090894242559,
PTP5662,ชีท,18/10/2025,The Link Sukhumvit 50 (เดอะ ลิงค์ สุขุมวิท 50),คอนโด,1 Bed 1 Bath,43,3,"11,000",,"อ่อนนุช, อุดมสุข",BTS อ่อนนุช,https://www.livinginsider.com/istockdetail/DIoooI_CIDyefb.html,,https://www.facebook.com/share/p/17RdSfiHR4/?mibextid=wwXIfr,https://www.facebook.com/share/p/17cctKqUeQ/?mibextid=wwXIfr,
PTP5661,ชีท,18/10/2025,T.C. Green (ที.ซี. กรีน),คอนโด,1 Bed 1 Bath,41,30,"15,800",,"เพชรบุรีตัดใหม่, RCA, พระราม 9",MRT พระราม 9,https://www.livinginsider.com/istockdetail/DIoooI_CIoIbgI.html,,https://www.facebook.com/share/p/1HZ3nq6VPJ/?mibextid=wwXIfr,https://www.facebook.com/share/p/1BSXTKtidc/?mibextid=wwXIfr,
PTP5660,ชีท,18/10/2025,IDEO Sukhumvit 93 (ไอดีโอ สุขุมวิท 93 ),คอนโด,2 Bed 2 Bath,53,7,"28,000",,"บางจาก, พระโขนง, สุขุมวิท, อ่อนนุช, อุดมสุข","BTS บางจาก, BTS อ่อนนุช",https://www.livinginsider.com/istockdetail/DIoooI_CDgyyDe.html,,https://www.facebook.com/share/p/1GwziF7PHA/?mibextid=wwXIfr,https://www.facebook.com/share/p/1B8R9xeHE7/?mibextid=wwXIfr,
PTP5659,ชีท,18/10/2025,Life Sukhumvit 62 (ไลฟ์ สุขุมวิท 62),คอนโด,1 Bed 1 Bath,30,8,"16,000",,"อ่อนนุช, อุดมสุข, บางจาก, ปุณณวิถี, เจริญนคร","BTS บางจาก, BTS ปุณณวิถี, BTS กรุงธนบุรี",https://www.livinginsider.com/istockdetail/DIoooI_CyyIDbo.html,,https://www.facebook.com/share/p/19yBDosWSq/?mibextid=wwXIfr,https://www.facebook.com/share/p/1BJSJF72CH/?mibextid=wwXIfr,
PTP5658,ชีท,18/10/2025,Circle Condominium (เซอร์เคิล คอนโดมิเนียม),คอนโด,1 Bed 1 Bath,47.5,,"24,000",,"เพชรบุรีตัดใหม่, RCA, พระราม 9, มักกะสัน, นานา","ARL มักกะสัน, MRT เพชรบุรี, BTS นานา",https://www.livinginsider.com/istockdetail/DIoooI_CIDIefC.html,,https://www.facebook.com/share/p/14LZKwhuVt3/?mibextid=wwXIfr,https://www.facebook.com/share/p/17CdWsxesM/?mibextid=wwXIfr,
PTP5653,ชีท,18/10/2025,Life Asoke (ไลฟ์ อโศก),คอนโด,1 Bed 1 Bath,30,16,"18,000",,"อโศก, เพชรบุรีตัดใหม่, RCA, มศว ประสานมิตร, พระราม 9","MRT เพชรบุรี, ARL มักกะสัน, MRT พระราม 9",https://www.facebook.com/groups/456957028207473/permalink/1978744469362047/,https://www.facebook.com/iameve.nana/,https://www.facebook.com/share/p/19jaeNB6iV/?mibextid=wwXIfr,https://www.facebook.com/share/p/1B7Pb3uVhy/?mibextid=wwXIfr,Life asoke
PTP5651,ชีท,17/10/2025,Rhythm Sukhumvit 50 (ริทึ่ม สุขุมวิท 50),คอนโด,2 Bed 2 Bath,65.87,28,"45,000",,"อ่อนนุช, อุดมสุข",BTS อ่อนนุช,https://www.facebook.com/groups/456957028207473/permalink/1978058779430616/,https://www.facebook.com/tonia.rammdolt/,https://m.facebook.com/story.php?story_fbid=pfbid0C4VdDXP6q9DCnZ2WNkAwhc3tr4Q8XyC7mLbV7Nizqdi3ehoGKYLBuE2dktnUeoyJl&id=100082316815815,https://m.facebook.com/story.php?story_fbid=pfbid0ydVGUHirJeLG6H3gMnjfryZatT9U9PPk76nXV1N517EcCYyxAuvrW2KdbR4yU8o3l&id=100090894242559,Rhythm Sukhumvit 50
PTP5649,ชีท,17/10/2025,Supalai City Resort Ratchada - Huai Khwang (ศุภาลัย ซิตี้ รีสอร์ท รัชดา - ห้วยขวาง),คอนโด,1 Bed 1 Bath,46,2,"13,500",,"รัชดา, ห้วยขวาง","MRT ห้วยขวาง, MRT รัชดาภิเษก, MRT สุทธิสาร",https://www.facebook.com/groups/456957028207473/permalink/1978220236081137/,https://www.facebook.com/klitphop.ta/,https://m.facebook.com/story.php?story_fbid=pfbid0m6NHCALV4RBYzZLUc9tRqmfpB1xbZjuQY2DPCpxUyYrsNH2BMA1baKJBxgGsrRw1l&id=100082316815815,https://m.facebook.com/story.php?story_fbid=pfbid022YmHFfCd7iq2dRJsYBYFFmC6LcDPEZvMxd1ffAHH5R21qM2veDn737pg9SSD4dTbl&id=100090894242559,supalai city resort รัชดา ห้วยขวาง
PTP5648,ชีท,17/10/2025,Sky Walk Residence (สกาย วอร์ค เรสซิเดนซ์),คอนโด,1 Bed 1 Bath,54,28,"40,000",,พระโขนง,BTS พระโขนง,https://www.facebook.com/groups/456957028207473/permalink/1978517889384705/,https://www.facebook.com/guide.sangsaksri/,https://m.facebook.com/story.php?story_fbid=pfbid0SJT6oY5hvqc9xV2ecnQCSQ6XF5ugjAi58ycCAv5vVsCGQdbKzHz92TxoDZjQtzcdl&id=100082316815815,https://m.facebook.com/story.php?story_fbid=pfbid02yVqqe7dZiwhFuUebJrbR7PaZRjRrVA3eKzQumKHzWTLLADZpapDc1qsb2ohQK6aEl&id=100090894242559,Sky Walk Residences
PTP5643,ชีท,17/10/2025,The Room BTS Wongwian Yai (เดอะ รูม บีทีเอส วงเวียนใหญ่),คอนโด,1 Bed 1 Bath,48,16,"21,000",,"เจริญนคร, วงเวียนใหญ่","BTS วงเวียนใหญ่, BTS กรุงธนบุรี, BTS โพธิ์นิมิตร",https://www.livinginsider.com/istockdetail/DIoooI_CCgyyCe.html,,https://m.facebook.com/story.php?story_fbid=pfbid02f2pUUYwoCoYHpVzacG41QbjbUSfsJ6ZtubNVj37BchedLhqPZFwMUKxHWsq7WoSJl&id=100082316815815,https://m.facebook.com/story.php?story_fbid=pfbid05dDNnohRfSMtWFbvzmTQiyNht1GEU6fUX1UfU33zgiFq6barsEJkitiAQZudUXo5l&id=100090894242559,
PTP5642,ชีท,17/10/2025,Chapter Charoennakhon - Riverside (แชปเตอร์ เจริญนคร - ริเวอร์ไซต์),คอนโด,Studio,25,26,"18,500",,"เจริญนคร, วงเวียนใหญ่",BTS กรุงธนบุรี,https://www.livinginsider.com/istockdetail/DIoooI_CoIyDjb.html,,https://m.facebook.com/story.php?story_fbid=pfbid0hqYStWm44ywrnhEy3iUJVA2uQNkLG5uAT8acuR9EAKWGLkSHULv4KY9PGeH38T6bl&id=100082316815815,https://m.facebook.com/story.php?story_fbid=pfbid09dwXYh3A1z2s7i5EkrRRghbraxTk3CAYVUxusDsorpdFZXZuUrXLTrCB6FEWtZc1l&id=100090894242559,
PTP5641,ชีท,17/10/2025,Belle Grand Rama 9 (Belle Avenue) (เบล แกรนด์ พระราม 9 (เบล อเวนิว)),คอนโด,2 Bed 2 Bath,98,,"40,000",,"เพชรบุรีตัดใหม่, RCA, พระราม 9, ห้วยขวาง","MRT พระราม 9, MRT ศูนย์วัฒนธรรมแห่งประเทศไทย",https://www.livinginsider.com/istockdetail/DIoooI_bDfIIjb.html,,https://m.facebook.com/story.php?story_fbid=pfbid0n2yNbVhoF34QwXjSPEQaDNhT7RvvbDV944YrATt36VrzWW4YoY1hyLyEFjeDZ47Kl&id=100082316815815,https://m.facebook.com/story.php?story_fbid=pfbid037ZUpowQX15xNuWukN6j6sYyBnbpYgUBRBNnE9mTJ2AdrwGmVTLX1nr3kPo1nP1oJl&id=100090894242559,
PTP5639,ชีท,17/10/2025,The Coast Bangna (เดอะ โคสต์ บางนา),คอนโด,3 Bed 2 Bath,92,39,"65,000",,"บางนา, เจริญนคร","BTS บางนา, BTS กรุงธนบุรี, BTS เจริญนคร",https://www.livinginsider.com/istockdetail/DIoooI_CDogfjf.html,,https://m.facebook.com/story.php?story_fbid=pfbid0WE3X8fJvozq9p99nQZcPF6PszVmDnDSEYteBF5VcydprNQjaWrfjGZ2MJ3b7AQD5l&id=100082316815815,https://m.facebook.com/story.php?story_fbid=pfbid0RnJs9bmuhSwe1BkjejQZiXEcoM5GWuW8T6ngH6zskuHBFWdhDHRemfqC5nMqDvCKl&id=100090894242559,
PTP5638,ชีท,17/10/2025,Baan Klang Muang Ladprao-Serithai : บ้านกลางเมือง ลาดพร้าว-เสรีไทย,บ้าน,4 Bed 3 Bath,152,3,,"3,980,000","เสรีไทย-นิด้า, เจริญนคร","BTS กรุงธนบุรี, BTS เจริญนคร",https://www.livinginsider.com/istockdetail/DIoooI_Cfgjfgo.html,,https://m.facebook.com/story.php?story_fbid=pfbid02n35eWUZQjrymdosmQLhj2XN8VJjTBHXZM3EcWGQHZLd9VBtqk5qaxfgPWGM5KXUtl&id=100082316815815,https://m.facebook.com/story.php?story_fbid=pfbid02Hxybf6yGc4aifJSPpdXw8gF32N7YD8LiDXrJDHR3NTkAJcC4dr5VGjgWpx2cJXuFl&id=100090894242559,
PTP5637,ชีท,16/10/2025,Townhouse Ekamai 12 (ทาวน์เฮ้าส์ ซอยเอกมัย 12),คอนโด,3 Bed 2 Bath,180,2,,"16,000,000","ทองหล่อ, อโศก, สุขุมวิท, เอกมัย","BTS เอกมัย, BTS ทองหล่อ",https://www.livinginsider.com/istockdetail/DIoooI_CIDbCDI.html,,https://m.facebook.com/story.php?story_fbid=pfbid02eacFAgAnZCNPd8GXDyFsgBE3T4YAGrZGUzCU1QhMzdnYJrD3yAKqaVYXoTfee6Gtl&id=100082316815815,https://m.facebook.com/story.php?story_fbid=pfbid02mhK8nZK6s8MYEYBhLJPBiLX7cWX7fen2hedwoRioN7LsBRQ7ocmh66SJqvhhxWoEl&id=100090894242559,
PTP5636,ชีท,16/10/2025,IKON Sukhumvit 77 (ไอคอน สุขุมวิท 77),คอนโด,1 Bed 1 Bath,29,4,"13,000",,"อ่อนนุช, อุดมสุข",BTS อ่อนนุช,https://www.livinginsider.com/istockdetail/DIoooI_CyyDfob.html,,https://m.facebook.com/story.php?story_fbid=pfbid02nJoimBxkkGsTj57HFLmU6r7q38GncYYgwD2TyCt5mUWh8ZntfqAaLypkJyCXji5Jl&id=100082316815815,https://m.facebook.com/story.php?story_fbid=pfbid0aiwsDbjQr5M2EgKaDDYGL1LxJcZ2CVcTfjq8UHTgJYvfqrHo8y3fraftAvcEEvdhl&id=100090894242559,
PTP5629,ชีท,16/10/2025,IDEO Phaholyothin - Chatujak (ไอดีโอ พหลโยธิน - จตุจักร),คอนโด,1 Bed 2 Bath,27.66,16,"16,000","3,990,000",สะพานควาย จตุจักร,"BTS สะพานควาย, MRT กำแพงเพชร, MRT จตุจักร",https://www.livinginsider.com/istockdetail/DIoooI_CIDDyCg.html,,https://m.facebook.com/story.php?story_fbid=pfbid022DekPiqryJReSrwexHDydFiDjkt6DqnEyjSaL29xd8ghpJjr6ifsffu4cmtmiAMwl&id=100082316815815,https://m.facebook.com/story.php?story_fbid=pfbid033jnQHHevaL7vPy8eYyvB4RSHouwLANuzzyn7RzwRmiNpzteuR8hBuTsbj7nfRMail&id=100090894242559,Ideo พหล-จตุจักร
PTP5628,ชีท,16/10/2025,Supalai Prime Rama 9 (ศุภาลัย ไพร์ม พระราม 9),คอนโด,1 Bed 1 Bath,35,7,"16,000",,"เพชรบุรีตัดใหม่, RCA, พระราม 9, มักกะสัน","MRT พระราม 9, ARL มักกะสัน",https://www.livinginsider.com/istockdetail/DIoooI_CbgCCfC.html,,https://m.facebook.com/story.php?story_fbid=pfbid02YbDB2kiba6nhzhYkwGhxFtM6V4b6tTDuWAs44tKWR5KsvgCd595XeNG8XCzSzKoNl&id=100082316815815,https://m.facebook.com/story.php?story_fbid=pfbid0KZhLFvMtYXQhjWYRPnfHFG8bCvSyAYjewDxjMDdhYUvV6C8AtbVjjr6Nsg5XvHeQl&id=100090894242559,Supalai prime rama 9
PTP5626,ชีท,16/10/2025,IDEO Morph 38 (ไอดีโอ มอร์ฟ 38),คอนโด,Duplex 1 Bed 1 Bath,34,10,"32,000",,"ทองหล่อ, อโศก, สุขุมวิท, เอกมัย","BTS ทองหล่อ, BTS เอกมัย",https://www.facebook.com/groups/456957028207473/permalink/1975969732972854/,https://www.facebook.com/chai.kiat.3/,https://m.facebook.com/story.php?story_fbid=pfbid0h4z6hpq1HybEDms3yfe3ZGDsa8uvS2e6e4gSg5MfK4AusSEo7zA9mTk7Kp4uQNhhl&id=100082316815815,https://m.facebook.com/story.php?story_fbid=pfbid0QUjZNtDfb9ZwvgWF3PR1n43hWR87ouLkrWvPATtPjsYFo7z38TWopsaSnst8ScKAl&id=100090894242559,ไอดิโอ มอร์ฟ 38
PTP5621,ชีท,15/10/2025,MONIIQ Sukhumvit 64 (โมนีค สุขุมวิท 64),คอนโด,1 Bed 1 Bath,28,3,"8,000","2,090,000","อ่อนนุช, อุดมสุข, ปุณณวิถี, บางจาก, เจริญนคร","BTS ปุณณวิถี, BTS บางจาก, BTS กรุงธนบุรี",https://www.livinginsider.com/istockdetail/DIoooI_CIDCeey.html,,https://m.facebook.com/story.php?story_fbid=pfbid036np4wLoPnEVxRyLRy2N99K8yzMy26nHWUAZwvfr98c8Si9SS1McyPpzpvgkeYZyKl&id=100082316815815,https://m.facebook.com/story.php?story_fbid=pfbid02J7bvbQgARhX8CHrDZyQu6eTw5Acmk83qyKmmzfbYGJXGwQPNkkHBkpfUbaU2tEVUl&id=100090894242559,
PTP5620,ชีท,15/10/2025,333 Riverside (333 ริเวอร์ไซด์),คอนโด,2 Bed 2 Bath,86,24,"43,000",,"บางซื่อ วงศ์สว่าง เตาปูน, เจริญนคร","MRT บางโพ, BTS กรุงธนบุรี, BTS เจริญนคร",https://www.livinginsider.com/istockdetail/DIoooI_CIDCgfo.html,,https://m.facebook.com/story.php?story_fbid=pfbid0t9aQFrQi9AaKdyKNJ7stYc6x9VRNVGhPPxUYdWxC4TaD5AbwkYPLvPWfMUYghHwYl&id=100082316815815,https://m.facebook.com/story.php?story_fbid=pfbid028CHTQzNXcmQ13AuT4EMTYcw4gezt8cNNnZ5f4wLiuSjRp7sccf5n9k2dBCU4j5LMl&id=100090894242559,
PTP5619,ชีท,15/10/2025,Arden Village Pattanakarn 20 (อาร์เด้น พัฒนาการ 20),บ้าน,3 Bed 4 Bath,185,3.5,"55,000",,"พัฒนาการ ศรีนครินทร์, เจริญนคร","BTS กรุงธนบุรี, BTS เจริญนคร",https://www.livinginsider.com/istockdetail/DIoooI_CCyeyjj.html,,https://m.facebook.com/story.php?story_fbid=pfbid09gnC4j2CKLPvqvK7EHfCDgn2SWJJdte8YvUNMi1h8LA87WFEjXJJ6fiWVFRQAGRNl&id=100082316815815,https://m.facebook.com/story.php?story_fbid=pfbid0DK1UXdFFbBf6BWpMZY2wRR9qozf95Kb6prCEEpB2gjQns69L3vcFqMoN5sx6s6hil&id=100090894242559,
PTP5618,ชีท,15/10/2025,Lumpini Place Rama IX - Ratchada (ลุมพินี เพลส พระราม 9 - รัชดา),คอนโด,1 Bed 1 Bath,37,27,"16,000",,"เพชรบุรีตัดใหม่, RCA, พระราม 9",MRT พระราม 9,https://www.facebook.com/groups/456957028207473/permalink/1975405253029302/,https://www.facebook.com/BaiPloo/,https://m.facebook.com/story.php?story_fbid=pfbid0253gfvtpFYWUwcJrk5T9f27YVQGhQKJguJh9g5BhmsGKewUKLkmQRnBkRCmpwgwXVl&id=100082316815815,https://m.facebook.com/story.php?story_fbid=pfbid0oBNV31fUB3k41yTk2dxTuNQuYs44NgiR9UhoMytPQChM1rvErWLZvK8nPuCmxMGUl&id=100090894242559,ลุมพินีเพลสพระราม9-รัชดา
PTP5617,ชีท,15/10/2025,The Line Ratchathewi (เดอะ ไลน์ ราชเทวี),คอนโด,2 Bed 1 Bath,56,27,"42,000","16,900,000",ราชเทวี พญาไท,"BTS ราชเทวี, BTS พญาไท, BTS สยาม",https://www.facebook.com/groups/456957028207473/permalink/1900385083864653/,https://www.facebook.com/chanat.choochart1/,https://m.facebook.com/story.php?story_fbid=pfbid0R8JVdND37CAJhdym8tYEz5XSDoXH57vxEeYjh5VVjDU8DwkxWCoftJvatjeuuL2yl&id=100082316815815,https://m.facebook.com/story.php?story_fbid=pfbid02cNwXoHc3cYwT2WSu1KUwh6MhuFGF9FadjJJi9FQ8GKVBmYLhXdh7tuQp61sqSZcDl&id=100090894242559,The Line ราชเทวี
PTP5610,ชีท,15/10/2025,IDEO Sathorn - Wongwian Yai (ไอดีโอ สาทร - วงเวียนใหญ่),คอนโด,Studio,27,18,"13,800","3,400,000","เจริญนคร, วงเวียนใหญ่","BTS กรุงธนบุรี, BTS วงเวียนใหญ่, BTS เจริญนคร",https://www.livinginsider.com/istockdetail/DIoooI_CIbfjog.html,,https://m.facebook.com/story.php?story_fbid=pfbid03QEdPkSHk16qmPUG6bU6M112xpWQk3msxR1FjzCmGsVyTdoqxDDTdUT43KabKuC6l&id=100082316815815,https://m.facebook.com/story.php?story_fbid=pfbid06JrfK92WpdYzZY4kxRs41WP2YS2f98FxW1C23Fgu6SnSbSPNLsmivcJbZCeuqHEol&id=100090894242559,
PTP5609,ชีท,15/10/2025,Baan Klang Muang Rama 9 Soi 43 (บ้านกลางเมือง พระราม 9 ซอย 43),บ้าน,3 Bed 3 Bath,150,3,"25,000",,"พระราม 9, มักกะสัน","MRT พระราม 9, ARL มักกะสัน",https://www.livinginsider.com/istockdetail/DIoooI_CooyIfe.html,,https://m.facebook.com/story.php?story_fbid=pfbid02ZEfmu2xCAaoHK8WFt2wGm6JH5dnVZmvfo1wSGHjTBeL7WuCWFVpU5AfefVcvUmK4l&id=100082316815815,https://m.facebook.com/story.php?story_fbid=pfbid0347xC7xayMYs3V99VC2gvF5VtM5FygquVPcs8JDfUTMGAJaERgL8XgQt2aUehGeBBl&id=100090894242559,
PTP5608,ชีท,15/10/2025,Rhythm Asoke (ริทึ่ม อโศก),คอนโด,2 Bed 1 Bath,42,10,"28,000",,"เพชรบุรีตัดใหม่, RCA, พระราม 9, มักกะสัน","MRT พระราม 9, ARL มักกะสัน, MRT เพชรบุรี",https://www.livinginsider.com/istockdetail/DIoooI_CyyCggj.html,,https://m.facebook.com/story.php?story_fbid=pfbid02dHucTaejsaSJPSoysP5NHnv8jXKCAkSdj9hnUr9aAe6KFs2LkhgYpaU6Q7i9pdN3l&id=100082316815815,https://m.facebook.com/story.php?story_fbid=pfbid0xfTnDrGGNQLPfuYEuV3BWe7uzHd1Y4zrwX6zURMSAEYourYNBW5ZbvZukXhuxjqil&id=100090894242559,
PTP5607,ชีท,14/10/2025,The Livin Ramkhamhaeng (เดอะ ลิฟวิ่น รามคำแหง),คอนโด,1 Bed 1 Bath,32,,"13,000",,เจริญนคร,"BTS กรุงธนบุรี, BTS เจริญนคร",https://www.livinginsider.com/istockdetail/DIoooI_CIDCCDC.html,,https://m.facebook.com/story.php?story_fbid=pfbid0Un4TT6zwNtzQxcXKe4Kti47aHvkL6hiQpXQw6cBzV1qSmUk8fB62xRK9NYdsY7VDl&id=100082316815815,https://m.facebook.com/story.php?story_fbid=pfbid0yZSq15stSBKqXGiYhDP26HEaxmtox8P1GPgxoDfYZ4BWB8f6MEbM49LzkcdNgaHxl&id=100090894242559,
PTP5606,ชีท,14/10/2025,Life Asoke Rama 9 (ไลฟ์ อโศก - พระราม 9),คอนโด,Studio,28,21,"19,000",,"อโศก, เพชรบุรีตัดใหม่, RCA, มศว ประสานมิตร, พระราม 9","MRT พระราม 9, ARL มักกะสัน, MRT เพชรบุรี",https://www.livinginsider.com/istockdetail/DIoooI_bDgCofe.html,,https://m.facebook.com/story.php?story_fbid=pfbid0gptv1yYn1hBF7N1KLhAk8rkjMonaFcngj9a7HXgpPP1C8ZVRHvuWm8vimfyae323l&id=100082316815815,https://m.facebook.com/story.php?story_fbid=pfbid02Si38H9eTfj117WHYVH7zx4WMLA4TZC8GWrmC3c67zjqfCPgr6SreWeyWuqkszfXfl&id=100090894242559,
PTP5605,ชีท,14/10/2025,Baan Klang Krung Siam - Pathumwan (บ้าน กลางกรุง สยาม - ปทุมวัน),คอนโด,2 Bed 2 Bath,84,7,"38,000",,ราชเทวี พญาไท,"BTS ราชเทวี, BTS พญาไท, BTS สนามกีฬาแห่งชาติ",https://www.livinginsider.com/istockdetail/DIoooI_CygefbC.html,,https://m.facebook.com/story.php?story_fbid=pfbid02SPaeau6Ymo7vYni2VcXBw4Zc1K4w7Cgm85z6b38SQj28CL1aymuyHKfhEGaDJesPl&id=100082316815815,https://m.facebook.com/story.php?story_fbid=pfbid02g29pi1d5EsSt5YFy169kvFTywrdUME6D5DUU58TvEjkEZ7Ea6fXZS8EGqTHHEvy7l&id=100090894242559,
PTP5604,ชีท,14/10/2025,FLO by Sansiri (โฟล บาย แสนสิริ),คอนโด,Studio,24.75,12A,"15,000",,"เจริญนคร, วงเวียนใหญ่",BTS เจริญนคร,https://www.livinginsider.com/istockdetail/DIoooI_CIDCbCI.html,,https://m.facebook.com/story.php?story_fbid=pfbid02d8jWsKca3vDobtw5yrcD5hvAqFpjNFJu4mK6yhVnCCEsP1qfcFekbZbhih6BPZ83l&id=100082316815815,https://m.facebook.com/story.php?story_fbid=pfbid0MkpGyMbMVJrvwpnxtvusQnZrATPxeJRNTuJcAk5kdLjWZr4d4BD7n585mYuxPrMTl&id=100090894242559,
PTP5603,ชีท,14/10/2025,The Waterford Diamond (เดอะ วอเตอร์ ฟอร์ด ไดมอนด์ ),คอนโด,2 Bed 1 Bath,70,28,"36,000",,"ทองหล่อ, อโศก, สุขุมวิท, พร้อมพงษ์","BTS ทองหล่อ, BTS พร้อมพงษ์",https://www.facebook.com/groups/456957028207473/permalink/1975127423057085/,https://www.facebook.com/sitichaic/,https://m.facebook.com/story.php?story_fbid=pfbid0BX9ccRDP2h6HCdSTUAYtde7jF8dugHRf6386pk43SAFReoAPqfrjLfQ73ENBx6uBl&id=100082316815815,https://m.facebook.com/story.php?story_fbid=pfbid0Be92YdA4HVoqNBCzWRV7BZ3zAjiBnyvzNzaHL7PH3YvHzD5xFVV1FNP6znwFBXrrl&id=100090894242559,Waterford Diamond Sukhumvit 30/1
PTP5602,ชีท,14/10/2025,The Crest Sukhumvit 34 (เดอะ เครสท์ สุขุมวิท 34),คอนโด,Duplex 2 Bed 2 Bath,125.58,8-9,"65,000",,"ทองหล่อ, อโศก, สุขุมวิท, พร้อมพงษ์","BTS ทองหล่อ, BTS พร้อมพงษ์",https://www.facebook.com/groups/owneronly/permalink/819100847143795/,https://www.facebook.com/groups/627841492936399/user/61554466396542/,https://m.facebook.com/story.php?story_fbid=pfbid02DpVbYer39597VA5awxkrhvYYEE97MXSafNLbykdDEBNZYngKSqPgMbtR3pyHhBfVl&id=100082316815815,https://m.facebook.com/story.php?story_fbid=pfbid02NJNo8hp4MT14fRtsXz914K6Bbgq4YVAu3cDMgLpJRR7GSz2MBsLXuvtoG5pbXcR6l&id=100090894242559,The Crest Sukhumvit 34
PTP5595,ชีท,14/10/2025,Regent Home Sukhumvit 81 (รีเจ้นท์ โฮม สุขุมวิท 81),คอนโด,Studio,28,6,"13,500",,"อ่อนนุช, อุดมสุข",BTS อ่อนนุช,https://www.livinginsider.com/istockdetail/DIoooI_bIyfeyb.html,,https://m.facebook.com/story.php?story_fbid=pfbid02f8w4jj1fziUjxKs35DwTVGV8dK5ma7m1U8JjLNFy4sq7feJKNCyaHhkSLnPfrzNCl&id=100082316815815,https://m.facebook.com/story.php?story_fbid=pfbid02T5s5QJ6v24EcTy3JuYGbpU736rHeVkGr32MVLjXcxTPmjTAnWUsLRDuw59jTh7Sl&id=100090894242559,
PTP5594,ชีท,14/10/2025,Supalai Veranda Ramkhamhaeng (ศุภาลัย เวอเรนด้า รามคำแหง ),คอนโด,2 Bed 2 Bath,59,,"30,000",,"รามคำแหง, เจริญนคร","BTS กรุงธนบุรี, BTS เจริญนคร",https://www.livinginsider.com/istockdetail/DIoooI_CDygfIj.html,,https://m.facebook.com/story.php?story_fbid=pfbid02roP3GHUp9z6Urw4hEgcNjeZjwdDyXNnR37CKtfmzvRv6Xzv4VraKbrTAyxT53msql&id=100082316815815,https://m.facebook.com/story.php?story_fbid=pfbid02wCPLgH9U4Sv4Yu8E1qmAh8YmUrfs9gBP8u3cGR6s5hoM8T9YsY15XkVhQtxLDEtNl&id=100090894242559,
PTP5593,ชีท,14/10/2025,Monterey Place Sukhumvit 16 (มอนเทอเรย์ เพลส สุขุมวิท 16),คอนโด,1 Bed 1 Bath,58,10,"19,000",,"ทองหล่อ, อโศก, สุขุมวิท","BTS อโศก, MRT สุขุมวิท",https://www.livinginsider.com/istockdetail/DIoooI_CyyDooy.html,,https://m.facebook.com/story.php?story_fbid=pfbid0qVUpFRCWXkDFDi2rXqRW8xgetbKfFXAoJLLE7nxXukUVoQxAh4TfuaoxfqUngXzRl&id=100082316815815,https://m.facebook.com/story.php?story_fbid=pfbid02GBYzy13CF2FQCYxbZszbYddiBZKYWgarQ8iyNkxKRR1d9tKBZNHyqSU6wAzCmqFal&id=100090894242559,
PTP5590,ชีท,13/10/2025,Maestro 39 (มาเอสโตร 39),คอนโด,2 Bed 2 Bath,60,3,"37,000",,"ทองหล่อ, อโศก, สุขุมวิท, พร้อมพงษ์",BTS พร้อมพงษ์,https://www.livinginsider.com/istockdetail/DIoooI_bDoegDb.html,,https://m.facebook.com/story.php?story_fbid=pfbid0wFE66mfmdMe6fPuUjvSkbbPx3S7SZohuxTU3d8Vi4HcR7zkp8T9Jh1XThGDDaqjTl&id=100082316815815,https://m.facebook.com/story.php?story_fbid=pfbid0nvQeimz9JhtZzfSmsaB8rvitVXvvGn2cXfrAYX2cb6redfuLNcPBWMG4tjrN4ifrl&id=100090894242559,
PTP5589,ชีท,13/10/2025,Emerald Residence Ratchada (เอมเมอรัลด์ เรสซิเดนท์ รัชดา),คอนโด,1 Bed 1 Bath,25,1,"11,000","8,500,000","รัชดา, ห้วยขวาง","MRT ห้วยขวาง, MRT ศูนย์วัฒนธรรมแห่งประเทศไทย",https://www.livinginsider.com/istockdetail/DIoooI_beboogI.html,,https://m.facebook.com/story.php?story_fbid=pfbid02EFwSJe4RcL1zhbXLFWmnukJHwyMd3KaSS6Uz7L27dSjm3b9edRrx8xzECBmsTs3el&id=100082316815815,https://m.facebook.com/story.php?story_fbid=pfbid021WNMPQdkXgwVtf9nVc1tCfsx6Tc95xvUpXnkNMuVLg2624dXQEvpjvJoJik8TSyBl&id=100090894242559,
PTP5583,ชีท,13/10/2025,Noble Revolve Ratchada 2 (โนเบิล รีวอลฟ์ รัชดา 2),คอนโด,2 Bed 2 Bath,52,10,"30,000",,"รัชดา, ห้วยขวาง, พระราม 9","MRT ศูนย์วัฒนธรรมแห่งประเทศไทย, MRT พระราม 9",https://www.facebook.com/groups/257610507978700/permalink/2226758961063835/?sale_post_id=2226758961063835,https://www.facebook.com/pimm.phapornpobparkkakun/,https://m.facebook.com/story.php?story_fbid=pfbid02Mhs9JC35Jyrh7sCEnZZpAWMavGrMvs63kxvcHJy7GwSbz26zoqWrPjr44KDQaNY3l&id=100082316815815,https://m.facebook.com/story.php?story_fbid=pfbid03iFigiguF6T824VzY5UQStCdW1DHtvdxAu1uCMon495M2B2c2Xf3SxV6tb7iapXgl&id=100090894242559,Noble Revolve 2
PTP5581,ชีท,13/10/2025,Chewathai Residence Asoke (ชีวาทัย เรสซิเดนซ์ อโศก),คอนโด,Duplex 1 Bed 1 Bath,39,11,"25,000",,"เพชรบุรีตัดใหม่, RCA, พระราม 9, มักกะสัน","MRT พระราม 9, ARL มักกะสัน, MRT เพชรบุรี",https://www.facebook.com/groups/456957028207473/permalink/1973626876540473/,https://www.facebook.com/guinnoi/,https://m.facebook.com/story.php?story_fbid=pfbid0719spyxx2xKzThzS6ChQf8avDsHfMQX8Az7XQ8d7FuaWgsgAt4rQtkoWceZU9BCkl&id=100082316815815,https://m.facebook.com/story.php?story_fbid=pfbid02kmFcZJAFxoyd5ZpRLHgqTcCdGbXuWUJrXfB8P7TX5dhGxSURpoNWCnwJ6ATGmo1Al&id=100090894242559,Chewathai residence asoke
PTP5580,ชีท,13/10/2025,S1 Rama 9 (เอส วัน พระราม 9),คอนโด,Studio,32,3,"10,000",,"พระราม 9, มักกะสัน","MRT พระราม 9, ARL มักกะสัน",https://www.facebook.com/groups/456957028207473/permalink/1973638013206026/,https://www.facebook.com/nantha.neeranatpuree/,https://m.facebook.com/story.php?story_fbid=pfbid0fuvnVDDt5MqkR1TMTHDRoqBFxb9EHHoJMy5KxPDvLTiYuxsQ5nRDeV86iSkGjNLHl&id=100082316815815,https://m.facebook.com/story.php?story_fbid=pfbid036ZAFDYBN4LewjGb8xAuSJRzBxzYL7THYLEs3kmiyntZwVjCZwfBXXMVoQDL57fykl&id=100090894242559,S1 Rama9
PTP5577,ชีท,12/10/2025,The Unique Ladprao 26 (เดอะ ยูนีค ลาดพร้าว 26),คอนโด,2 Bed 1 Bath,39,4,"16,000",,ลาดพร้าว,"MRT ลาดพร้าว, BTS ห้าแยกลาดพร้าว",https://www.facebook.com/groups/456957028207473/permalink/1973447863225041/,https://www.facebook.com/wiew.puk/,https://www.facebook.com/share/p/1ZuN4W4spa/?mibextid=wwXIfr,https://www.facebook.com/share/p/17Vvquixf1/?mibextid=wwXIfr,The Unique ลาดพร้าว 26
PTP5563,ชีท,12/10/2025,The Base Rama 9 - Ramkhamhaeng (เดอะ เบส พระราม 9 - รามคำแหง),คอนโด,1 Bed 1 Bath,25.5,32,"10,000",,"เพชรบุรีตัดใหม่, RCA, พระราม 9, รามคำแหง",ARL รามคำแหง,https://www.livinginsider.com/istockdetail/DIoooI_CIDofjj.html,,https://www.facebook.com/share/p/1BduJxnh7t/?mibextid=wwXIfr,https://www.facebook.com/share/p/17iGqP99Cu/?mibextid=wwXIfr,
PTP5562,ชีท,11/10/2025,42 Grand Residence (42 แกรนด์ เรสซิเดนซ์),คอนโด,1 Bed 1 Bath,70,,"42,000",,"อ่อนนุช, อุดมสุข, เจริญนคร","BTS กรุงธนบุรี, BTS เจริญนคร",https://www.livinginsider.com/istockdetail/DIoooI_CyIIbbI.html,,https://www.facebook.com/share/p/1ABDcnj5kg/?mibextid=wwXIfr,https://www.facebook.com/share/p/19pc4zzszm/?mibextid=wwXIfr,
PTP5556,ชีท,11/10/2025,Bangkok Garden (บางกอก การ์เด้น),คอนโด,2 Bed 2 Bath,105,,"46,999",,"พระราม 3 สาธุประดิษฐ์, เจริญนคร","BTS กรุงธนบุรี, BTS เจริญนคร",https://www.livinginsider.com/istockdetail/DIoooI_CgIfbgf.html,,https://www.facebook.com/share/p/1FmTsyu65e/?mibextid=wwXIfr,https://www.facebook.com/share/p/1CzxkfFJSw/?mibextid=wwXIfr,
PTP5555,ชีท,11/10/2025,Supalai City Resort Ratchayothin (ศุภาลัย ซิตี้ รีสอร์ท รัชโยธิน),คอนโด,2 Bed 2 Bath,66,,"22,000",,เจริญนคร,"BTS กรุงธนบุรี, BTS เจริญนคร",https://www.livinginsider.com/istockdetail/DIoooI_CICyDeo.html,,https://www.facebook.com/share/p/16c8UXS5kd/?mibextid=wwXIfr,https://www.facebook.com/share/p/1BdZwCouBe/?mibextid=wwXIfr,
PTP5554,ชีท,11/10/2025,The Lumpini 24 (เดอะ ลุมพินี 24),คอนโด,2 Bed 2 Bath,55.02,30,"45,000",,"ทองหล่อ, อโศก, สุขุมวิท, ลุมพินี, สีลม","MRT ลุมพินี, BTS ศาลาแดง",https://www.livinginsider.com/istockdetail/DIoooI_CICgDbD.html,,https://www.facebook.com/share/p/17Xq2z9Ujd/?mibextid=wwXIfr,https://www.facebook.com/share/p/1D4o5Lahp6/?mibextid=wwXIfr,
PTP5553,ชีท,11/10/2025,IDEO Q Sukhumvit 36 (ไอดีโอ คิว สุขุมวิท 36),คอนโด,2 Bed 1 Bath,53,29,"44,500",,"ทองหล่อ, อโศก, สุขุมวิท, พร้อมพงษ์","BTS พร้อมพงษ์, BTS ทองหล่อ",https://www.livinginsider.com/istockdetail/DIoooI_bejCybj.html,,https://www.facebook.com/share/p/1Au6xYodrV/?mibextid=wwXIfr,https://www.facebook.com/share/p/1CHsgwMF1C/?mibextid=wwXIfr,
PTP5552,ชีท,11/10/2025,Edge Sukhumvit 23 (เอดจ์ สุขุมวิท 23),คอนโด,1 Bed 1 Bath,31,6,"23,000",,"ทองหล่อ, อโศก, สุขุมวิท, นานา","BTS อโศก, MRT สุขุมวิท, BTS นานา",https://www.livinginsider.com/istockdetail/DIoooI_bIeDoIb.html,,https://www.facebook.com/share/p/19tUrMGJjK/?mibextid=wwXIfr,https://www.facebook.com/share/p/1CwTxLKv9v/?mibextid=wwXIfr,
PTP5551,ชีท,11/10/2025,Supalai Veranda Ramkhamhaeng (ศุภาลัย เวอเรนด้า รามคำแหง ),คอนโด,Studio,28,,"10,500","2,300,000","รามคำแหง, เจริญนคร","BTS กรุงธนบุรี, BTS เจริญนคร",https://www.livinginsider.com/istockdetail/DIoooI_CICIygb.html,,https://www.facebook.com/share/p/1JeCxCR9Tf/?mibextid=wwXIfr,https://www.facebook.com/share/p/1BPuUg8uNj/?mibextid=wwXIfr,
PTP5547,ชีท,09/10/2025,Elio Del Nest (เอลลิโอ เดล เนสท์),คอนโด,1 Bed 1 Bath,25,21,"12,000",,"อ่อนนุช, อุดมสุข",BTS อุดมสุข,https://www.facebook.com/groups/456957028207473/permalink/1970733876829773/,https://www.facebook.com/jaae.yindee/,https://www.facebook.com/share/p/1FGWJ67aud/?mibextid=wwXIfr,,Elio Del Nest อุดมสุข
PTP5546,ชีท,09/10/2025,IDEO Sukhumvit - Rama 4 (ไอดีโอ สุขุมวิท - พระราม 4),คอนโด,1 Bed 1 Bath,30,10,"22,900",,"คลองเตย กล้วยน้ำไท, พระโขนง, เอกมัย","BTS พระโขนง, BTS เอกมัย",https://www.livinginsider.com/istockdetail/DIoooI_Cffffyf.html,,https://www.facebook.com/share/p/17Ve6kD6Nx/?mibextid=wwXIfr,https://m.facebook.com/story.php?story_fbid=pfbid022zCsfJ21C4nrhB1g9iGaa8q9PjGD6fsa8Z783fFPeJ8uUXFzM23XmtmPw9zTBqjXl&id=100090894242559,
PTP5545,ชีท,09/10/2025,IDEO Mobi Sukhumvit 81 (ไอดีโอ โมบิ สุขุมวิท 81),คอนโด,Studio,23,12,"13,000",,"อ่อนนุช, อุดมสุข, บางจาก","BTS อ่อนนุช, BTS บางจาก",https://www.livinginsider.com/istockdetail/DIoooI_CICeDef.html,,https://m.facebook.com/story.php?story_fbid=pfbid0nmEQX77NSrrCjzbgZNmdqxepd3WVmVm28qnnqtaApFiKJFXDmHfBzCNMDtiUihLYl&id=100082316815815,https://m.facebook.com/story.php?story_fbid=pfbid0cJMMi7gsLYAx37mqAYtELn5AQbZZNZtFeYCveqoBJG1tVbWobHQfV96gHcYJSS2sl&id=100090894242559,
PTP5544,ชีท,09/10/2025,Centric Huai Khwang Station (เซ็นทริค ห้วยขวาง สเตชั่น),คอนโด,1 Bed 1 Bath,32,14,"17,000",,"รัชดา, ห้วยขวาง, เจริญนคร","BTS กรุงธนบุรี, BTS เจริญนคร, MRT ห้วยขวาง",https://www.livinginsider.com/istockdetail/DIoooI_CICfIee.html,,https://m.facebook.com/story.php?story_fbid=pfbid02PY8BbDCHR316BFsAGmfq5MQDWEpH4CbcoKh7wYbDbVG9HULNz28pMbythFcG1wnMl&id=100082316815815,https://m.facebook.com/story.php?story_fbid=pfbid0X12yw3WAk4iMaKfn71pE7szt2tDLoS1psthahxskHmdQMYBUeCuJ7jRRi29qcof1l&id=100090894242559,
PTP5543,ชีท,09/10/2025,อาคารพาณิชย์ สุขุมวิท 46 (ซอยภูมิจิตร),บ้าน,2 Bed 2 Bath,56,2,"25,000",,"คลองเตย กล้วยน้ำไท, เจริญนคร","BTS กรุงธนบุรี, BTS เจริญนคร",https://www.livinginsider.com/istockdetail/DIoooI_CICgyjC.html,,https://m.facebook.com/story.php?story_fbid=pfbid02KWdh9ua8ZULZLhmEKSBjKxhNGTqgMoUVw3yNWsUJJzXyqzyCZG3Gi2HwDELJrBeWl&id=100082316815815,https://m.facebook.com/story.php?story_fbid=pfbid0dGA9kuzoaEdbZGFtDtRFe5ax42cJLhG7xZs5uue8jsBVkyUuGgvf9C5iBiN7DQs6l&id=100090894242559,
PTP5541,ชีท,09/10/2025,The Room Sukhumvit 62 (เดอะ รูม สุขุมวิท 62),คอนโด,1 Bed 1 Bath,45,11,"20,000",,เจริญนคร,"BTS กรุงธนบุรี, BTS เจริญนคร",https://www.facebook.com/groups/423361974778083/permalink/2306105816503680/?sale_post_id=2306105816503680,https://www.facebook.com/miann.kanyarat/,https://m.facebook.com/story.php?story_fbid=pfbid0GVTk3HWtjJgT811TFDNGBBq8tb2Rg7b3VqAqZGv7Y8JUxL7eLVHrmFELGsuM8DShl&id=100082316815815,https://m.facebook.com/story.php?story_fbid=pfbid02sRrV5L5qMWZWS4ZLAva4vzemyUT243tze6rYpy35sC5tnyKbuYZtA8Ci8yKMyCTdl&id=100090894242559,เดอะรูม สุขุมวิท 62
PTP5540,ชีท,09/10/2025,Lumpini Ville Phahol–Sutthisan (ลุมพินี วิลล์ พหล–สุทธิสาร),คอนโด,1 Bed 1 Bath,30.7,7,"12,000",,เจริญนคร,"BTS กรุงธนบุรี, BTS เจริญนคร",https://www.livinginsider.com/istockdetail/DIoooI_CICgCbg.html,https://www.facebook.com/profile.php?id=61568825147975,https://m.facebook.com/story.php?story_fbid=pfbid02paWXWVR3oXDFKeiMwsfRYJ4LSKaKLn9Tvog6ogGRmQPaFFFtKEjRjidNiZNKbc6Ql&id=100082316815815,https://m.facebook.com/story.php?story_fbid=pfbid02TmJRzCaKc25VUquWjUXGTGFKGuNp6Q47Jgv7oDGBUnBM3cFqiqXYA89w43NVLPJfl&id=100090894242559,
PTP5523,ชีท,08/10/2025,Thonglor Tower (ทองหล่อ ทาวเวอร์),คอนโด,Duplex 2 Bed 2 Bath,100,17,"40,000",,ทองหล่อ,"BTS ทองหล่อ, BTS เอกมัย",https://www.livinginsider.com/istockdetail/DIoooI_CICeejD.html,,https://www.facebook.com/share/p/1JFPvDRRWw/?mibextid=wwXIfr,https://www.facebook.com/share/p/1D3pqzDzt5/?mibextid=wwXIfr,
PTP5522,ชีท,08/10/2025,SOHO BANGKOK RATCHADA (โซโห​ แบงค็อก​ รัชดา),คอนโด,1 Bed 1 Bath,38.15,18,"30,000","6,690,000","รัชดา, ห้วยขวาง",MRT ห้วยขวาง,https://www.livinginsider.com/istockdetail/DIoooI_CygCCIo.html,,https://www.facebook.com/share/p/1Ba29aDNtq/?mibextid=wwXIfr,https://www.facebook.com/share/p/1EGuwDRKmf/?mibextid=wwXIfr,
PTP5521,ชีท,08/10/2025,Building near BTS Victory Monument (ตึกสำนักงาน/ร้านค้า ใกล้ BTS อนุสาวรีย์ชัยสมรภูมิ),บ้าน,2 Bed 2 Bath,136,2,"80,000",,"ราชเทวี พญาไท, เจริญนคร","BTS กรุงธนบุรี, BTS เจริญนคร",https://www.livinginsider.com/istockdetail/DIoooI_CCejfge.html,,https://www.facebook.com/share/p/17KZ581vtP/?mibextid=wwXIfr,https://www.facebook.com/share/p/1AAs5198fs/?mibextid=wwXIfr,
PTP5520,ชีท,08/10/2025,Langsuan Ville (หลังสวน วิลล์),คอนโด,2 Bed 2 Bath,160,24,"68,000","27,900,000","วิทยุ, ชิดลม, หลังสวน, เพลินจิต","BTS ราชดำริ, BTS ชิดลม, BTS เพลินจิต",https://www.livinginsider.com/istockdetail/DIoooI_CICDeIo.html,,https://www.facebook.com/share/p/1Fjaq4wD6Q/?mibextid=wwXIfr,https://www.facebook.com/share/p/1DQGobAaXi/?mibextid=wwXIfr,
PTP5518,ชีท,08/10/2025,Life Sukhumvit 48 (ไลฟ์ สุขุมวิท 48),คอนโด,2 Bed 1 Bath,50,27,"27,000",,"อ่อนนุช, อุดมสุข, พระโขนง","BTS พระโขนง, BTS อ่อนนุช",https://www.livinginsider.com/istockdetail/DIoooI_CbgffDC.html,,https://m.facebook.com/story.php?story_fbid=pfbid0eVadokg7D59x5GdnjpGNC53sQyUJDbJNQbMqQByqG2kdBPp5C9wZfdyhuvo15nP3l&id=100082316815815,https://www.facebook.com/share/p/1DVanciCzP/?mibextid=wwXIfr,
PTP5517,ชีท,07/10/2025,Lumpini Suite Phetchaburi - Makkasan (ลุมพินี สวีท เพชรบุรี - มักกะสัน),คอนโด,Studio,24,,,"3,195,000","เพชรบุรีตัดใหม่, RCA, พระราม 9, มักกะสัน, เพลินจิต","ARL มักกะสัน, MRT เพชรบุรี, BTS เพลินจิต",https://www.livinginsider.com/istockdetail/DIoooI_bDogyjf.html,,https://m.facebook.com/story.php?story_fbid=pfbid037oTH9phMvFmERNDo9nzTwrM1cxZdWy42DMvjj6t4HGoPsQgaQLRLawUSWscghpnul&id=100082316815815,https://www.facebook.com/share/p/1HkpFxphGL/?mibextid=wwXIfr,
PTP5516,ชีท,07/10/2025,The Tree Sukhumvit 71 - Ekamai (เดอะ ทรี สุขุมวิท 71 - เอกมัย),คอนโด,1 Bed 1 Bath,26.81,31,"13,000",,"เพชรบุรีตัดใหม่, RCA, พระราม 9, รามคำแหง",ARL รามคำแหง,https://www.livinginsider.com/istockdetail/DIoooI_bIbIoCy.html,,https://m.facebook.com/story.php?story_fbid=pfbid0ZiqnLxY6szqnv6sEg2Jt7z481Xr7y6XWxvTpjVfVb3vUAwYtvPXMqXWD9EzgcPP1l&id=100082316815815,https://www.facebook.com/share/p/1CuyaU4n9d/?mibextid=wwXIfr,
PTP5515,ชีท,07/10/2025,Emerald Residence Ratchada (เอมเมอรัลด์ เรสซิเดนท์ รัชดา),คอนโด,1 Bed 1 Bath,32.46,7,"13,000",,"รัชดา, ห้วยขวาง","MRT ห้วยขวาง, MRT ศูนย์วัฒนธรรมแห่งประเทศไทย",https://www.livinginsider.com/istockdetail/DIoooI_CDeDojj.html,,https://www.facebook.com/share/p/1CrUZST9Lf/?mibextid=wwXIfr,https://www.facebook.com/share/p/1Fpfx1xk2k/?mibextid=wwXIfr,
PTP5514,ชีท,07/10/2025,Lumpini Place Rama 4 – Ratchadaphisek (ลุมพินี เพลส พระราม 4 – รัชดาภิเษก),คอนโด,1 Bed 1 Bath,29,3,"16,000",,"คลองเตย กล้วยน้ำไท, เจริญนคร","MRT ศูนย์ประชุมแห่งชาติสิริกิติ์, MRT คลองเตย, BTS กรุงธนบุรี",https://www.livinginsider.com/istockdetail/DIoooI_CIbjCoj.html,,https://www.facebook.com/share/p/1RQfZz9udN/?mibextid=wwXIfr,https://www.facebook.com/share/p/17H8PH2ShC/?mibextid=wwXIfr,
PTP5513,ชีท,07/10/2025,The President Sukhumvit 81 (เดอะ เพรสซิเดนท์ สุขุมวิท 81),คอนโด,1 Bed 1 Bath,35,4,"17,000",,"อ่อนนุช, อุดมสุข, บางจาก","BTS อ่อนนุช, BTS บางจาก",https://www.livinginsider.com/istockdetail/DIoooI_bfCDfbI.html,,https://www.facebook.com/share/p/1Cf84KyDs8/?mibextid=wwXIfr,https://www.facebook.com/share/p/16xVzwV1Dn/?mibextid=wwXIfr,
PTP5505,ชีท,07/10/2025,Altitude Kraf Bangna (อัลติจูด คราฟ บางนา),บ้าน,2 Bed 2 Bath,19.7,2,"22,000",,"บางนา, เจริญนคร","BTS กรุงธนบุรี, BTS เจริญนคร",https://www.livinginsider.com/istockdetail/DIoooI_CICCCfj.html,,https://m.facebook.com/story.php?story_fbid=pfbid0p5txNuexUyC9WjQMoL1HNZ1vuYFfGCyg86TQkUdcCrkKFtMuqGpYbRMoMxni3pAol&id=100082316815815,https://www.facebook.com/share/p/1CcMc9fV9q/?mibextid=wwXIfr,
PTP5503,ชีท,07/10/2025,หมู่บ้านเคหะธานี 4,บ้าน,2 Bed 1 Bath,40,1,,"2,850,000","มีนบุรี-ร่มเกล้า, เจริญนคร","BTS กรุงธนบุรี, BTS เจริญนคร",https://www.livinginsider.com/istockdetail/DIoooI_Cfgfeof.html,,https://www.facebook.com/share/p/17bikvrcVu/?mibextid=wwXIfr,https://www.facebook.com/share/p/1FXP22cYC4/?mibextid=wwXIfr,
PTP5357,ชีท,25/09/2025,,บ้าน,1 Bed 1 Bath,,,,,,,https://www.livinginsider.com/istockdetail/DIoooI_CybjeCf.html,,,,
PTP4734,ชีท,23/08/2025,Plum Condo Ramkhamhaeng Station (พลัม คอนโด รามคำแหง สเตชั่น),คอนโด,2 Bed 1 Bath,39.3,11,,,"เพชรบุรีตัดใหม่, RCA, พระราม 9, รามคำแหง","ARL รามคำแหง, MRT รามคำแหง",https://www.livinginsider.com/istockdetail/DIoooI_Cfyffyo.html,,https://www.facebook.com/share/p/16cD9iMDbP/,https://www.facebook.com/share/p/1GUGLNCXvh/,
PTP4958,ชีท,01/08/2025,,,,,,,,,,https://www.livinginsider.com/istockdetail/DIoooI_CyDfefe.html,,https://www.facebook.com/share/p/1HhLW7TF7H/?mibextid=wwXIfr,https://www.facebook.com/share/p/16pSTYLBW3/?mibextid=wwXIfr,
PTP1624,ชีท,02/05/2025,Wish Signature Midtown Siam (วิช ซิกเนเจอร์ มิดทาวน์ สยาม),คอนโด,1 Bed 1 Bath,35,18,,,"ราชเทวี พญาไท, เจริญนคร","BTS กรุงธนบุรี, BTS เจริญนคร, BTS ราชเทวี",,https://www.facebook.com/inthiramam?mibextid=LQQJ4d,https://www.facebook.com/share/p/s49bBUK1FJEYKy24/?mibextid=K35XfP,,
PTP3824,ชีท,19/03/2025,Noble Reveal (โนเบิล รีวิล),คอนโด,2 Bed 2 Bath,68,10,,,"ทองหล่อ, อโศก, สุขุมวิท, เอกมัย, พระโขนง","BTS เอกมัย, BTS ทองหล่อ, BTS พระโขนง",,https://www.facebook.com/lilin.pichitsurakij/,https://www.facebook.com/share/p/1HCjAt2FgY/,https://www.facebook.com/share/p/1Fq3n8xEhx/,
PTP2676,ชีท,30/10/2024,Rhythm Sukhumvit 50 (ริทึ่ม สุขุมวิท 50),คอนโด,1 Bed 1 Bath,45,,,,"อ่อนนุช, อุดมสุข",BTS อ่อนนุช,,https://www.facebook.com/kumpholo?mibextid=LQQJ4d,https://www.facebook.com/share/p/Fdiov18RBKGQ8QXc/?,https://www.facebook.com/share/p/19FgMzGVRM/,ทักถามราคา
PTP2420,ชีท,27/09/2024,Aspire Sukhumvit 48 (แอสปาย สุขุมวิท 48),คอนโด,1 Bed 1 Bath,,,,,"อ่อนนุช, อุดมสุข, พระโขนง","BTS พระโขนง, BTS อ่อนนุช",,https://www.facebook.com/jumy.nathkamolporn?mibextid=LQQJ4d,https://www.facebook.com/share/GaDXzyTYaCMk8ZAu/?mibextid=79PoIi,,ด่วนมาก
PTP2277,ชีท,04/09/2024,Nirunsiri Phase 1 (นิรันดร์สิริ เฟส 1),คอนโด,1 Bed 1 Bath,,,,,,,,https://www.facebook.com/niphon.rochanasilpee?mibextid=LQQJ4d,https://www.facebook.com/share/p/N7ZgmfZKRtL8QCsH/?mibextid=WC7FNe,,
PTP1416,ชีท,29/03/2024,CJ Premium Sukhumvit 36 (ซีเจ พรีเมี่ยม สุขุมวิท 36),คอนโด,1 Bed 1 Bath,,,,,"พร้อมพงษ์, สุขุมวิท, ทองหล่อ","BTS พร้อมพงษ์, BTS ทองหล่อ",,,https://m.facebook.com/story.php?story_fbid=pfbid0uJ6VP33FRSBT9VUCHfrGkndQdzxrstFXQHBMBfbWMcTW3Kbz4YsPYzAc2P6kxUDSl&id=100082316815815,https://m.facebook.com/story.php?story_fbid=pfbid0pztB428HMyUSeF5Pu3REJrb6VQTfvWUqqRotDRuobFcZe7g3JK3wfySzZzryckUQl&id=100090894242559,
PTP1394,ชีท,26/03/2024,ที่ดิน พระราม 9,อื่นๆ,,14*50,,,,"พระราม 9, มักกะสัน","MRT พระราม 9, ARL มักกะสัน",,https://www.facebook.com/liina.generation?mibextid=ZbWKwL,https://m.facebook.com/story.php?story_fbid=pfbid02dHhQwzaaZY69VeGSeT5CXEstY9uK5ZMaVDqV7MDfEG4vgiq5pCStb5LbHshBjqQkl&id=100082316815815,https://m.facebook.com/story.php?story_fbid=pfbid02dPPAPi8tqPLMvgUJnbnRx5umnirv8ht1wHRnsucsHVRPDejGN9Vhdip4jh2pV5qol&id=100090894242559,ที่ดินให้เช่าพระราม9
PTP6344,ชีท,,Thru Thonglor (ทรู ทองหล่อ),คอนโด,1 Bed 1 Bath,,,,,"ทองหล่อ, เพชรบุรีตัดใหม่, RCA, โรงพยาบาลกรุงเทพ, มศว ประสานมิตร","BTS ทองหล่อ, MRT เพชรบุรี, ARL มักกะสัน",,,,,
PTP6236,ชีท,,Thru Thonglor (ทรู ทองหล่อ),คอนโด,1 Bed 1 Bath,,,,,"ทองหล่อ, เพชรบุรีตัดใหม่, RCA, โรงพยาบาลกรุงเทพ, มศว ประสานมิตร","BTS ทองหล่อ, MRT เพชรบุรี, ARL มักกะสัน",,,,,
PTP6235,ชีท,,Thru Thonglor (ทรู ทองหล่อ),คอนโด,1 Bed 1 Bath,,,,,"ทองหล่อ, เพชรบุรีตัดใหม่, RCA, โรงพยาบาลกรุงเทพ, มศว ประสานมิตร","BTS ทองหล่อ, MRT เพชรบุรี, ARL มักกะสัน",,,,,
PTP1363,ชีท,,,คอนโด,,,,,,,,https://m.facebook.com/groups/354531458075665/permalink/2372176369644487/?mibextid=cr9u03,https://www.facebook.com/profile.php?id=100016766611425&mibextid=dGKdO6,,,Life Asoke
